,marital_status,app_mode,app_order,course,attendance,prev_edu,prev_grade,nationality,mom_edu,dad_edu,mom_job,dad_job,admission_grade,displaced,special_needs,debtor,fees_paid,gender,scholarship,age,international,sem1_credited,sem1_enrolled,sem1_evaluations,sem1_passed,sem1_grade,sem1_no_grade,sem2_credited,sem2_enrolled,sem2_evaluations,sem2_passed,sem2_grade,sem2_no_grade,unemployment,inflation,gdp,target,gender_label,international_label
0,1,17,5,171,1,1,122.0,1,19,12,5,9,127.3,1,0,0,1,1,0,20,0,0,0,0,0,0.0,0,0,0,0,0,0.0,0,10.8,1.4,1.74,Dropout,Male,Local
1,1,15,1,9254,1,1,160.0,1,1,3,3,3,142.5,1,0,0,0,1,0,19,0,0,6,6,6,14.0,0,0,6,6,6,13.666666666666666,0,13.9,-0.3,0.79,Graduate,Male,Local
2,1,1,5,9070,1,1,122.0,1,37,37,9,9,124.8,1,0,0,0,1,0,19,0,0,6,0,0,0.0,0,0,6,0,0,0.0,0,10.8,1.4,1.74,Dropout,Male,Local
3,1,17,2,9773,1,1,122.0,1,38,37,5,3,119.6,1,0,0,1,0,0,20,0,0,6,8,6,13.428571428571429,0,0,6,10,5,12.4,0,9.4,-0.8,-3.12,Graduate,Female,Local
4,2,39,1,8014,0,1,100.0,1,37,38,9,9,141.5,0,0,0,1,0,0,45,0,0,6,9,5,12.333333333333334,0,0,6,6,6,13.0,0,13.9,-0.3,0.79,Graduate,Female,Local
5,2,39,1,9991,0,19,133.1,1,37,37,9,7,114.8,0,0,1,1,1,0,50,0,0,5,10,5,11.857142857142858,0,0,5,17,5,11.5,5,16.2,0.3,-0.92,Graduate,Male,Local
6,1,1,1,9500,1,1,142.0,1,19,38,7,10,128.4,1,0,0,1,0,1,18,0,0,7,9,7,13.3,0,0,8,8,8,14.345,0,15.5,2.8,-4.06,Graduate,Female,Local
7,1,18,4,9254,1,1,119.0,1,37,37,9,9,113.1,1,0,0,0,1,0,22,0,0,5,5,0,0.0,0,0,5,5,0,0.0,0,15.5,2.8,-4.06,Dropout,Male,Local
8,1,1,3,9238,1,1,137.0,62,1,1,9,9,129.3,0,0,0,1,0,1,21,1,0,6,8,6,13.875,0,0,6,7,6,14.142857142857142,0,16.2,0.3,-0.92,Graduate,Female,International
9,1,1,1,9238,1,1,138.0,1,1,19,4,7,123.0,1,0,1,0,0,0,18,0,0,6,9,5,11.4,0,0,6,14,2,13.5,0,8.9,1.4,3.51,Dropout,Female,Local
10,1,1,1,9670,1,1,139.0,1,38,19,5,7,130.6,1,0,0,1,0,0,18,0,0,6,6,6,12.333333333333334,0,0,6,7,5,14.2,0,13.9,-0.3,0.79,Graduate,Female,Local
11,1,1,1,9500,1,1,136.0,1,19,38,9,9,119.3,1,0,0,1,0,1,18,0,0,8,8,7,13.214285714285714,0,0,8,8,7,13.214285714285714,0,12.7,3.7,-1.7,Graduate,Female,Local
12,1,1,2,9853,1,1,133.0,1,19,37,4,9,130.2,1,0,0,1,0,0,19,0,0,6,6,0,0.0,0,0,6,0,0,0.0,0,12.7,3.7,-1.7,Dropout,Female,Local
13,1,53,1,9254,1,42,110.0,1,1,1,4,7,111.8,1,0,0,1,0,1,21,0,0,6,7,6,10.571428571428571,0,0,6,8,5,11.0,0,8.9,1.4,3.51,Graduate,Female,Local
14,1,1,1,9085,1,1,149.0,1,38,37,5,5,137.1,1,0,0,1,0,1,18,0,0,5,7,4,13.25,0,0,5,5,5,12.0,0,10.8,1.4,1.74,Graduate,Female,Local
15,1,1,1,9773,1,1,127.0,1,19,37,9,3,120.7,1,0,0,1,0,0,20,0,0,6,6,5,13.2,0,0,6,7,0,0.0,0,15.5,2.8,-4.06,Dropout,Female,Local
16,1,18,1,9238,1,1,137.0,1,19,38,5,8,137.4,1,0,0,1,0,0,18,0,0,6,10,1,12.0,0,0,6,14,2,11.0,0,10.8,1.4,1.74,Enrolled,Female,Local
17,1,17,2,9500,1,1,135.0,1,19,1,5,4,127.3,1,0,0,1,0,0,18,0,0,7,8,7,13.30625,0,0,8,8,8,14.545,0,15.5,2.8,-4.06,Graduate,Female,Local
18,1,1,1,9130,1,1,137.0,1,3,19,3,5,136.3,1,0,0,1,0,0,20,0,0,5,8,4,12.5,1,0,5,8,4,12.25,2,10.8,1.4,1.74,Graduate,Female,Local
19,1,1,1,9853,1,1,140.0,1,19,19,7,7,124.6,1,0,0,1,0,0,18,0,0,7,7,6,11.666666666666666,0,0,7,8,6,13.5,0,16.2,0.3,-0.92,Enrolled,Female,Local
20,1,1,3,171,1,1,122.0,1,1,1,9,8,120.3,0,0,0,1,0,1,21,0,0,0,0,0,0.0,0,0,0,0,0,0.0,0,11.1,0.6,2.02,Graduate,Female,Local
21,1,18,4,9556,1,1,127.0,1,1,38,4,7,121.8,1,0,0,1,0,0,20,0,0,7,14,7,11.4375,0,0,8,9,8,11.425,0,12.7,3.7,-1.7,Enrolled,Female,Local
22,1,1,4,9500,1,1,142.0,1,19,19,1,1,125.5,1,0,0,1,0,0,18,0,0,8,12,7,12.857142857142858,0,0,8,12,7,12.857142857142858,0,12.7,3.7,-1.7,Graduate,Female,Local
23,1,1,4,9670,1,1,125.0,1,1,38,4,7,114.9,1,0,0,1,0,1,19,0,0,6,8,6,13.375,0,0,6,7,6,12.285714285714286,0,11.1,0.6,2.02,Graduate,Female,Local
24,1,1,1,9500,1,1,126.0,1,19,19,3,7,123.9,0,0,0,1,0,0,19,0,0,7,8,6,13.296666666666669,0,0,8,9,7,14.114285714285714,0,11.1,0.6,2.02,Graduate,Female,Local
25,1,1,1,9238,1,1,151.0,1,19,38,9,9,157.0,1,0,1,1,0,1,18,0,0,6,8,5,11.6,0,0,6,12,4,11.0,0,7.6,2.6,0.32,Enrolled,Female,Local
26,1,17,2,9238,1,1,115.0,1,19,38,7,8,116.4,1,0,0,1,0,0,21,0,0,6,9,6,11.375,0,0,6,9,6,13.285714285714286,0,16.2,0.3,-0.92,Graduate,Female,Local
27,1,1,1,9085,1,1,138.0,1,19,19,3,3,131.0,1,0,0,1,0,0,18,0,0,5,9,5,12.666666666666666,2,0,5,7,4,13.0,0,9.4,-0.8,-3.12,Enrolled,Female,Local
28,1,1,1,9147,1,1,135.0,1,19,1,9,9,122.1,1,0,0,1,0,0,20,0,0,5,6,5,12.0,0,0,5,6,5,12.333333333333334,0,16.2,0.3,-0.92,Graduate,Female,Local
29,1,17,2,9500,1,1,127.0,1,3,3,1,10,118.8,1,0,0,1,1,0,19,0,0,7,9,6,12.933333333333332,0,0,7,7,6,13.716666666666669,0,16.2,0.3,-0.92,Enrolled,Male,Local
30,1,44,1,9003,1,39,150.0,1,4,5,4,2,150.0,0,0,0,1,1,0,21,0,0,6,15,5,11.857142857142858,0,0,6,17,5,10.571428571428571,0,16.2,0.3,-0.92,Enrolled,Male,Local
31,1,51,1,9070,1,1,125.0,1,42,3,125,124,130.0,1,0,0,1,1,0,20,0,2,6,7,6,12.833333333333334,0,0,6,9,4,13.4,0,8.9,1.4,3.51,Graduate,Male,Local
32,1,1,1,9147,1,1,143.0,1,1,1,4,6,138.8,0,0,0,0,1,0,18,0,0,5,9,3,11.333333333333334,0,0,5,8,2,13.5,0,8.9,1.4,3.51,Enrolled,Male,Local
33,1,18,1,8014,0,1,138.0,1,19,1,9,5,134.5,1,0,0,1,0,0,19,0,0,6,6,6,12.666666666666666,0,0,6,8,6,14.375,0,12.4,0.5,1.79,Graduate,Female,Local
34,1,1,1,9991,0,1,130.0,1,2,37,3,9,131.4,0,0,0,1,1,0,34,0,0,5,6,5,12.4,0,0,5,9,5,13.428571428571429,0,13.9,-0.3,0.79,Graduate,Male,Local
35,1,39,1,33,1,1,130.0,1,38,37,9,6,102.5,0,0,1,0,1,0,37,0,0,7,7,0,0.0,0,0,7,7,1,10.0,0,8.9,1.4,3.51,Dropout,Male,Local
36,1,39,1,9119,1,10,133.1,1,34,37,0,0,128.8,1,0,0,1,1,0,43,0,0,5,0,0,0.0,0,0,5,0,0,0.0,0,7.6,2.6,0.32,Dropout,Male,Local
37,1,43,1,9147,1,1,140.0,1,37,37,6,6,122.9,0,0,0,1,0,0,55,0,0,5,10,1,10.0,0,0,5,8,2,12.0,2,16.2,0.3,-0.92,Dropout,Female,Local
38,4,39,1,9991,0,1,120.0,1,19,19,9,3,113.9,1,0,0,1,0,0,39,0,0,5,8,5,11.0,0,0,5,5,5,11.6,0,7.6,2.6,0.32,Graduate,Female,Local
39,1,44,1,9130,1,39,120.0,6,4,4,3,6,120.0,0,0,1,0,0,0,20,1,2,6,13,3,11.666666666666666,0,1,6,11,3,12.0,0,12.4,0.5,1.79,Dropout,Female,International
40,1,1,5,9773,1,1,126.0,1,3,3,2,2,121.1,0,0,1,1,0,0,18,0,0,6,6,4,12.75,0,0,5,5,0,0.0,0,12.7,3.7,-1.7,Dropout,Female,Local
41,1,1,2,9147,1,1,133.0,1,3,19,2,7,120.4,1,0,0,1,0,0,22,0,0,5,5,5,14.8,0,0,5,5,5,15.8,0,8.9,1.4,3.51,Graduate,Female,Local
42,1,1,6,9500,1,1,103.0,1,1,3,2,2,100.6,1,1,0,1,0,0,22,0,0,7,9,5,13.928,0,0,8,9,7,14.342857142857142,0,11.1,0.6,2.02,Graduate,Female,Local
43,1,17,1,9773,1,1,120.0,1,1,38,5,5,121.4,0,0,0,0,0,0,20,0,0,6,7,4,13.0,0,0,6,7,5,13.8,0,12.4,0.5,1.79,Dropout,Female,Local
44,1,39,1,9991,0,1,133.1,1,37,37,9,9,109.7,0,0,0,1,0,0,29,0,0,5,0,0,0.0,0,0,5,0,0,0.0,0,16.2,0.3,-0.92,Dropout,Female,Local
45,1,17,1,9991,0,1,154.0,1,38,38,4,5,134.1,0,0,0,1,0,0,24,0,0,5,9,2,11.5,0,0,5,11,3,14.333333333333334,1,7.6,2.6,0.32,Enrolled,Female,Local
46,1,17,2,9238,1,1,130.0,1,19,19,9,9,127.6,1,0,0,1,0,0,18,0,0,6,6,6,11.666666666666666,0,0,6,8,5,13.2,0,11.1,0.6,2.02,Graduate,Female,Local
47,1,17,6,9500,1,1,132.0,1,37,19,7,7,132.4,1,0,0,1,0,1,22,0,0,7,8,6,13.516666666666666,0,0,8,9,7,13.771428571428572,0,11.1,0.6,2.02,Graduate,Female,Local
48,1,44,1,8014,0,39,130.0,1,1,19,9,9,133.4,0,0,0,1,0,1,21,0,3,6,6,6,11.5,0,2,6,7,6,13.285714285714286,0,12.4,0.5,1.79,Graduate,Female,Local
49,1,1,1,9238,1,1,139.0,1,37,38,9,9,126.1,0,0,0,1,0,1,19,0,0,6,7,5,12.333333333333334,0,0,6,7,6,12.833333333333334,0,12.7,3.7,-1.7,Graduate,Female,Local
50,1,39,1,9254,1,1,130.0,1,19,38,9,7,113.5,0,0,0,1,0,1,24,0,0,6,6,6,13.666666666666666,0,0,6,6,6,14.166666666666666,0,12.4,0.5,1.79,Graduate,Female,Local
51,1,1,1,9500,1,1,139.0,1,37,38,6,6,121.3,1,0,0,1,0,1,19,0,0,8,10,6,11.833333333333334,0,0,8,10,6,11.833333333333334,0,9.4,-0.8,-3.12,Enrolled,Female,Local
52,1,1,1,9773,1,1,127.0,1,1,19,7,7,121.8,1,0,0,1,0,1,20,0,0,6,11,4,14.0,0,0,6,12,3,11.0,0,9.4,-0.8,-3.12,Enrolled,Female,Local
53,1,1,3,9130,1,1,167.0,1,37,37,90,90,159.3,0,0,0,1,0,0,19,0,0,5,7,5,14.714285714285714,0,0,5,5,5,15.8,0,7.6,2.6,0.32,Graduate,Female,Local
54,1,39,1,9991,0,1,130.0,1,38,38,9,9,120.0,0,0,0,1,0,0,27,0,0,5,12,5,10.6,0,0,5,10,5,11.0,0,9.4,-0.8,-3.12,Dropout,Female,Local
55,1,1,1,9500,1,1,130.0,1,1,19,5,5,129.1,1,0,0,1,0,0,18,0,0,7,9,7,13.044444444444444,0,0,8,10,8,13.595,0,15.5,2.8,-4.06,Graduate,Female,Local
56,2,7,1,9254,1,3,130.0,1,1,3,4,3,130.0,0,0,0,1,0,0,39,0,0,6,10,0,0.0,0,0,6,6,0,0.0,0,12.4,0.5,1.79,Dropout,Female,Local
57,1,39,1,9130,1,40,129.0,1,3,3,2,2,155.3,1,0,0,1,0,0,27,0,0,6,9,5,13.0,0,5,11,13,10,12.9,0,12.4,0.5,1.79,Dropout,Female,Local
58,1,17,1,9500,1,1,141.0,1,38,38,7,10,139.8,1,0,0,1,0,0,18,0,0,8,8,8,14.935,0,0,8,8,8,14.935,0,9.4,-0.8,-3.12,Graduate,Female,Local
59,1,1,3,171,1,1,125.0,1,38,37,4,9,115.2,1,0,0,1,0,0,18,0,0,0,0,0,0.0,0,0,0,0,0,0.0,0,7.6,2.6,0.32,Enrolled,Female,Local
60,1,1,2,9500,1,1,125.0,1,19,19,9,9,114.9,0,0,0,1,0,0,18,0,0,7,8,6,13.133333333333333,0,0,8,12,7,12.221428571428572,0,16.2,0.3,-0.92,Graduate,Female,Local
61,1,44,1,9238,1,39,130.0,1,19,1,9,9,131.9,0,0,0,1,0,1,21,0,3,6,7,6,12.0,0,2,6,7,6,12.0,0,13.9,-0.3,0.79,Graduate,Female,Local
62,1,17,3,171,1,1,133.0,1,1,37,4,7,126.0,1,0,0,1,1,1,19,0,0,0,0,0,0.0,0,0,0,0,0,0.0,0,10.8,1.4,1.74,Enrolled,Male,Local
63,1,17,1,9070,1,1,127.0,1,1,1,3,4,130.2,1,0,0,1,1,0,19,0,0,6,6,5,11.4,0,0,6,8,1,10.0,0,10.8,1.4,1.74,Enrolled,Male,Local
64,1,43,1,9070,1,1,116.0,1,1,1,3,3,120.9,0,0,0,1,1,0,24,0,0,6,6,0,0.0,0,0,6,6,0,0.0,0,12.7,3.7,-1.7,Enrolled,Male,Local
65,4,42,1,9500,1,19,133.1,1,1,1,5,5,126.0,1,0,0,1,1,0,29,0,2,7,10,5,11.9,0,1,8,10,5,11.0,0,13.9,-0.3,0.79,Dropout,Male,Local
66,1,1,3,171,1,1,139.0,1,19,19,5,3,128.2,1,0,0,1,1,1,19,0,0,0,0,0,0.0,0,0,0,0,0,0.0,0,10.8,1.4,1.74,Graduate,Male,Local
67,1,44,1,9003,1,39,130.0,1,19,37,9,9,130.0,1,0,0,1,1,0,23,0,0,6,8,6,12.571428571428571,0,0,6,7,6,12.428571428571429,0,8.9,1.4,3.51,Graduate,Male,Local
68,1,1,3,9147,1,1,125.0,1,1,38,7,7,120.1,0,0,1,1,1,0,19,0,0,5,8,5,11.2,0,0,5,10,4,10.75,3,16.2,0.3,-0.92,Dropout,Male,Local
69,1,39,1,9254,1,1,160.0,1,19,37,7,10,100.0,0,0,0,1,1,0,26,0,0,6,7,6,12.0,0,0,6,8,5,10.8,0,12.7,3.7,-1.7,Enrolled,Male,Local
70,1,17,1,9147,1,1,148.0,1,38,37,5,5,134.0,0,0,0,1,1,0,18,0,0,5,9,0,0.0,0,0,5,5,0,0.0,0,7.6,2.6,0.32,Enrolled,Male,Local
71,1,17,1,9500,1,1,150.0,1,37,19,8,4,130.8,0,0,0,1,1,0,24,0,0,7,8,7,11.975,0,0,8,8,8,13.75,0,13.9,-0.3,0.79,Graduate,Male,Local
72,1,1,1,171,1,1,141.0,1,19,19,5,10,135.8,1,0,0,1,1,0,19,0,0,0,0,0,0.0,0,0,0,0,0,0.0,0,15.5,2.8,-4.06,Dropout,Male,Local
73,1,17,4,9254,1,1,118.0,1,38,37,5,7,111.7,1,0,0,1,1,0,18,0,0,6,12,3,11.666666666666666,0,0,6,12,1,12.0,0,12.4,0.5,1.79,Dropout,Male,Local
74,1,1,2,9773,1,1,142.0,1,38,38,9,9,132.9,1,0,0,1,1,0,18,0,0,6,8,6,12.333333333333334,0,0,6,11,3,12.333333333333334,0,10.8,1.4,1.74,Graduate,Male,Local
75,1,17,3,9147,1,1,120.0,1,19,19,4,7,115.5,1,0,1,1,1,0,18,0,0,5,8,3,10.333333333333334,0,0,5,11,3,10.857142857142858,0,10.8,1.4,1.74,Dropout,Male,Local
76,1,18,4,9254,1,1,106.0,1,19,37,7,7,106.0,1,0,0,1,1,1,21,0,0,6,8,4,10.5,0,0,6,11,1,11.0,0,9.4,-0.8,-3.12,Dropout,Male,Local
77,1,17,4,9773,1,1,121.0,1,1,19,9,8,120.3,1,0,1,1,1,1,19,0,0,6,6,6,13.666666666666666,0,0,6,6,6,13.333333333333334,0,8.9,1.4,3.51,Graduate,Male,Local
78,1,17,4,9500,1,1,150.0,1,38,37,9,9,130.8,0,0,0,1,1,1,22,0,0,7,7,7,14.842857142857142,0,0,8,9,8,15.055555555555555,0,16.2,0.3,-0.92,Graduate,Male,Local
79,2,39,1,8014,0,1,120.0,1,37,37,9,6,117.0,0,0,0,1,1,0,33,0,0,6,8,6,12.0,0,0,6,6,6,11.666666666666666,0,10.8,1.4,1.74,Graduate,Male,Local
80,1,1,6,9853,1,1,114.0,1,19,19,9,9,110.2,1,0,0,1,1,0,20,0,0,6,8,5,12.2,0,0,6,7,5,12.2,0,10.8,1.4,1.74,Dropout,Male,Local
81,1,39,1,9991,0,2,140.0,1,3,3,2,2,155.7,1,0,0,1,1,0,35,0,0,1,1,0,0.0,1,0,5,0,0,0.0,0,10.8,1.4,1.74,Dropout,Male,Local
82,1,39,1,9003,1,4,160.0,1,3,3,4,2,180.4,0,0,1,1,1,0,24,0,6,12,17,6,12.166666666666666,0,7,12,14,10,13.3,0,12.4,0.5,1.79,Dropout,Male,Local
83,1,17,1,9254,1,1,120.0,1,19,19,4,4,125.5,0,0,0,1,1,0,18,0,0,5,6,5,12.0,0,0,5,8,3,11.333333333333334,0,12.7,3.7,-1.7,Enrolled,Male,Local
84,2,39,1,8014,0,1,130.0,1,37,37,9,6,110.0,1,0,0,1,0,0,33,0,0,6,7,6,11.0,0,0,6,11,5,11.0,0,9.4,-0.8,-3.12,Graduate,Female,Local
85,1,42,1,9500,1,1,160.0,1,37,38,9,7,161.0,1,0,0,1,0,1,22,0,0,8,8,7,13.08,0,0,8,8,7,13.08,0,10.8,1.4,1.74,Graduate,Female,Local
86,1,39,1,9670,1,1,120.0,1,1,19,4,5,100.0,0,0,0,1,0,1,25,0,0,5,7,4,10.5,0,0,5,7,5,11.6,0,9.4,-0.8,-3.12,Graduate,Female,Local
87,1,17,1,9070,1,1,124.0,1,19,38,4,0,117.6,1,0,0,1,1,0,20,0,0,6,9,6,10.666666666666666,1,0,6,6,5,11.2,0,7.6,2.6,0.32,Graduate,Male,Local
88,1,1,6,9147,1,1,143.0,1,38,37,9,9,128.7,1,0,0,1,1,0,23,0,0,5,6,4,14.0,0,0,5,5,5,13.8,0,11.1,0.6,2.02,Enrolled,Male,Local
89,1,43,2,9119,1,1,115.0,1,38,19,9,6,112.2,1,0,1,1,1,0,18,0,0,5,9,2,10.0,0,0,5,9,0,0.0,0,15.5,2.8,-4.06,Enrolled,Male,Local
90,1,39,1,9500,1,1,133.1,1,1,1,4,10,100.8,0,0,0,1,1,0,24,0,0,7,18,0,0.0,0,0,7,7,0,0.0,0,13.9,-0.3,0.79,Dropout,Male,Local
91,1,17,2,9773,1,1,133.1,41,19,1,9,9,105.0,1,0,0,0,0,0,21,1,0,6,6,6,14.0,0,0,6,6,6,13.5,0,8.9,1.4,3.51,Graduate,Female,International
92,1,15,1,9130,1,1,133.1,41,1,1,4,4,100.0,0,0,0,1,0,0,26,1,0,6,7,2,12.0,1,0,6,6,0,0.0,0,8.9,1.4,3.51,Dropout,Female,International
93,2,39,1,9853,1,10,133.1,1,37,34,0,0,115.5,0,0,0,1,0,0,39,0,0,6,12,3,12.666666666666666,0,0,6,14,0,0.0,1,7.6,2.6,0.32,Dropout,Female,Local
94,2,39,1,8014,0,1,133.1,1,37,19,9,9,114.0,0,0,0,1,0,0,44,0,2,8,11,8,11.875,0,0,6,7,6,12.333333333333334,0,12.7,3.7,-1.7,Graduate,Female,Local
95,1,15,1,9119,1,1,130.0,26,38,3,9,2,137.0,1,0,0,1,1,0,19,1,0,5,9,5,14.0,0,0,5,11,3,13.25,0,13.9,-0.3,0.79,Enrolled,Male,International
96,1,1,5,9773,1,1,135.0,1,37,1,5,5,124.9,1,0,0,1,0,0,18,0,0,6,6,6,13.666666666666666,0,0,6,6,6,13.333333333333334,0,8.9,1.4,3.51,Graduate,Female,Local
97,1,1,5,9500,1,1,132.0,1,37,37,7,7,120.3,1,0,0,1,0,1,18,0,0,7,7,7,13.75,0,0,8,9,8,14.47777777777778,0,12.4,0.5,1.79,Graduate,Female,Local
98,1,1,1,9085,1,1,135.0,1,1,2,9,1,134.3,1,0,0,1,0,0,19,0,0,5,7,5,14.2,2,0,5,7,5,13.8,0,12.7,3.7,-1.7,Enrolled,Female,Local
99,1,1,4,9500,1,1,115.0,1,3,3,2,2,111.5,1,0,1,0,0,0,19,0,0,7,10,4,11.96,0,0,7,7,0,0.0,0,13.9,-0.3,0.79,Dropout,Female,Local
100,1,53,1,9085,1,42,130.0,1,38,38,9,9,128.8,0,0,0,1,0,0,21,0,7,10,12,8,12.875,0,4,9,14,5,13.4,0,8.9,1.4,3.51,Dropout,Female,Local
101,1,1,4,171,1,1,133.1,1,1,1,9,10,110.0,1,0,0,1,0,0,20,0,0,0,0,0,0.0,0,0,0,0,0,0.0,0,16.2,0.3,-0.92,Graduate,Female,Local
102,2,39,1,8014,0,1,130.0,1,37,37,6,5,113.5,1,0,0,1,0,0,36,0,0,6,0,0,0.0,0,0,6,0,0,0.0,0,9.4,-0.8,-3.12,Dropout,Female,Local
103,4,39,1,9003,1,12,133.1,1,37,37,9,6,160.0,0,0,0,1,0,0,43,0,13,18,19,18,14.63157894736842,0,10,13,14,13,14.23076923076923,1,15.5,2.8,-4.06,Graduate,Female,Local
104,1,18,1,9853,1,1,123.0,1,19,19,9,7,117.4,1,0,0,1,0,0,19,0,0,6,0,0,0.0,0,0,6,0,0,0.0,0,11.1,0.6,2.02,Dropout,Female,Local
105,1,51,1,9070,1,1,130.0,1,3,1,2,8,122.2,0,0,1,1,0,0,20,0,4,10,12,10,13.0,0,5,11,11,11,12.272727272727272,0,11.1,0.6,2.02,Graduate,Female,Local
106,1,1,2,9238,1,1,122.0,1,37,38,4,7,118.2,1,0,0,1,0,0,19,0,0,6,0,0,0.0,0,0,6,0,0,0.0,0,16.2,0.3,-0.92,Dropout,Female,Local
107,1,1,1,9085,1,1,113.0,1,1,1,4,4,106.7,1,0,0,1,0,0,20,0,0,6,15,4,14.2,0,0,6,17,4,13.25,0,15.5,2.8,-4.06,Dropout,Female,Local
108,1,1,5,9500,1,1,111.0,1,3,4,4,3,108.2,1,0,0,1,0,0,20,0,2,7,9,6,13.266666666666666,0,0,7,10,5,12.3,0,12.4,0.5,1.79,Dropout,Female,Local
109,1,17,2,9853,1,1,133.1,1,19,1,9,3,107.0,1,0,0,1,0,0,20,0,0,7,12,6,11.666666666666666,0,0,7,10,3,13.0,0,16.2,0.3,-0.92,Enrolled,Female,Local
110,1,1,1,9238,1,1,142.0,1,37,37,6,7,136.1,1,0,0,1,0,0,18,0,0,6,8,6,13.857142857142858,0,0,6,6,6,15.0,0,13.9,-0.3,0.79,Graduate,Female,Local
111,1,17,2,9147,1,1,123.0,1,1,38,4,7,115.3,1,0,0,1,0,1,18,0,0,5,9,3,13.0,0,0,5,11,3,11.0,0,8.9,1.4,3.51,Enrolled,Female,Local
112,1,1,1,9085,1,1,131.0,1,19,19,9,9,139.8,1,0,0,1,0,0,19,0,0,5,6,5,13.4,0,0,5,5,5,12.8,0,10.8,1.4,1.74,Graduate,Female,Local
113,1,1,3,9773,1,1,158.0,1,1,38,4,7,157.0,1,0,0,1,0,0,18,0,0,6,6,6,12.666666666666666,0,0,6,7,6,12.571428571428571,0,10.8,1.4,1.74,Graduate,Female,Local
114,1,17,2,9500,1,1,122.0,1,37,37,9,9,131.0,1,0,0,1,0,0,18,0,0,7,7,6,12.516666666666666,1,0,7,7,6,12.516666666666666,1,7.6,2.6,0.32,Dropout,Female,Local
115,1,43,1,9500,1,1,130.0,1,38,38,9,5,100.0,0,0,0,1,0,0,20,0,0,7,11,6,11.616666666666667,0,0,7,7,7,13.0,0,13.9,-0.3,0.79,Enrolled,Female,Local
116,1,17,1,9238,1,1,154.0,1,19,37,9,7,140.4,1,0,0,1,0,1,20,0,0,6,13,2,10.0,0,0,6,12,4,10.75,0,7.6,2.6,0.32,Enrolled,Female,Local
117,1,17,1,9147,1,1,120.0,1,19,19,3,3,113.4,0,0,0,1,0,0,20,0,0,5,11,3,10.333333333333334,0,0,5,10,3,10.666666666666666,0,12.4,0.5,1.79,Enrolled,Female,Local
118,1,1,2,9085,1,1,140.0,1,37,38,9,7,137.0,0,0,0,1,0,0,18,0,0,5,12,5,13.142857142857142,2,0,5,6,5,11.4,0,9.4,-0.8,-3.12,Graduate,Female,Local
119,1,1,1,9147,1,1,127.0,1,2,19,4,5,121.8,0,0,0,1,0,0,18,0,0,5,5,5,12.6,0,0,5,5,5,14.0,0,11.1,0.6,2.02,Graduate,Female,Local
120,1,17,1,9254,1,1,133.1,1,1,1,4,5,131.0,1,0,0,1,0,0,21,0,0,6,12,3,11.0,0,0,6,12,2,11.0,0,9.4,-0.8,-3.12,Dropout,Female,Local
121,1,1,2,9147,1,1,120.0,1,19,19,9,7,118.6,1,0,0,1,0,0,19,0,0,5,8,5,10.8,0,0,5,9,4,11.25,2,16.2,0.3,-0.92,Graduate,Female,Local
122,1,1,1,171,1,1,137.0,1,3,19,2,9,122.3,0,0,0,1,0,0,19,0,0,0,0,0,0.0,0,0,0,0,0,0.0,0,10.8,1.4,1.74,Dropout,Female,Local
123,1,1,1,9670,1,1,131.0,1,38,38,9,9,127.9,0,0,0,1,0,1,19,0,0,5,5,5,12.8,0,0,5,5,5,14.2,0,9.4,-0.8,-3.12,Graduate,Female,Local
124,1,1,1,9085,1,1,130.0,1,19,38,4,7,121.3,1,0,0,1,0,0,19,0,0,6,15,6,14.166666666666666,0,0,6,13,6,12.2,0,15.5,2.8,-4.06,Graduate,Female,Local
125,1,17,6,9556,1,1,122.0,1,1,1,4,5,117.1,1,0,0,1,0,0,19,0,0,7,12,5,12.1,0,0,7,0,0,0.0,0,13.9,-0.3,0.79,Dropout,Female,Local
126,1,44,1,9085,1,39,160.0,1,37,37,9,9,160.0,1,0,0,1,0,0,20,0,1,6,7,6,14.166666666666666,0,1,6,17,5,13.77777777777778,0,12.4,0.5,1.79,Graduate,Female,Local
127,1,1,1,9853,1,1,146.0,1,19,38,9,3,145.3,1,0,0,1,0,1,18,0,0,6,8,5,12.8,0,0,6,7,5,13.4,0,9.4,-0.8,-3.12,Enrolled,Female,Local
128,1,17,3,9238,1,1,131.0,1,1,39,5,3,122.6,1,0,0,1,0,0,18,0,0,6,7,6,13.0,0,0,6,6,6,13.666666666666666,0,12.4,0.5,1.79,Graduate,Female,Local
129,1,17,6,9500,1,1,132.0,1,1,37,8,9,128.0,1,0,0,1,0,0,19,0,0,7,7,7,13.467142857142855,0,0,8,9,8,15.011111111111113,0,12.4,0.5,1.79,Graduate,Female,Local
130,1,1,3,9500,1,1,138.0,1,19,19,5,8,124.9,1,0,0,1,0,1,18,0,0,7,9,7,13.2375,0,0,8,9,7,13.742857142857144,0,13.9,-0.3,0.79,Dropout,Female,Local
131,1,17,2,9070,1,1,130.0,1,37,37,9,9,123.7,1,0,0,1,0,0,18,0,0,6,6,6,12.333333333333334,0,0,6,6,6,13.0,0,7.6,2.6,0.32,Graduate,Female,Local
132,1,1,4,9147,1,1,126.0,1,1,19,4,8,120.1,1,0,0,1,0,0,19,0,0,5,7,5,12.4,0,0,5,5,5,14.6,0,8.9,1.4,3.51,Graduate,Female,Local
133,1,17,6,9500,1,1,148.0,1,1,19,3,3,131.7,1,0,0,1,0,0,19,0,0,7,8,5,14.0,0,0,7,7,0,0.0,0,13.9,-0.3,0.79,Dropout,Female,Local
134,1,43,1,9238,1,1,130.0,1,38,37,9,7,133.2,0,0,0,1,0,0,20,0,5,9,15,9,11.666666666666666,0,2,7,8,7,11.714285714285714,0,7.6,2.6,0.32,Graduate,Female,Local
135,1,1,1,9670,1,1,117.0,1,1,38,3,9,109.3,0,0,1,0,0,1,19,0,0,6,7,5,12.0,0,0,6,9,4,12.5,0,12.4,0.5,1.79,Dropout,Female,Local
136,1,17,1,9670,1,1,120.0,1,19,19,5,5,113.0,1,0,0,1,0,0,20,0,0,5,7,4,12.2,0,0,5,5,4,11.5,0,7.6,2.6,0.32,Graduate,Female,Local
137,1,1,1,9773,1,1,153.0,1,1,1,141,175,157.9,0,0,1,1,0,1,18,0,0,6,6,6,14.833333333333334,0,0,6,6,6,14.833333333333334,0,8.9,1.4,3.51,Graduate,Female,Local
138,1,1,2,9500,1,1,117.0,1,19,1,4,7,112.1,0,0,0,1,0,1,20,0,0,7,9,5,13.188,0,0,8,9,7,12.892857142857142,0,11.1,0.6,2.02,Enrolled,Female,Local
139,1,18,1,9500,1,1,178.0,1,19,1,4,8,174.7,0,0,0,1,0,0,18,0,0,7,8,7,17.125,0,0,8,8,8,17.5875,0,13.9,-0.3,0.79,Graduate,Female,Local
140,1,1,5,9500,1,1,129.0,1,37,37,9,9,128.8,1,0,0,1,0,0,19,0,0,7,7,6,12.666666666666666,0,0,7,7,6,12.666666666666666,0,7.6,2.6,0.32,Graduate,Female,Local
141,1,1,6,9773,1,1,116.0,1,19,1,4,4,110.1,1,0,0,1,0,1,19,0,0,6,8,6,12.666666666666666,0,0,6,10,5,12.0,0,12.4,0.5,1.79,Graduate,Female,Local
142,1,51,1,9147,1,1,99.0,1,3,1,3,3,99.7,1,0,1,0,0,0,22,0,0,5,8,0,0.0,0,0,5,7,0,0.0,0,8.9,1.4,3.51,Enrolled,Female,Local
143,1,1,3,9238,1,1,135.0,1,1,12,9,10,121.0,1,0,0,1,0,1,19,0,0,6,7,6,11.333333333333334,0,0,6,6,6,11.5,0,12.4,0.5,1.79,Graduate,Female,Local
144,1,1,3,9500,1,1,141.0,1,19,19,9,7,131.7,1,0,0,1,0,1,19,0,0,7,10,7,13.605,0,0,8,11,8,12.33125,0,15.5,2.8,-4.06,Graduate,Female,Local
145,1,17,5,9853,1,1,132.0,1,37,38,5,6,119.1,1,0,0,1,0,1,19,0,0,6,10,5,12.0,0,0,6,9,5,10.8,0,9.4,-0.8,-3.12,Graduate,Female,Local
146,1,1,4,9254,1,1,132.0,1,12,19,9,9,124.7,1,0,0,1,0,0,19,0,0,5,10,0,0.0,0,0,5,10,0,0.0,0,7.6,2.6,0.32,Dropout,Female,Local
147,1,17,1,9254,1,1,113.0,1,1,37,9,10,117.2,1,0,0,1,0,0,20,0,0,6,8,5,11.2,0,0,6,12,3,11.666666666666666,0,7.6,2.6,0.32,Dropout,Female,Local
148,1,1,1,9147,1,1,134.0,1,3,19,2,10,128.8,0,0,0,1,0,0,18,0,0,5,10,5,13.375,0,0,5,9,5,14.166666666666666,0,13.9,-0.3,0.79,Graduate,Female,Local
149,1,1,1,9500,1,1,136.0,1,1,19,9,9,131.5,0,0,0,1,0,1,20,0,0,7,8,6,13.863333333333337,0,0,8,9,7,14.178571428571429,0,11.1,0.6,2.02,Graduate,Female,Local
150,1,1,1,171,1,1,136.0,1,3,37,2,8,121.7,1,0,0,1,0,0,18,0,0,0,0,0,0.0,0,0,0,0,0,0.0,0,9.4,-0.8,-3.12,Enrolled,Female,Local
151,1,1,1,9085,1,1,129.0,1,1,38,4,7,123.4,0,0,0,1,0,0,19,0,0,5,6,5,12.4,0,0,5,6,5,13.4,0,7.6,2.6,0.32,Graduate,Female,Local
152,1,17,1,9853,1,1,138.0,1,38,38,7,6,124.7,1,0,0,1,0,0,18,0,0,6,11,3,12.333333333333334,0,0,6,10,5,10.833333333333334,0,9.4,-0.8,-3.12,Enrolled,Female,Local
153,1,1,1,9853,1,1,137.0,1,37,37,9,9,132.8,1,0,0,1,0,0,18,0,0,6,7,6,13.333333333333334,0,0,6,8,5,11.8,0,7.6,2.6,0.32,Graduate,Female,Local
154,1,43,1,9853,1,1,115.0,1,3,37,2,5,108.7,1,0,0,1,0,0,21,0,0,6,10,3,12.666666666666666,0,0,6,12,3,10.0,0,9.4,-0.8,-3.12,Dropout,Female,Local
155,1,1,1,9853,1,1,129.0,1,38,37,6,6,138.1,0,0,0,1,0,0,19,0,0,6,8,6,12.0,0,0,6,10,4,11.5,0,7.6,2.6,0.32,Dropout,Female,Local
156,1,1,1,9147,1,1,131.0,1,38,38,9,9,126.5,0,0,0,1,0,1,18,0,0,5,5,5,10.6,0,0,5,5,5,11.8,0,12.4,0.5,1.79,Graduate,Female,Local
157,1,17,2,9238,1,1,133.0,1,1,37,7,9,127.4,1,0,0,1,0,1,18,0,0,6,8,6,12.25,0,0,6,7,6,11.857142857142858,0,12.7,3.7,-1.7,Graduate,Female,Local
158,1,1,3,9238,1,1,125.0,1,19,1,9,10,123.6,1,0,0,1,0,0,20,0,0,6,10,4,11.0,0,0,6,9,6,11.833333333333334,0,9.4,-0.8,-3.12,Graduate,Female,Local
159,1,39,1,8014,0,1,120.0,1,1,19,6,8,122.0,0,0,0,1,0,1,24,0,0,6,11,5,11.0,0,0,6,9,5,12.6,0,11.1,0.6,2.02,Graduate,Female,Local
160,1,1,1,9670,1,1,128.0,1,19,1,4,1,118.2,0,0,0,1,0,0,19,0,0,6,6,6,13.166666666666666,0,0,6,9,6,13.0,0,10.8,1.4,1.74,Dropout,Female,Local
161,1,1,1,9500,1,1,127.0,1,19,37,9,7,123.9,1,0,0,1,0,1,18,0,0,7,9,7,12.855555555555554,0,0,8,12,7,12.761111111111113,0,15.5,2.8,-4.06,Graduate,Female,Local
162,1,1,2,9500,1,1,134.0,1,19,19,9,9,125.8,1,0,0,1,0,0,18,0,0,7,8,7,14.91875,0,0,8,8,8,15.355,0,15.5,2.8,-4.06,Graduate,Female,Local
163,1,17,5,9853,1,1,132.0,1,12,12,4,4,123.3,1,0,0,1,0,0,21,0,0,6,13,4,11.5,0,0,6,10,3,11.0,0,10.8,1.4,1.74,Dropout,Female,Local
164,1,17,2,9670,1,1,124.0,1,1,19,5,4,124.4,0,0,0,1,0,0,19,0,0,5,5,5,14.2,0,0,5,5,5,14.2,0,7.6,2.6,0.32,Graduate,Female,Local
165,1,17,1,9773,1,1,133.1,1,19,37,7,7,126.0,0,0,0,1,0,1,19,0,0,6,6,6,12.5,0,0,6,7,6,13.0,0,15.5,2.8,-4.06,Graduate,Female,Local
166,3,39,1,9003,1,1,170.0,1,1,37,6,6,170.0,0,0,1,1,0,0,47,0,0,1,1,0,0.0,0,0,6,0,0,0.0,0,8.9,1.4,3.51,Enrolled,Female,Local
167,1,17,3,9238,1,1,125.0,1,19,19,7,8,121.5,0,0,0,1,0,0,19,0,0,6,10,5,11.666666666666666,0,0,6,12,4,11.0,0,13.9,-0.3,0.79,Graduate,Female,Local
168,1,39,1,9500,1,3,130.0,1,2,2,1,1,130.0,0,0,0,1,0,0,29,0,1,8,8,7,14.257142857142856,0,1,8,8,7,14.257142857142856,0,12.7,3.7,-1.7,Graduate,Female,Local
169,1,43,1,9238,1,1,125.0,1,19,19,4,8,117.0,1,0,0,1,0,0,21,0,0,6,13,3,12.0,0,0,6,12,2,11.333333333333334,0,16.2,0.3,-0.92,Dropout,Female,Local
170,1,39,1,9085,1,1,130.0,1,37,19,9,7,130.0,1,0,0,1,0,0,28,0,0,5,13,4,11.25,1,0,5,11,4,10.5,0,12.7,3.7,-1.7,Enrolled,Female,Local
171,1,17,2,9556,1,1,133.1,1,37,37,3,10,108.0,0,0,0,1,0,0,20,0,0,7,8,7,12.457142857142856,0,0,8,8,8,13.5625,0,15.5,2.8,-4.06,Graduate,Female,Local
172,1,17,1,9500,1,1,131.0,1,2,38,4,5,132.3,1,0,0,1,0,0,19,0,0,7,7,6,11.683333333333332,0,0,7,7,6,11.683333333333332,0,7.6,2.6,0.32,Graduate,Female,Local
173,1,42,1,8014,0,1,150.0,1,19,2,4,6,148.0,0,0,0,1,0,0,26,0,0,6,10,3,11.666666666666666,0,0,6,8,5,12.0,0,9.4,-0.8,-3.12,Graduate,Female,Local
174,1,17,2,9254,1,1,125.0,1,37,37,9,8,122.6,1,0,1,0,0,0,20,0,0,6,8,4,11.75,0,0,6,6,6,13.166666666666666,0,11.1,0.6,2.02,Dropout,Female,Local
175,1,1,1,9670,1,1,131.0,1,37,37,9,9,123.0,1,0,0,1,0,1,18,0,0,5,6,3,11.666666666666666,0,0,5,6,4,13.5,0,7.6,2.6,0.32,Enrolled,Female,Local
176,1,39,1,9853,1,1,130.0,1,37,19,9,5,102.5,0,0,0,1,0,0,27,0,0,6,9,5,13.2,0,0,6,10,5,12.0,0,7.6,2.6,0.32,Graduate,Female,Local
177,1,1,2,9500,1,1,123.0,1,34,34,90,90,113.3,1,0,0,1,0,0,20,0,0,7,8,4,11.95,0,0,7,8,4,11.95,0,7.6,2.6,0.32,Dropout,Female,Local
178,1,1,5,9853,1,1,141.0,1,37,19,9,5,133.0,1,0,0,1,0,0,18,0,0,6,8,5,12.4,0,0,6,12,5,10.4,0,9.4,-0.8,-3.12,Dropout,Female,Local
179,1,7,1,9500,1,3,140.0,1,1,1,9,5,140.0,0,0,0,1,0,0,33,0,2,7,8,6,14.35,0,3,8,10,6,14.583333333333334,0,16.2,0.3,-0.92,Dropout,Female,Local
180,1,43,1,9853,1,1,140.0,1,3,1,3,3,128.3,1,0,0,1,0,0,35,0,19,21,21,21,12.61904761904762,0,13,19,19,19,12.789473684210526,0,12.4,0.5,1.79,Graduate,Female,Local
181,1,44,1,9991,0,39,140.0,1,37,19,9,8,140.0,0,0,0,1,0,1,26,0,2,6,7,6,12.666666666666666,0,2,6,7,6,13.166666666666666,1,9.4,-0.8,-3.12,Enrolled,Female,Local
182,1,39,1,9773,1,19,133.1,1,19,19,3,4,104.0,0,0,1,0,0,0,27,0,0,6,6,5,12.0,0,0,6,6,0,0.0,0,11.1,0.6,2.02,Dropout,Female,Local
183,1,18,3,9070,1,1,131.0,1,1,37,5,5,122.3,1,0,0,0,0,0,19,0,0,6,6,6,12.166666666666666,0,0,6,6,0,0.0,0,15.5,2.8,-4.06,Dropout,Female,Local
184,1,17,2,9254,1,1,143.0,1,1,19,4,6,135.0,0,0,0,1,0,0,20,0,0,6,0,0,0.0,0,0,6,0,0,0.0,0,11.1,0.6,2.02,Dropout,Female,Local
185,1,18,2,9147,1,1,132.0,1,3,3,5,7,119.1,1,0,1,0,0,0,20,0,0,5,9,3,10.0,0,0,5,9,3,10.571428571428571,0,10.8,1.4,1.74,Dropout,Female,Local
186,1,43,1,9238,1,1,143.0,1,1,37,5,9,126.6,0,0,1,0,0,0,21,0,5,10,18,8,11.5,0,0,6,12,4,10.0,0,9.4,-0.8,-3.12,Enrolled,Female,Local
187,1,17,3,9500,1,1,141.0,1,38,1,9,4,129.0,1,0,0,1,0,1,18,0,0,7,7,6,13.05,0,0,7,7,6,13.05,0,7.6,2.6,0.32,Graduate,Female,Local
188,1,39,1,9085,1,1,133.1,1,1,19,9,9,162.3,1,0,0,1,0,0,24,0,0,6,10,2,11.0,0,0,6,6,0,0.0,0,8.9,1.4,3.51,Dropout,Female,Local
189,1,17,4,9070,1,1,148.0,1,1,3,4,1,163.4,1,0,0,1,0,0,20,0,0,6,7,6,11.5,0,0,6,6,6,12.0,0,16.2,0.3,-0.92,Graduate,Female,Local
190,1,1,1,9254,1,1,125.0,1,19,38,9,8,121.5,0,0,0,1,0,1,21,0,0,6,7,6,12.0,0,0,6,6,6,12.5,0,13.9,-0.3,0.79,Graduate,Female,Local
191,1,1,1,8014,0,1,120.0,1,1,37,7,3,122.8,0,0,0,1,0,0,23,0,0,6,13,2,10.0,0,0,5,12,1,10.0,0,9.4,-0.8,-3.12,Enrolled,Female,Local
192,1,39,1,9147,1,1,140.0,1,12,3,4,3,118.0,1,0,0,1,0,0,24,0,0,5,5,0,0.0,0,0,5,5,0,0.0,0,7.6,2.6,0.32,Dropout,Female,Local
193,1,51,1,9853,1,1,139.0,1,1,1,4,10,134.0,0,0,0,1,0,0,21,0,0,6,0,0,0.0,0,0,6,0,0,0.0,0,12.4,0.5,1.79,Dropout,Female,Local
194,1,1,4,9500,1,1,142.0,1,38,38,9,8,129.8,1,0,0,1,0,0,18,0,0,8,8,7,12.242857142857144,0,0,8,8,7,12.242857142857144,0,12.7,3.7,-1.7,Graduate,Female,Local
195,1,39,1,9991,0,40,130.0,1,19,1,3,4,152.0,1,0,0,1,0,0,27,0,0,5,0,0,0.0,0,0,5,0,0,0.0,0,8.9,1.4,3.51,Dropout,Female,Local
196,1,18,6,9500,1,1,126.0,1,37,37,5,5,122.8,1,0,0,1,0,0,18,0,0,8,8,8,12.93375,0,0,8,8,8,12.93375,0,9.4,-0.8,-3.12,Graduate,Female,Local
197,1,7,1,9119,1,3,150.0,1,3,2,2,2,150.0,0,0,0,1,0,0,35,0,0,5,0,0,0.0,0,0,5,0,0,0.0,0,13.9,-0.3,0.79,Dropout,Female,Local
198,1,1,1,9853,1,1,130.0,1,19,19,3,8,131.8,0,0,0,1,0,0,18,0,0,7,9,7,12.571428571428571,0,0,7,8,7,14.428571428571429,0,11.1,0.6,2.02,Graduate,Female,Local
199,1,39,1,9500,1,1,120.0,1,1,3,175,121,105.9,0,0,0,1,0,0,35,0,0,3,4,3,11.816666666666668,0,0,3,3,3,11.333333333333334,0,11.1,0.6,2.02,Enrolled,Female,Local
200,1,1,1,9085,1,1,138.0,1,1,1,4,7,132.1,1,0,0,1,0,0,19,0,0,5,9,4,13.75,0,0,5,13,4,14.333333333333334,2,10.8,1.4,1.74,Graduate,Female,Local
201,1,1,4,9238,1,1,127.0,1,19,19,4,0,127.4,1,0,0,1,0,0,20,0,0,6,8,6,11.166666666666666,0,0,6,6,6,11.333333333333334,0,7.6,2.6,0.32,Graduate,Female,Local
202,1,1,4,9500,1,1,140.0,1,19,19,7,7,129.5,1,0,0,1,0,0,18,0,0,8,8,7,12.324285714285711,0,0,8,8,7,12.324285714285711,0,10.8,1.4,1.74,Graduate,Female,Local
203,1,44,1,9238,1,39,130.0,1,38,38,5,10,126.7,0,0,1,1,0,0,21,0,3,6,6,6,12.166666666666666,0,2,6,7,6,11.714285714285714,0,13.9,-0.3,0.79,Graduate,Female,Local
204,1,17,2,9238,1,1,128.0,1,19,37,9,8,116.5,0,0,0,1,0,1,18,0,0,6,11,5,11.142857142857142,0,0,6,11,4,11.25,0,16.2,0.3,-0.92,Graduate,Female,Local
205,1,1,1,9238,1,1,132.0,1,34,34,0,0,119.1,1,0,0,1,0,0,18,0,0,6,9,4,11.0,0,0,6,9,4,10.75,0,7.6,2.6,0.32,Graduate,Female,Local
206,1,1,2,9500,1,1,149.0,1,19,38,9,9,126.5,1,0,0,1,0,0,18,0,0,8,8,7,12.914285714285713,0,0,8,8,7,12.914285714285713,0,12.7,3.7,-1.7,Graduate,Female,Local
207,1,1,4,9773,1,1,155.0,1,3,19,1,4,149.8,1,0,0,1,0,1,18,0,0,6,6,6,13.833333333333334,0,0,6,6,6,14.166666666666666,0,16.2,0.3,-0.92,Graduate,Female,Local
208,1,1,1,9085,1,1,120.0,1,19,1,8,7,115.1,1,0,0,1,0,0,19,0,0,6,8,6,13.857142857142858,0,0,6,9,5,13.4,0,13.9,-0.3,0.79,Graduate,Female,Local
209,1,39,1,9254,1,19,133.1,1,3,19,2,3,124.5,0,0,0,1,0,1,36,0,0,6,7,6,13.714285714285714,0,0,6,6,5,12.8,0,16.2,0.3,-0.92,Dropout,Female,Local
210,1,1,2,9500,1,1,131.0,1,38,1,7,4,128.3,1,0,0,1,0,1,18,0,0,8,8,7,12.642857142857142,0,0,8,8,7,12.642857142857142,0,12.7,3.7,-1.7,Graduate,Female,Local
211,1,1,1,9500,1,1,149.0,1,37,37,9,9,136.0,0,0,0,1,0,1,18,0,0,7,7,6,12.916666666666666,0,0,7,7,6,12.916666666666666,0,7.6,2.6,0.32,Graduate,Female,Local
212,1,43,1,9130,1,1,140.0,1,1,3,9,2,140.0,1,0,0,1,0,1,20,0,0,6,8,6,15.625,0,0,6,8,6,15.857142857142858,0,13.9,-0.3,0.79,Graduate,Female,Local
213,1,39,1,9991,0,1,133.1,1,37,37,9,9,126.3,0,0,0,1,0,1,26,0,0,5,7,0,0.0,0,0,5,8,0,0.0,0,16.2,0.3,-0.92,Dropout,Female,Local
214,1,43,1,9773,1,1,122.0,1,1,1,4,5,126.9,0,0,0,1,0,0,21,0,0,6,8,6,11.714285714285714,0,0,6,7,6,12.0,0,7.6,2.6,0.32,Graduate,Female,Local
215,1,39,1,9556,1,40,130.0,1,1,1,4,5,145.0,0,0,0,1,0,0,25,0,0,7,10,6,12.125,0,0,8,9,8,13.3125,0,15.5,2.8,-4.06,Enrolled,Female,Local
216,1,18,1,9147,1,1,121.0,1,19,3,5,5,115.8,1,0,0,1,0,1,19,0,0,5,7,5,11.6,0,0,5,5,5,11.6,0,12.4,0.5,1.79,Graduate,Female,Local
217,1,39,1,8014,0,1,120.0,1,19,37,8,7,100.0,1,0,0,1,0,0,24,0,0,6,11,1,10.0,0,0,6,6,0,0.0,6,9.4,-0.8,-3.12,Dropout,Female,Local
218,1,39,1,8014,0,1,133.1,1,1,19,5,4,102.5,0,0,0,1,0,1,27,0,0,6,16,1,10.0,0,0,6,13,0,0.0,0,8.9,1.4,3.51,Dropout,Female,Local
219,1,17,1,9085,1,1,121.0,1,19,37,1,3,131.5,0,0,0,1,0,0,21,0,0,5,10,0,0.0,1,0,5,9,2,13.5,0,7.6,2.6,0.32,Dropout,Female,Local
220,1,1,1,9147,1,1,133.0,1,38,38,7,7,147.0,0,0,0,1,0,1,18,0,0,5,7,4,13.0,0,0,5,8,3,12.333333333333334,0,9.4,-0.8,-3.12,Graduate,Female,Local
221,2,1,4,9853,1,1,134.0,1,37,37,5,7,122.5,0,1,0,1,0,1,19,0,0,6,6,6,13.333333333333334,0,0,6,6,6,14.5,0,10.8,1.4,1.74,Graduate,Female,Local
222,1,1,3,9254,1,1,115.0,1,1,1,3,3,117.5,1,0,0,1,0,0,18,0,0,6,9,4,11.25,0,0,6,13,2,12.5,0,9.4,-0.8,-3.12,Dropout,Female,Local
223,1,51,1,9500,1,1,127.0,1,19,1,5,9,150.0,0,0,0,1,0,1,19,0,0,7,9,5,13.85,0,0,8,9,7,12.19285714285714,0,11.1,0.6,2.02,Graduate,Female,Local
224,1,18,1,9500,1,1,135.0,1,1,38,4,5,127.5,1,0,0,1,0,1,19,0,0,7,8,6,13.741666666666667,0,0,8,9,7,14.9125,0,16.2,0.3,-0.92,Graduate,Female,Local
225,2,7,1,9991,0,43,140.0,1,40,5,3,3,140.0,0,0,0,1,0,0,33,0,2,6,7,6,15.333333333333334,0,0,5,5,5,15.8,0,11.1,0.6,2.02,Graduate,Female,Local
226,2,7,1,9147,1,3,130.0,1,1,4,3,10,130.0,0,0,0,1,0,0,45,0,0,5,6,5,11.0,0,0,5,5,5,13.8,0,12.4,0.5,1.79,Graduate,Female,Local
227,1,1,1,9238,1,1,135.0,1,1,1,9,9,133.3,0,0,0,1,0,1,20,0,0,6,6,6,12.0,0,0,6,7,6,12.857142857142858,0,11.1,0.6,2.02,Graduate,Female,Local
228,1,39,2,9670,1,1,140.0,1,34,34,0,0,97.0,1,0,0,1,0,0,28,0,0,5,5,0,0.0,0,0,5,5,0,0.0,0,7.6,2.6,0.32,Dropout,Female,Local
229,1,43,1,9500,1,1,120.0,1,1,1,5,8,112.0,1,0,0,1,0,1,19,0,0,8,15,7,11.571428571428571,0,0,8,15,7,11.571428571428571,0,12.7,3.7,-1.7,Graduate,Female,Local
230,1,1,2,9254,1,1,140.0,1,1,37,4,5,123.6,1,0,0,1,0,0,18,0,0,6,10,6,12.857142857142858,0,0,6,6,3,12.666666666666666,0,12.7,3.7,-1.7,Graduate,Female,Local
231,1,39,1,9254,1,3,133.1,1,19,19,4,6,130.5,0,0,0,1,0,0,38,0,0,6,0,0,0.0,0,0,6,0,0,0.0,0,15.5,2.8,-4.06,Dropout,Female,Local
232,1,1,2,9670,1,1,135.0,1,1,3,4,3,133.3,0,0,0,1,0,0,19,0,0,5,5,5,13.0,0,0,5,5,5,13.2,0,9.4,-0.8,-3.12,Graduate,Female,Local
233,1,1,1,9254,1,1,123.0,1,1,37,9,9,132.1,0,0,0,1,0,1,21,0,0,6,9,5,11.0,0,0,6,8,5,12.0,0,15.5,2.8,-4.06,Graduate,Female,Local
234,1,1,1,9147,1,1,133.1,1,37,1,9,10,100.0,0,0,0,1,0,0,21,0,0,5,12,3,12.0,0,0,5,12,1,15.0,3,16.2,0.3,-0.92,Dropout,Female,Local
235,1,1,1,9238,1,1,154.0,1,38,37,9,9,140.4,0,0,0,1,0,1,22,0,0,6,6,5,12.6,0,0,6,6,6,13.0,0,10.8,1.4,1.74,Graduate,Female,Local
236,1,1,1,9853,1,1,148.0,1,19,19,5,7,141.7,0,0,0,1,0,1,18,0,0,6,8,5,13.4,0,0,6,7,6,13.166666666666666,0,9.4,-0.8,-3.12,Graduate,Female,Local
237,1,17,2,9238,1,1,133.0,1,37,37,3,9,119.7,0,1,0,1,0,1,18,0,0,6,9,6,11.333333333333334,0,0,6,9,6,11.571428571428571,0,15.5,2.8,-4.06,Graduate,Female,Local
238,1,1,1,9130,1,1,126.0,1,19,1,9,9,122.5,1,0,0,0,0,0,25,0,0,5,14,4,13.5,2,0,5,10,4,14.25,0,9.4,-0.8,-3.12,Dropout,Female,Local
239,1,39,1,9085,1,19,133.1,1,19,19,9,7,140.0,0,0,1,0,0,0,24,0,2,6,11,3,11.75,0,1,6,14,3,10.333333333333334,0,16.2,0.3,-0.92,Dropout,Female,Local
240,1,1,3,9500,1,1,125.0,1,3,1,4,4,119.4,1,0,0,1,0,0,19,0,0,7,10,6,12.471428571428572,0,0,7,8,7,11.4625,0,12.4,0.5,1.79,Enrolled,Female,Local
241,1,16,1,171,1,1,145.0,1,3,3,3,3,155.0,1,0,0,1,0,0,24,0,11,17,19,11,12.909090909090908,0,9,13,15,9,13.555555555555555,0,12.4,0.5,1.79,Enrolled,Female,Local
242,1,1,2,9147,1,1,118.0,1,37,19,5,5,119.1,1,0,0,1,0,1,20,0,0,5,5,5,11.6,0,0,5,5,5,13.6,0,12.4,0.5,1.79,Graduate,Female,Local
243,1,39,1,9147,1,1,120.0,1,37,1,9,1,122.7,0,0,0,0,0,0,25,0,0,5,5,0,0.0,0,0,5,9,0,0.0,0,10.8,1.4,1.74,Dropout,Female,Local
244,1,1,1,9147,1,1,127.0,1,38,19,9,10,117.9,0,0,0,1,0,1,20,0,5,10,13,9,12.9,0,4,10,12,10,12.363636363636363,0,8.9,1.4,3.51,Graduate,Female,Local
245,1,7,1,9500,1,3,130.0,1,19,38,5,3,130.0,0,0,0,1,0,0,23,0,0,8,8,8,13.22,0,0,8,8,8,13.22,0,9.4,-0.8,-3.12,Graduate,Female,Local
246,1,17,3,9500,1,1,129.0,1,19,37,7,6,120.0,1,0,0,1,0,1,19,0,0,8,8,7,13.151428571428571,0,0,8,8,7,13.151428571428571,0,10.8,1.4,1.74,Graduate,Female,Local
247,1,44,1,9003,1,39,130.0,1,37,37,9,10,130.0,0,0,1,0,0,0,29,0,0,6,13,3,12.75,0,0,6,8,3,11.333333333333334,0,13.9,-0.3,0.79,Dropout,Female,Local
248,1,1,3,9254,1,1,121.0,1,19,37,4,7,116.8,1,0,0,1,0,0,21,0,0,6,8,6,11.333333333333334,0,0,6,8,4,12.25,0,11.1,0.6,2.02,Graduate,Female,Local
249,1,1,1,9670,1,1,136.0,1,19,1,9,8,123.4,1,0,0,1,0,1,18,0,0,6,10,6,13.25,0,0,6,13,5,14.142857142857142,0,11.1,0.6,2.02,Graduate,Female,Local
250,1,1,3,9070,1,1,125.0,1,19,38,9,9,125.4,1,0,0,1,0,0,19,0,0,6,7,5,12.4,0,0,6,6,5,12.4,0,9.4,-0.8,-3.12,Enrolled,Female,Local
251,1,1,3,9773,1,1,131.0,1,38,37,7,7,127.2,1,0,0,1,0,1,18,0,0,6,6,6,15.0,0,0,6,6,6,12.833333333333334,0,8.9,1.4,3.51,Dropout,Female,Local
252,1,1,1,9085,1,1,122.0,1,9,19,90,6,103.4,0,0,0,1,0,0,19,0,0,5,6,5,14.4,0,0,5,6,5,13.0,0,7.6,2.6,0.32,Graduate,Female,Local
253,1,1,1,9773,1,1,127.0,1,37,37,9,8,123.2,1,0,0,1,0,0,18,0,0,6,12,1,11.0,0,0,6,12,0,0.0,0,9.4,-0.8,-3.12,Enrolled,Female,Local
254,1,17,1,9147,1,1,136.0,1,1,1,4,4,124.1,0,0,0,1,0,0,18,0,0,5,8,5,12.4,0,0,5,6,5,10.8,0,8.9,1.4,3.51,Graduate,Female,Local
255,2,39,1,9556,1,19,133.1,1,38,37,7,7,99.5,1,0,1,0,0,1,37,0,0,7,13,1,16.0,0,0,7,12,0,0.0,0,8.9,1.4,3.51,Dropout,Female,Local
256,1,17,1,9991,0,40,127.0,1,37,37,6,6,124.9,0,0,0,1,0,0,29,0,0,5,10,5,13.571428571428571,0,0,5,14,5,12.333333333333334,3,16.2,0.3,-0.92,Graduate,Female,Local
257,1,17,3,9070,1,1,116.0,1,37,37,9,9,110.8,0,0,0,1,0,0,18,0,0,6,6,6,11.833333333333334,0,0,6,6,6,12.5,0,7.6,2.6,0.32,Enrolled,Female,Local
258,1,1,1,9238,1,1,121.0,1,1,1,9,8,118.9,1,0,0,1,0,1,19,0,0,6,8,5,11.666666666666666,0,0,6,9,5,12.666666666666666,0,12.4,0.5,1.79,Graduate,Female,Local
259,1,43,1,9238,1,1,124.0,1,1,1,3,1,118.8,1,0,1,0,0,0,22,0,6,10,16,6,11.833333333333334,0,2,7,8,2,13.0,0,16.2,0.3,-0.92,Dropout,Female,Local
260,1,1,1,9254,1,1,131.0,1,37,38,9,7,137.0,0,0,0,1,0,1,20,0,0,6,8,6,11.166666666666666,0,0,6,10,5,10.6,0,15.5,2.8,-4.06,Graduate,Female,Local
261,1,39,1,8014,0,1,100.0,1,37,37,99,99,100.0,0,0,0,1,0,0,34,0,0,6,0,0,0.0,0,0,6,0,0,0.0,0,12.7,3.7,-1.7,Dropout,Female,Local
262,1,43,1,9119,1,1,130.0,1,37,38,9,9,120.0,0,0,1,0,0,0,30,0,8,12,17,8,11.75,0,6,12,19,6,12.166666666666666,2,7.6,2.6,0.32,Dropout,Female,Local
263,1,1,1,9238,1,1,135.0,1,1,1,4,4,122.8,0,0,0,1,0,0,18,0,0,6,7,6,14.0,0,0,6,7,6,14.0,0,10.8,1.4,1.74,Graduate,Female,Local
264,1,1,1,9238,1,1,130.0,1,38,19,9,5,121.6,0,0,0,1,0,0,18,0,0,6,6,6,12.833333333333334,0,0,6,6,6,12.0,0,12.4,0.5,1.79,Graduate,Female,Local
265,1,1,2,9773,1,1,146.0,1,3,1,1,3,149.2,1,0,0,1,0,0,18,0,0,6,11,4,12.25,0,0,6,10,3,11.666666666666666,0,9.4,-0.8,-3.12,Graduate,Female,Local
266,1,17,4,9500,1,1,146.0,1,4,1,2,3,140.0,1,0,0,1,0,0,18,0,0,8,8,7,14.828571428571427,0,0,8,8,7,14.828571428571427,0,12.7,3.7,-1.7,Graduate,Female,Local
267,1,1,2,9773,1,1,154.0,1,38,38,9,9,133.4,1,0,0,1,0,1,19,0,0,6,7,5,11.4,0,0,6,8,5,12.8,0,12.7,3.7,-1.7,Graduate,Female,Local
268,1,1,1,9070,1,1,137.0,1,37,37,9,9,126.2,1,0,0,1,0,1,19,0,0,6,6,6,13.0,0,0,6,8,6,12.5,0,10.8,1.4,1.74,Graduate,Female,Local
269,1,1,5,9500,1,1,151.0,1,1,1,9,9,127.8,0,0,0,1,0,1,18,0,0,8,8,7,13.671428571428573,0,0,8,8,7,13.671428571428573,0,12.7,3.7,-1.7,Graduate,Female,Local
270,1,44,1,9003,1,39,150.0,1,37,38,4,8,150.0,0,0,0,1,0,1,21,0,0,6,9,6,12.666666666666666,0,0,6,8,5,12.8,0,13.9,-0.3,0.79,Graduate,Female,Local
271,1,1,2,9147,1,1,121.0,1,1,19,9,9,113.7,1,0,0,0,0,0,20,0,0,5,10,2,10.0,0,0,5,12,1,13.0,0,7.6,2.6,0.32,Dropout,Female,Local
272,1,17,1,9147,1,1,122.0,1,12,19,4,8,117.8,1,0,0,1,0,0,20,0,0,5,10,5,13.5,0,0,5,8,5,12.333333333333334,0,13.9,-0.3,0.79,Graduate,Female,Local
273,1,1,1,9500,1,1,143.0,1,5,1,2,5,136.7,0,0,0,1,0,0,19,0,2,7,8,7,12.67,0,1,8,8,8,13.55,0,11.1,0.6,2.02,Graduate,Female,Local
274,1,1,1,9238,1,1,152.0,1,1,38,4,5,144.7,0,0,0,1,0,0,20,0,0,6,8,6,14.5,0,0,6,7,6,15.428571428571429,0,16.2,0.3,-0.92,Graduate,Female,Local
275,1,17,3,9500,1,1,145.0,1,12,1,4,10,139.8,1,0,0,1,0,0,18,0,0,7,7,7,13.685714285714283,0,0,8,8,8,15.3875,0,13.9,-0.3,0.79,Graduate,Female,Local
276,1,42,1,9853,1,1,120.0,1,37,38,3,3,113.7,0,0,0,1,0,0,20,0,0,6,8,5,11.0,0,0,6,10,3,10.666666666666666,0,12.7,3.7,-1.7,Dropout,Female,Local
277,2,7,1,9130,1,3,140.0,1,5,4,2,0,140.0,0,0,1,0,0,0,29,0,7,9,16,7,11.555555555555555,4,5,7,12,5,13.2,2,7.6,2.6,0.32,Dropout,Female,Local
278,1,1,1,9500,1,1,143.0,1,19,19,5,6,142.3,0,0,0,1,0,1,18,0,0,7,7,7,13.79714285714286,0,0,8,8,8,13.775,0,12.4,0.5,1.79,Enrolled,Female,Local
279,1,1,1,9500,1,1,129.0,1,19,19,5,5,119.6,1,0,0,1,0,1,20,0,0,7,8,7,14.00375,0,0,8,11,7,13.812857142857142,0,15.5,2.8,-4.06,Graduate,Female,Local
280,1,16,2,9147,1,1,139.0,1,38,37,9,9,123.7,1,0,0,1,0,1,22,0,0,5,8,4,12.0,0,0,5,8,4,11.4,2,16.2,0.3,-0.92,Graduate,Female,Local
281,4,1,1,8014,0,1,133.1,1,39,19,4,10,143.0,1,0,0,1,0,1,47,0,0,6,9,5,14.166666666666666,0,0,6,7,6,14.166666666666666,0,16.2,0.3,-0.92,Graduate,Female,Local
282,2,51,1,9991,0,1,127.0,1,37,37,8,4,100.1,0,0,0,1,0,0,31,0,1,5,5,5,14.0,0,0,5,5,5,13.8,0,8.9,1.4,3.51,Graduate,Female,Local
283,1,1,1,9070,1,1,126.0,1,19,37,7,5,119.4,0,0,0,1,0,1,21,0,0,6,7,5,13.8,0,0,6,6,6,12.833333333333334,0,16.2,0.3,-0.92,Graduate,Female,Local
284,1,1,1,8014,0,1,128.0,1,38,38,0,0,122.1,0,0,0,1,0,0,21,0,0,6,8,5,12.8,0,0,6,10,6,11.857142857142858,0,7.6,2.6,0.32,Graduate,Female,Local
285,2,39,1,9773,1,12,100.0,1,1,1,4,4,100.0,0,0,0,1,0,0,24,0,0,6,6,6,12.166666666666666,0,0,6,6,6,13.833333333333334,0,7.6,2.6,0.32,Graduate,Female,Local
286,1,17,1,9070,1,1,123.0,1,4,37,2,9,113.9,0,0,0,1,0,0,18,0,0,6,8,6,12.5,0,0,6,6,6,12.333333333333334,0,15.5,2.8,-4.06,Enrolled,Female,Local
287,1,39,1,8014,0,15,170.0,1,34,1,90,2,101.0,0,0,0,1,0,0,32,0,0,6,9,4,12.0,0,0,6,12,4,11.5,0,7.6,2.6,0.32,Graduate,Female,Local
288,1,18,2,8014,0,1,117.0,1,3,1,3,4,111.8,1,0,0,1,0,1,19,0,0,6,8,6,10.833333333333334,0,0,6,9,6,11.5,0,10.8,1.4,1.74,Graduate,Female,Local
289,1,39,1,9500,1,1,140.0,1,3,3,1,1,140.0,1,0,0,1,0,0,24,0,0,8,8,8,13.385,0,0,8,8,8,13.385,0,9.4,-0.8,-3.12,Graduate,Female,Local
290,1,17,4,9085,1,1,123.0,1,19,19,4,10,124.4,1,0,0,1,0,0,19,0,0,6,14,6,15.666666666666666,0,0,6,9,6,14.5,0,15.5,2.8,-4.06,Graduate,Female,Local
291,1,44,1,9003,1,39,150.0,1,19,37,6,6,150.0,0,0,1,1,0,1,19,0,0,6,9,6,14.333333333333334,0,0,6,7,6,13.833333333333334,0,13.9,-0.3,0.79,Graduate,Female,Local
292,1,44,1,9003,1,39,140.0,1,37,37,9,4,140.0,0,0,0,1,0,0,24,0,0,6,10,6,11.428571428571429,0,0,6,12,5,13.0,0,12.4,0.5,1.79,Enrolled,Female,Local
293,1,17,4,9238,1,1,123.0,1,19,19,191,144,116.0,1,0,0,1,0,1,18,0,0,6,9,6,11.666666666666666,0,0,6,8,6,11.666666666666666,0,8.9,1.4,3.51,Graduate,Female,Local
294,1,1,1,9070,1,1,130.0,1,38,37,3,6,135.6,1,0,0,1,0,1,19,0,0,6,9,5,12.0,0,0,6,10,2,11.333333333333334,0,8.9,1.4,3.51,Dropout,Female,Local
295,2,1,1,9500,1,1,137.0,1,3,38,2,4,121.0,0,0,0,1,0,1,19,0,0,8,8,7,14.725714285714288,0,0,8,8,7,14.725714285714288,0,10.8,1.4,1.74,Graduate,Female,Local
296,1,17,2,9773,1,1,126.0,1,19,38,9,8,118.7,1,0,0,1,0,1,18,0,0,6,6,6,14.166666666666666,0,0,6,6,6,13.666666666666666,0,12.4,0.5,1.79,Graduate,Female,Local
297,1,1,1,9238,1,1,125.0,1,1,1,3,3,125.7,1,0,0,1,0,0,18,0,0,6,10,6,11.571428571428571,0,0,6,8,6,12.333333333333334,0,12.4,0.5,1.79,Graduate,Female,Local
298,1,17,4,9556,1,1,112.0,1,1,1,4,10,107.1,1,0,0,1,0,0,20,0,0,7,7,7,12.5,0,0,8,8,8,13.1375,0,12.4,0.5,1.79,Graduate,Female,Local
299,1,1,1,9500,1,1,141.0,1,19,38,5,7,125.5,0,0,0,1,0,0,18,0,0,8,10,8,12.86,2,0,8,10,8,12.86,2,9.4,-0.8,-3.12,Graduate,Female,Local
300,1,17,4,9670,1,1,135.0,1,38,38,9,7,127.0,1,0,0,1,0,0,18,0,0,6,10,6,12.25,0,0,6,9,6,13.714285714285714,0,11.1,0.6,2.02,Graduate,Female,Local
301,1,1,2,9085,1,1,117.0,1,38,37,9,9,113.5,1,0,0,1,0,1,21,0,0,5,7,4,12.0,0,0,5,5,5,12.2,0,10.8,1.4,1.74,Graduate,Female,Local
302,1,1,1,9500,1,1,160.0,1,19,19,4,9,154.4,0,0,0,1,0,1,18,0,0,7,9,7,15.116666666666667,0,0,8,9,8,16.168888888888887,0,15.5,2.8,-4.06,Graduate,Female,Local
303,1,51,1,9670,1,1,136.0,1,19,19,5,5,122.0,0,0,1,0,0,0,18,0,0,5,6,2,12.5,0,0,5,6,4,10.25,0,9.4,-0.8,-3.12,Dropout,Female,Local
304,1,17,2,9238,1,1,143.0,1,1,11,4,3,128.0,1,0,0,1,0,0,19,0,0,6,11,0,0.0,0,0,6,0,0,0.0,0,9.4,-0.8,-3.12,Dropout,Female,Local
305,1,1,1,9670,1,1,119.0,1,1,19,4,10,115.5,1,0,0,1,0,0,19,0,0,6,8,4,11.0,0,0,6,9,4,11.0,0,10.8,1.4,1.74,Enrolled,Female,Local
306,1,17,4,9670,1,1,120.0,1,1,19,5,5,117.2,1,0,0,1,0,0,18,0,0,6,8,6,11.875,0,0,6,11,4,14.6,0,11.1,0.6,2.02,Graduate,Female,Local
307,1,39,1,9130,1,3,150.0,1,3,1,90,90,150.0,1,0,0,1,0,0,34,0,1,5,6,1,11.0,0,0,5,5,0,0.0,0,12.7,3.7,-1.7,Dropout,Female,Local
308,1,1,3,9085,1,1,142.0,1,11,11,90,90,155.3,0,0,0,1,0,0,19,0,0,5,5,5,15.2,0,0,5,6,5,13.2,0,7.6,2.6,0.32,Graduate,Female,Local
309,1,44,1,9130,1,39,120.0,1,37,37,7,8,120.0,1,0,1,0,0,0,19,0,2,6,7,5,11.6,0,1,6,12,2,11.0,0,12.4,0.5,1.79,Dropout,Female,Local
310,1,51,1,9238,1,1,160.0,1,3,19,2,1,116.1,0,0,1,1,0,0,26,0,0,6,6,6,14.833333333333334,0,0,6,7,6,15.142857142857142,0,11.1,0.6,2.02,Graduate,Female,Local
311,1,17,1,9853,1,1,133.1,1,34,34,0,0,118.9,1,0,0,1,0,0,21,0,0,6,12,3,11.333333333333334,0,0,6,10,3,11.333333333333334,0,7.6,2.6,0.32,Dropout,Female,Local
312,1,17,2,9147,1,1,142.0,1,19,19,4,8,127.3,0,0,0,1,0,1,18,0,0,5,5,5,11.2,0,0,5,5,5,11.8,0,11.1,0.6,2.02,Graduate,Female,Local
313,1,17,4,9853,1,1,121.0,1,38,38,5,7,113.7,1,0,0,1,0,1,20,0,0,6,8,5,13.4,0,0,6,9,5,13.666666666666666,0,9.4,-0.8,-3.12,Graduate,Female,Local
314,1,51,1,9147,1,1,135.0,1,1,1,4,4,118.5,0,0,0,1,0,0,25,0,0,5,12,2,10.5,0,0,5,5,0,0.0,0,11.1,0.6,2.02,Dropout,Female,Local
315,1,1,1,9147,1,1,153.0,1,1,38,4,3,146.7,0,0,0,1,0,0,18,0,0,5,5,5,16.2,0,0,5,5,5,16.4,0,11.1,0.6,2.02,Graduate,Female,Local
316,1,1,1,9500,1,1,140.0,1,19,19,3,6,124.3,1,0,0,1,0,1,18,0,0,7,7,7,14.542857142857144,0,0,8,11,8,14.88181818181818,0,16.2,0.3,-0.92,Graduate,Female,Local
317,1,1,1,9500,1,1,152.0,1,41,19,3,5,137.8,0,0,0,1,0,0,19,0,0,7,7,7,13.694285714285714,0,0,8,9,8,14.355555555555554,0,11.1,0.6,2.02,Graduate,Female,Local
318,1,1,1,9238,1,1,120.0,1,19,38,5,9,130.2,0,0,0,1,0,1,18,0,0,6,8,6,11.285714285714286,0,0,6,10,6,11.857142857142858,0,12.4,0.5,1.79,Graduate,Female,Local
319,1,17,1,9500,1,1,160.0,1,38,38,7,7,147.8,0,0,0,1,0,0,20,0,0,7,11,6,11.757142857142856,0,0,8,12,6,13.083333333333334,0,15.5,2.8,-4.06,Enrolled,Female,Local
320,1,7,1,9085,1,40,150.0,1,19,19,9,5,150.0,0,0,1,0,0,0,26,0,0,3,3,0,0.0,0,0,6,0,0,0.0,0,8.9,1.4,3.51,Dropout,Female,Local
321,1,42,1,9500,1,1,100.0,1,37,37,7,9,100.0,1,0,0,1,0,1,19,0,0,8,8,7,13.058571428571428,0,0,8,8,7,13.058571428571428,0,10.8,1.4,1.74,Graduate,Female,Local
322,1,1,1,9500,1,1,150.0,1,1,1,5,1,155.6,0,0,0,1,0,0,19,0,0,7,7,7,14.3,0,0,8,9,8,14.055555555555555,0,16.2,0.3,-0.92,Graduate,Female,Local
323,1,43,4,9147,1,1,124.0,1,37,37,9,9,117.4,0,0,0,1,0,0,19,0,3,10,15,5,11.8,0,4,10,14,8,12.0,0,7.6,2.6,0.32,Graduate,Female,Local
324,1,5,3,9085,1,1,141.0,1,1,19,7,5,128.8,1,0,0,1,0,0,19,0,0,5,9,3,10.333333333333334,1,0,5,8,3,13.0,0,7.6,2.6,0.32,Enrolled,Female,Local
325,1,1,1,9254,1,1,121.0,1,19,19,5,8,117.5,1,0,0,1,0,0,18,0,0,6,7,6,10.571428571428571,0,0,6,11,3,11.666666666666666,0,16.2,0.3,-0.92,Graduate,Female,Local
326,1,43,1,9500,1,6,134.0,1,1,37,9,9,120.4,1,0,0,1,0,0,19,0,0,7,7,6,13.333333333333334,0,0,7,7,6,13.333333333333334,0,7.6,2.6,0.32,Graduate,Female,Local
327,1,1,1,9238,1,1,134.0,1,1,1,9,6,130.9,0,0,1,1,0,0,18,0,0,6,10,6,11.857142857142858,0,0,6,9,5,11.0,0,13.9,-0.3,0.79,Graduate,Female,Local
328,1,1,1,9853,1,1,132.0,1,2,19,4,4,125.0,1,0,0,1,0,0,18,0,0,6,9,5,12.6,0,0,6,8,5,11.4,0,9.4,-0.8,-3.12,Enrolled,Female,Local
329,1,1,1,9085,1,1,135.0,1,19,38,9,5,136.8,1,0,0,1,0,0,18,0,0,5,11,5,14.0,3,0,5,7,5,11.6,0,9.4,-0.8,-3.12,Enrolled,Female,Local
330,1,1,1,9853,1,1,123.0,1,1,38,9,6,121.6,1,0,0,1,0,0,18,0,0,7,12,5,12.0,0,0,7,9,6,12.666666666666666,0,11.1,0.6,2.02,Enrolled,Female,Local
331,1,44,1,9119,1,39,151.0,1,19,37,4,7,151.0,0,0,1,1,0,0,26,0,0,5,6,0,0.0,0,0,5,5,0,0.0,0,16.2,0.3,-0.92,Dropout,Female,Local
332,1,1,1,9238,1,1,107.0,1,38,38,7,7,103.5,1,0,0,1,0,0,20,0,0,6,7,6,12.0,0,0,6,7,6,13.0,0,12.4,0.5,1.79,Graduate,Female,Local
333,1,1,1,8014,0,1,126.0,1,37,38,9,10,119.4,0,0,0,1,0,0,19,0,0,6,6,6,12.666666666666666,0,0,6,6,6,11.666666666666666,0,12.7,3.7,-1.7,Graduate,Female,Local
334,1,1,1,9238,1,1,133.0,1,34,37,4,9,134.4,1,0,0,1,0,1,18,0,0,6,6,6,12.166666666666666,0,0,6,9,6,13.666666666666666,0,9.4,-0.8,-3.12,Graduate,Female,Local
335,1,44,1,9238,1,39,140.0,1,38,37,7,7,143.0,0,0,0,1,0,0,19,0,3,6,6,6,13.333333333333334,0,2,6,6,6,14.666666666666666,0,13.9,-0.3,0.79,Graduate,Female,Local
336,1,7,1,9853,1,40,110.0,1,41,3,2,1,110.0,0,0,1,1,0,0,40,0,0,7,8,7,15.0,0,0,7,7,7,14.571428571428571,0,12.4,0.5,1.79,Graduate,Female,Local
337,1,1,4,9500,1,1,141.0,1,38,38,7,7,132.5,1,0,0,1,0,1,18,0,0,8,8,8,13.39125,0,0,8,8,8,13.39125,0,9.4,-0.8,-3.12,Graduate,Female,Local
338,1,17,1,9238,1,1,122.0,1,3,1,9,10,114.7,0,0,0,1,0,0,19,0,0,6,9,5,12.166666666666666,0,0,6,8,6,12.428571428571429,0,13.9,-0.3,0.79,Graduate,Female,Local
339,1,17,1,9130,1,1,156.0,1,2,9,3,5,166.9,0,0,0,1,0,0,18,0,0,5,9,4,11.25,0,0,5,6,4,12.5,0,7.6,2.6,0.32,Graduate,Female,Local
340,1,1,1,9085,1,1,129.0,1,1,2,3,1,125.9,1,0,0,1,0,0,19,0,0,5,13,4,12.0,2,0,5,8,3,12.0,0,9.4,-0.8,-3.12,Enrolled,Female,Local
341,1,1,1,171,1,1,188.0,1,3,3,2,2,178.3,1,0,0,1,0,0,18,0,0,0,0,0,0.0,0,0,0,0,0,0.0,0,15.5,2.8,-4.06,Dropout,Female,Local
342,2,39,1,8014,0,1,120.0,1,37,37,9,9,117.0,1,0,0,1,0,0,33,0,0,6,7,6,12.833333333333334,0,0,6,8,6,12.857142857142858,0,12.4,0.5,1.79,Graduate,Female,Local
343,1,39,1,9003,1,3,130.0,1,3,3,1,2,150.0,0,0,0,1,0,0,35,0,0,6,10,6,14.0,0,0,6,11,6,13.1,0,16.2,0.3,-0.92,Graduate,Female,Local
344,1,42,1,9147,1,1,130.0,1,37,38,9,1,130.0,1,0,0,1,0,0,26,0,3,5,5,4,13.0,0,1,5,7,2,12.0,0,9.4,-0.8,-3.12,Enrolled,Female,Local
345,1,1,1,9773,1,1,140.0,1,19,19,7,5,135.1,1,0,0,1,0,0,18,0,0,6,7,6,13.5,0,0,6,8,6,12.5,0,9.4,-0.8,-3.12,Graduate,Female,Local
346,1,43,1,9238,1,1,110.0,1,37,37,9,9,110.0,0,0,0,1,0,0,36,0,10,16,24,13,10.692307692307692,1,9,13,19,9,12.307692307692308,0,15.5,2.8,-4.06,Enrolled,Female,Local
347,4,39,1,9991,0,1,133.1,1,37,37,6,6,136.2,0,0,0,1,0,0,39,0,0,5,6,5,11.0,0,0,5,9,5,11.666666666666666,0,10.8,1.4,1.74,Graduate,Female,Local
348,2,39,1,9238,1,1,120.0,1,37,37,9,9,116.0,0,0,0,1,0,0,44,0,0,6,8,6,13.0,0,0,6,6,6,13.833333333333334,0,12.7,3.7,-1.7,Graduate,Female,Local
349,1,1,2,8014,0,1,96.0,1,3,1,3,9,100.0,0,0,0,1,0,0,20,0,0,6,10,5,12.0,0,0,6,9,4,11.25,0,9.4,-0.8,-3.12,Enrolled,Female,Local
350,1,1,1,9254,1,1,117.0,1,19,19,9,9,116.3,1,0,0,1,0,0,24,0,0,6,9,4,12.6,0,0,6,6,4,11.5,0,12.7,3.7,-1.7,Dropout,Female,Local
351,1,43,1,9773,1,1,123.0,1,19,19,9,8,134.0,0,0,0,1,0,1,20,0,0,6,6,6,13.666666666666666,0,0,6,6,6,13.333333333333334,0,12.4,0.5,1.79,Graduate,Female,Local
352,1,1,4,171,1,1,127.0,1,1,1,9,5,124.2,1,0,0,0,0,0,19,0,0,0,0,0,0.0,0,0,0,0,0,0.0,0,9.4,-0.8,-3.12,Dropout,Female,Local
353,2,1,1,9500,1,1,151.0,1,37,38,9,7,134.5,0,0,1,1,0,1,18,0,0,7,7,6,14.2,0,0,7,7,6,14.2,0,7.6,2.6,0.32,Graduate,Female,Local
354,1,1,1,9254,1,1,127.0,1,19,19,4,6,120.7,0,0,1,0,0,0,22,0,0,6,10,5,11.0,0,0,6,12,0,0.0,0,10.8,1.4,1.74,Dropout,Female,Local
355,1,17,1,9085,1,1,133.0,1,19,1,4,5,127.1,1,0,0,1,0,0,18,0,0,6,7,6,15.0,0,0,6,7,6,16.428571428571427,0,11.1,0.6,2.02,Graduate,Female,Local
356,1,39,1,9500,1,19,133.1,1,38,37,9,9,133.0,0,0,0,1,0,0,24,0,0,7,9,6,12.585714285714284,0,0,8,9,7,13.44285714285714,0,13.9,-0.3,0.79,Graduate,Female,Local
357,1,39,1,9991,0,1,133.1,1,37,37,90,8,128.2,0,0,0,1,0,0,33,0,0,5,0,0,0.0,0,0,5,0,0,0.0,0,12.7,3.7,-1.7,Dropout,Female,Local
358,1,39,1,9003,1,1,133.1,1,37,37,3,8,130.0,0,0,1,1,0,1,30,0,0,6,6,0,0.0,0,0,6,6,0,0.0,0,11.1,0.6,2.02,Enrolled,Female,Local
359,1,39,1,9085,1,43,160.0,1,3,39,2,3,172.0,0,0,0,1,0,0,26,0,0,6,0,0,0.0,0,0,6,0,0,0.0,0,8.9,1.4,3.51,Dropout,Female,Local
360,1,17,4,9853,1,1,140.0,1,19,38,4,1,128.5,1,0,0,1,0,0,18,0,0,6,7,6,11.666666666666666,0,0,6,10,6,11.833333333333334,0,10.8,1.4,1.74,Graduate,Female,Local
361,1,1,1,9773,1,1,146.0,1,37,38,9,7,128.5,0,0,1,1,0,0,19,0,0,6,13,3,12.666666666666666,0,0,6,12,2,10.0,0,10.8,1.4,1.74,Dropout,Female,Local
362,1,17,4,9147,1,1,112.0,1,19,38,9,10,112.0,1,0,0,1,0,0,20,0,0,5,10,3,10.333333333333334,0,0,5,9,4,11.0,2,16.2,0.3,-0.92,Enrolled,Female,Local
363,1,53,1,9085,1,42,140.0,1,19,37,9,8,142.5,1,0,0,1,0,1,22,0,7,11,18,8,13.5,0,4,9,16,7,13.714285714285714,0,8.9,1.4,3.51,Graduate,Female,Local
364,1,1,4,9500,1,1,136.0,1,1,1,9,1,133.0,1,0,0,1,0,0,19,0,0,7,8,5,13.98,0,0,7,8,5,13.98,0,7.6,2.6,0.32,Enrolled,Female,Local
365,1,1,1,9085,1,1,133.1,1,37,38,7,5,106.0,1,0,0,1,0,1,21,0,0,6,13,6,16.153846153846153,0,0,6,10,6,15.75,0,15.5,2.8,-4.06,Graduate,Female,Local
366,1,1,4,9500,1,1,136.0,1,19,38,4,8,125.5,1,0,0,1,0,1,21,0,0,7,7,6,14.033333333333331,0,0,7,7,6,14.033333333333331,0,7.6,2.6,0.32,Graduate,Female,Local
367,1,17,1,9085,1,1,134.0,1,19,37,2,7,131.2,0,0,0,1,0,0,19,0,0,5,8,1,11.0,0,0,5,6,5,11.2,0,7.6,2.6,0.32,Enrolled,Female,Local
368,1,1,1,9853,1,1,122.0,1,38,37,191,195,112.9,1,0,0,1,0,1,19,0,0,7,8,7,13.857142857142858,0,0,7,8,6,13.666666666666666,0,8.9,1.4,3.51,Graduate,Female,Local
369,1,1,6,9500,1,1,138.0,1,19,19,9,5,124.8,1,0,0,1,0,0,18,0,0,8,8,7,13.414285714285716,0,0,8,8,7,13.414285714285716,0,12.7,3.7,-1.7,Dropout,Female,Local
370,2,43,1,8014,0,1,160.0,1,37,39,9,4,140.9,0,0,0,1,0,0,50,0,7,11,11,11,13.545454545454543,0,3,7,7,7,13.571428571428571,0,16.2,0.3,-0.92,Graduate,Female,Local
371,4,39,1,9991,0,1,130.0,1,38,19,9,7,148.0,0,0,0,1,0,1,31,0,0,5,11,4,11.25,0,0,5,10,4,10.833333333333334,0,13.9,-0.3,0.79,Enrolled,Female,Local
372,1,17,1,9773,1,1,161.0,1,1,19,4,7,148.4,0,0,0,1,0,1,19,0,0,6,6,6,13.833333333333334,0,0,6,7,6,14.428571428571429,0,15.5,2.8,-4.06,Graduate,Female,Local
373,4,39,1,9991,0,1,140.0,1,1,37,141,192,129.7,0,0,0,1,0,0,35,0,0,5,8,5,12.0,0,0,5,9,5,12.857142857142858,0,13.9,-0.3,0.79,Graduate,Female,Local
374,2,39,1,9085,1,19,133.1,1,38,38,4,7,128.2,0,0,0,1,0,0,31,0,0,6,0,0,0.0,0,0,6,0,0,0.0,0,12.7,3.7,-1.7,Dropout,Female,Local
375,2,51,1,8014,0,19,133.1,1,37,37,9,9,104.0,0,0,1,1,0,0,42,0,5,11,14,10,11.9,0,5,11,14,10,12.8,0,11.1,0.6,2.02,Enrolled,Female,Local
376,1,18,4,9147,1,1,130.0,1,37,37,9,9,119.9,1,0,0,0,0,0,34,0,0,5,5,0,0.0,0,0,5,0,0,0.0,0,9.4,-0.8,-3.12,Dropout,Female,Local
377,1,1,1,9500,1,1,152.0,1,1,1,4,4,141.0,1,0,0,1,0,1,18,0,0,7,7,7,15.135714285714286,0,0,8,8,8,15.287499999999998,0,12.4,0.5,1.79,Graduate,Female,Local
378,1,17,1,9853,1,1,125.0,1,3,3,3,3,116.6,1,0,0,0,0,1,18,0,0,7,7,7,12.285714285714286,0,0,7,8,6,13.333333333333334,0,8.9,1.4,3.51,Enrolled,Female,Local
379,1,44,1,9085,1,39,140.0,1,37,38,5,6,140.0,1,0,0,1,0,0,21,0,2,6,16,5,12.666666666666666,0,1,6,15,2,13.5,0,16.2,0.3,-0.92,Enrolled,Female,Local
380,4,39,1,9500,1,19,133.1,1,38,19,5,7,140.0,0,0,0,1,0,1,26,0,0,7,13,5,12.74,0,0,8,12,6,10.978571428571428,0,16.2,0.3,-0.92,Dropout,Female,Local
381,1,43,1,9500,1,1,170.0,1,19,37,8,8,100.0,0,0,0,1,0,0,20,0,0,7,8,6,13.25,0,0,8,8,8,13.75,0,13.9,-0.3,0.79,Enrolled,Female,Local
382,1,1,1,9238,1,1,135.0,1,38,38,5,7,121.0,0,0,0,1,0,0,19,0,0,6,13,3,10.333333333333334,0,0,6,12,3,10.333333333333334,0,7.6,2.6,0.32,Enrolled,Female,Local
383,1,1,1,9853,1,1,125.0,1,19,19,5,5,117.0,0,0,0,1,0,1,19,0,0,6,7,6,13.428571428571429,0,0,6,6,6,13.166666666666666,0,15.5,2.8,-4.06,Graduate,Female,Local
384,1,53,1,9147,1,42,140.0,1,3,4,2,1,140.2,0,0,0,1,0,0,20,0,6,11,19,9,12.555555555555555,0,3,9,14,8,11.11111111111111,0,8.9,1.4,3.51,Graduate,Female,Local
385,1,1,1,9238,1,1,124.0,1,34,34,0,0,129.3,0,0,0,1,0,0,19,0,0,6,8,6,11.5,0,0,6,7,6,11.166666666666666,0,7.6,2.6,0.32,Graduate,Female,Local
386,1,1,1,9853,1,1,140.0,1,37,37,9,9,145.3,0,0,0,1,0,0,18,0,0,6,6,6,13.666666666666666,0,0,6,9,6,12.333333333333334,0,7.6,2.6,0.32,Graduate,Female,Local
387,1,39,1,9991,0,3,130.0,1,37,37,9,9,146.2,0,0,0,1,0,0,28,0,10,14,16,11,11.272727272727272,0,6,11,16,10,12.0,0,10.8,1.4,1.74,Graduate,Female,Local
388,1,17,1,9853,1,1,134.0,1,1,19,4,5,122.5,1,0,0,1,0,0,22,0,0,6,10,5,13.166666666666666,0,0,6,8,5,12.4,0,15.5,2.8,-4.06,Enrolled,Female,Local
389,1,44,1,8014,0,39,160.0,1,37,37,7,7,156.1,0,0,0,1,0,1,21,0,3,6,6,6,14.666666666666666,0,2,6,6,6,14.166666666666666,0,13.9,-0.3,0.79,Graduate,Female,Local
390,1,44,1,9085,1,39,140.0,1,4,38,4,5,140.0,1,0,0,1,0,0,21,0,0,6,11,4,12.75,0,0,6,19,1,11.0,0,12.4,0.5,1.79,Enrolled,Female,Local
391,1,39,1,9500,1,1,150.0,1,1,19,5,3,140.0,0,1,0,1,0,0,26,0,0,7,11,5,11.2,0,0,8,13,5,12.14,0,16.2,0.3,-0.92,Enrolled,Female,Local
392,1,1,6,9773,1,1,141.0,1,30,37,7,7,128.4,1,0,1,0,0,0,18,0,0,6,8,5,13.0,0,0,6,8,5,11.4,0,7.6,2.6,0.32,Dropout,Female,Local
393,1,17,2,9085,1,1,120.0,1,1,1,9,10,115.0,0,0,0,0,0,0,20,0,0,5,8,2,10.5,0,0,5,8,2,12.333333333333334,0,7.6,2.6,0.32,Dropout,Female,Local
394,1,17,2,9085,1,1,166.0,1,1,19,4,3,158.7,0,0,0,1,0,0,18,0,0,6,7,6,14.857142857142858,0,0,6,7,6,14.0,0,11.1,0.6,2.02,Graduate,Female,Local
395,1,1,4,9500,1,1,147.0,1,1,1,4,9,124.5,1,0,0,1,0,1,19,0,0,8,11,7,12.86,0,0,8,11,7,12.86,0,10.8,1.4,1.74,Graduate,Female,Local
396,1,51,1,9238,1,1,121.0,1,3,19,3,10,111.9,1,0,0,1,0,0,20,0,5,11,12,11,11.727272727272728,0,5,11,14,11,12.0,0,12.4,0.5,1.79,Graduate,Female,Local
397,1,44,1,9085,1,39,150.0,1,38,37,4,6,150.0,1,0,0,1,0,1,22,0,3,6,11,6,13.142857142857142,0,2,6,10,3,12.0,0,13.9,-0.3,0.79,Graduate,Female,Local
398,1,17,1,9670,1,1,124.0,1,37,19,5,8,114.2,1,0,1,1,0,0,18,0,0,6,6,5,11.8,0,0,6,9,4,13.714285714285714,0,10.8,1.4,1.74,Dropout,Female,Local
399,1,17,1,9147,1,1,96.0,1,38,37,6,4,96.0,1,0,0,1,0,0,19,0,0,5,10,3,10.666666666666666,0,0,5,9,0,0.0,3,16.2,0.3,-0.92,Dropout,Female,Local
400,1,17,4,9070,1,1,125.0,1,1,3,3,3,128.9,0,0,0,1,0,1,18,0,0,6,9,5,11.6,0,0,6,8,4,11.2,0,8.9,1.4,3.51,Enrolled,Female,Local
401,1,17,1,9254,1,1,136.0,1,37,37,7,7,121.7,1,0,0,1,0,0,20,0,0,6,13,3,10.333333333333334,0,0,6,12,3,10.333333333333334,0,10.8,1.4,1.74,Enrolled,Female,Local
402,1,1,1,9773,1,1,120.0,1,38,37,9,9,114.8,1,1,0,1,0,0,19,0,0,6,11,4,12.25,0,0,6,11,3,11.0,0,7.6,2.6,0.32,Enrolled,Female,Local
403,1,1,1,9254,1,1,128.0,1,19,38,9,9,127.0,0,0,0,1,0,0,19,0,0,6,6,6,12.0,0,0,6,7,4,12.75,0,12.4,0.5,1.79,Enrolled,Female,Local
404,1,17,1,9500,1,1,142.0,1,37,37,5,5,131.3,1,0,0,1,0,0,19,0,0,8,8,7,14.731428571428571,0,0,8,8,7,14.731428571428571,0,10.8,1.4,1.74,Graduate,Female,Local
405,1,1,1,171,1,1,135.0,1,1,19,3,9,137.1,1,0,0,1,0,0,18,0,0,0,0,0,0.0,0,0,0,0,0,0.0,0,12.7,3.7,-1.7,Graduate,Female,Local
406,1,7,1,9070,1,40,120.0,1,1,19,3,9,120.0,1,0,0,1,0,0,21,0,9,13,14,13,13.615384615384617,1,6,12,12,12,14.25,0,13.9,-0.3,0.79,Graduate,Female,Local
407,1,39,1,9991,0,40,140.0,1,1,19,9,9,139.0,0,0,0,1,0,0,27,0,0,5,5,5,15.8,0,0,5,5,5,14.8,0,8.9,1.4,3.51,Graduate,Female,Local
408,1,17,1,9238,1,1,135.0,1,1,19,4,4,129.1,0,0,0,1,0,0,19,0,0,6,6,6,14.666666666666666,0,0,6,7,6,14.571428571428571,0,15.5,2.8,-4.06,Graduate,Female,Local
409,4,39,1,9085,1,1,133.1,1,34,34,0,0,128.2,0,0,0,1,0,0,25,0,0,5,5,0,0.0,0,0,5,5,0,0.0,0,7.6,2.6,0.32,Dropout,Female,Local
410,1,1,2,9500,1,1,137.0,1,19,19,7,7,120.8,1,0,0,1,0,1,18,0,0,8,8,7,14.654285714285717,0,0,8,8,7,14.654285714285717,0,10.8,1.4,1.74,Graduate,Female,Local
411,1,39,1,9500,1,3,122.0,1,19,1,4,8,135.8,0,0,0,1,0,0,24,0,0,8,8,7,12.401428571428571,0,0,8,8,7,12.401428571428571,0,10.8,1.4,1.74,Graduate,Female,Local
412,1,1,3,9500,1,1,128.0,1,1,1,4,10,118.9,1,0,0,1,0,0,20,0,0,7,8,7,11.5875,0,0,8,9,7,14.071428571428571,0,13.9,-0.3,0.79,Graduate,Female,Local
413,1,7,1,9991,0,40,140.0,1,37,37,6,6,140.0,0,0,0,1,0,0,26,0,3,5,5,5,14.0,0,1,5,5,5,15.6,0,12.4,0.5,1.79,Graduate,Female,Local
414,1,1,1,9238,1,1,132.0,1,1,38,9,7,127.1,1,0,0,1,0,1,20,0,0,6,9,6,12.333333333333334,0,0,6,6,6,11.833333333333334,0,8.9,1.4,3.51,Graduate,Female,Local
415,1,1,1,9085,1,1,131.0,1,37,37,90,90,137.0,0,0,0,1,0,0,18,0,0,5,5,5,14.0,0,0,5,6,5,15.4,0,7.6,2.6,0.32,Graduate,Female,Local
416,1,1,1,9085,1,1,126.0,1,1,1,9,9,127.4,1,0,0,1,0,0,19,0,0,6,13,6,15.23076923076923,0,0,6,10,6,12.375,0,15.5,2.8,-4.06,Graduate,Female,Local
417,1,1,1,9853,1,1,133.1,1,19,19,9,9,97.0,1,0,0,1,0,0,23,0,0,6,9,5,11.6,0,0,6,9,3,11.0,0,12.7,3.7,-1.7,Dropout,Female,Local
418,1,1,4,9500,1,1,136.0,1,37,37,9,9,126.3,1,0,0,1,0,1,18,0,0,7,7,6,11.6,0,0,7,7,6,11.6,0,7.6,2.6,0.32,Graduate,Female,Local
419,1,1,4,9500,1,1,140.0,1,1,19,4,5,127.5,0,0,0,1,0,0,18,0,0,7,0,0,0.0,0,0,8,0,0,0.0,0,12.7,3.7,-1.7,Dropout,Female,Local
420,1,1,1,9500,1,1,135.0,1,2,1,2,8,126.6,0,0,0,1,0,1,19,0,0,7,7,7,12.901428571428571,0,0,8,9,8,13.094444444444443,0,11.1,0.6,2.02,Graduate,Female,Local
421,1,42,1,9991,0,1,160.0,1,1,2,4,3,120.0,0,0,0,1,0,0,30,0,4,7,9,7,14.142857142857142,0,1,5,5,5,14.8,0,7.6,2.6,0.32,Graduate,Female,Local
422,1,44,1,9085,1,39,140.0,1,1,2,4,6,140.0,1,0,0,1,0,0,29,0,0,6,0,0,0.0,0,0,6,0,0,0.0,0,15.5,2.8,-4.06,Dropout,Female,Local
423,1,1,6,9500,1,1,140.0,1,3,1,3,3,131.5,1,0,0,1,0,0,19,0,0,8,8,8,13.25375,0,0,8,8,8,13.25375,0,9.4,-0.8,-3.12,Graduate,Female,Local
424,1,17,6,9556,1,1,115.0,1,19,2,5,3,112.2,1,0,0,1,0,0,20,0,0,7,7,7,13.785714285714286,0,0,8,8,8,14.1,0,12.4,0.5,1.79,Graduate,Female,Local
425,1,1,1,9500,1,1,144.0,1,37,37,9,3,150.5,0,0,0,1,0,0,20,0,0,7,7,6,13.916666666666666,0,0,7,7,6,13.916666666666666,0,7.6,2.6,0.32,Graduate,Female,Local
426,1,1,4,9670,1,1,128.0,1,38,38,3,7,121.0,1,0,0,1,0,0,19,0,0,6,8,6,13.5,0,0,6,9,6,13.571428571428571,0,11.1,0.6,2.02,Graduate,Female,Local
427,1,17,1,9147,1,1,116.0,1,38,2,9,2,112.2,1,0,0,1,0,0,20,0,0,5,8,3,11.333333333333334,0,0,5,12,2,10.666666666666666,0,10.8,1.4,1.74,Enrolled,Female,Local
428,3,1,2,9085,1,1,135.0,1,19,1,4,4,129.4,1,0,0,1,0,0,21,0,0,5,8,0,0.0,4,0,5,12,0,0.0,4,10.8,1.4,1.74,Dropout,Female,Local
429,1,17,1,9670,1,1,121.0,1,19,38,4,10,114.4,0,0,0,1,0,0,19,0,0,6,10,5,11.5,0,0,6,9,4,14.6,0,11.1,0.6,2.02,Graduate,Female,Local
430,1,1,3,9500,1,1,134.0,1,37,38,9,9,120.3,1,0,0,1,0,1,18,0,0,8,8,7,12.082857142857142,0,0,8,8,7,12.082857142857142,0,10.8,1.4,1.74,Graduate,Female,Local
431,1,39,1,8014,0,1,120.0,1,37,37,7,8,120.0,0,0,0,1,0,1,27,0,0,6,8,6,11.833333333333334,0,0,6,10,5,12.8,0,15.5,2.8,-4.06,Graduate,Female,Local
432,1,17,2,9147,1,1,125.0,1,38,38,6,8,114.5,1,0,0,1,0,1,19,0,0,5,6,5,13.4,0,0,5,5,5,12.4,0,12.4,0.5,1.79,Graduate,Female,Local
433,1,1,1,9500,1,1,141.0,1,1,1,90,3,127.8,0,0,0,1,0,1,19,0,0,7,7,0,0.0,2,0,7,7,0,0.0,2,7.6,2.6,0.32,Dropout,Female,Local
434,1,1,1,9773,1,1,140.0,1,1,19,4,8,124.6,1,0,0,1,0,0,19,0,0,6,7,5,14.2,0,0,6,7,6,14.571428571428571,0,15.5,2.8,-4.06,Graduate,Female,Local
435,1,1,6,9500,1,1,144.0,1,19,19,5,5,130.3,1,0,0,1,0,1,18,0,0,8,8,7,13.814285714285717,0,0,8,8,7,13.814285714285717,0,12.7,3.7,-1.7,Graduate,Female,Local
436,1,17,1,9254,1,1,122.0,1,19,19,5,5,118.2,0,0,0,1,0,1,20,0,0,6,10,4,11.25,0,0,6,6,6,10.5,0,12.4,0.5,1.79,Enrolled,Female,Local
437,1,1,1,9670,1,1,130.0,1,19,37,4,5,118.8,0,0,0,1,0,1,18,0,0,6,6,6,14.5,0,0,6,8,6,13.666666666666666,0,12.7,3.7,-1.7,Graduate,Female,Local
438,1,1,5,9670,1,1,133.1,1,9,1,2,4,133.0,1,0,0,1,0,0,19,0,0,6,0,0,0.0,0,0,6,0,0,0.0,0,7.6,2.6,0.32,Dropout,Female,Local
439,2,39,1,9500,1,19,133.1,1,37,37,9,9,129.0,1,0,0,1,0,0,36,0,0,7,7,6,11.3,0,0,7,7,6,11.3,0,7.6,2.6,0.32,Graduate,Female,Local
440,1,43,1,9556,1,1,147.0,1,3,4,3,2,100.0,0,0,0,1,0,0,18,0,0,2,2,0,0.0,0,0,4,4,1,16.0,0,10.8,1.4,1.74,Enrolled,Female,Local
441,1,43,1,9130,1,1,127.0,1,19,38,4,5,120.7,1,0,1,1,0,0,18,0,0,5,11,1,12.0,0,0,5,9,3,12.0,0,12.7,3.7,-1.7,Enrolled,Female,Local
442,1,17,6,9500,1,1,136.0,1,19,38,9,3,132.5,1,0,0,1,0,0,19,0,0,8,9,7,12.3,0,0,8,9,7,12.3,0,12.7,3.7,-1.7,Graduate,Female,Local
443,1,1,5,9500,1,1,127.0,1,19,19,7,8,120.3,1,0,0,1,0,1,18,0,0,8,8,7,12.694285714285714,0,0,8,8,7,12.694285714285714,0,10.8,1.4,1.74,Graduate,Female,Local
444,1,17,1,9670,1,1,123.0,1,19,19,1,1,114.6,0,0,0,1,0,0,18,0,0,5,5,4,11.0,0,0,5,5,4,11.0,0,9.4,-0.8,-3.12,Graduate,Female,Local
445,1,1,1,9238,1,1,128.0,1,37,19,9,3,116.5,1,0,0,1,0,1,19,0,0,6,6,6,13.0,0,0,6,6,6,14.166666666666666,0,12.4,0.5,1.79,Graduate,Female,Local
446,1,1,1,9500,1,1,128.0,1,3,1,2,1,127.8,0,0,0,1,0,1,19,0,0,7,8,7,14.4125,0,0,8,8,8,16.05,0,13.9,-0.3,0.79,Graduate,Female,Local
447,1,1,2,9500,1,1,140.0,1,1,19,7,7,129.9,1,0,0,1,0,0,18,0,0,7,8,7,12.92875,0,0,8,8,8,14.0625,0,15.5,2.8,-4.06,Dropout,Female,Local
448,1,1,2,9773,1,1,121.0,1,1,19,9,7,118.9,1,0,0,1,0,0,20,0,0,6,6,6,13.333333333333334,0,0,6,10,5,12.8,0,11.1,0.6,2.02,Graduate,Female,Local
449,1,1,3,9254,1,1,122.0,1,19,38,3,10,114.3,1,0,0,1,0,1,20,0,0,6,8,5,12.8,0,0,6,9,5,12.8,0,12.4,0.5,1.79,Enrolled,Female,Local
450,1,18,1,9500,1,1,126.0,1,38,37,5,5,114.8,1,0,0,1,0,0,20,0,0,8,8,7,14.402857142857142,0,0,8,8,7,14.402857142857142,0,10.8,1.4,1.74,Graduate,Female,Local
451,1,1,4,9500,1,1,135.0,1,37,37,9,8,123.0,1,0,0,1,0,1,18,0,0,8,8,7,13.381428571428572,0,0,8,8,7,13.381428571428572,0,10.8,1.4,1.74,Graduate,Female,Local
452,1,1,2,9500,1,1,131.0,1,19,19,7,5,122.1,1,0,0,1,0,0,18,0,0,7,8,7,14.13125,0,0,8,8,8,13.98375,0,15.5,2.8,-4.06,Graduate,Female,Local
453,1,17,4,9085,1,1,140.0,1,19,37,4,7,123.7,0,0,0,1,0,0,19,0,0,5,11,5,11.714285714285714,2,0,5,6,5,12.6,0,9.4,-0.8,-3.12,Graduate,Female,Local
454,1,1,3,9147,1,1,131.0,1,19,38,9,7,132.4,1,0,0,1,0,0,19,0,0,5,5,5,11.8,0,0,5,8,4,11.25,0,9.4,-0.8,-3.12,Enrolled,Female,Local
455,2,39,1,8014,0,1,130.0,1,34,34,99,99,114.8,0,0,0,1,0,0,44,0,0,6,9,6,11.166666666666666,0,1,6,15,2,11.0,1,7.6,2.6,0.32,Graduate,Female,Local
456,1,7,1,9003,1,3,130.0,1,38,37,5,6,130.0,0,0,0,1,0,0,32,0,0,6,7,0,0.0,0,0,6,6,0,0.0,0,12.4,0.5,1.79,Dropout,Female,Local
457,1,43,1,9853,1,1,140.0,1,37,19,9,8,122.3,0,0,0,1,0,0,22,0,0,6,9,5,13.6,0,0,6,8,5,12.0,0,12.7,3.7,-1.7,Dropout,Female,Local
458,2,39,1,9003,1,1,130.0,1,1,19,4,9,152.4,1,0,0,1,0,0,36,0,4,12,14,12,13.846153846153848,0,5,12,18,11,14.090909090909092,0,8.9,1.4,3.51,Graduate,Female,Local
459,1,17,1,9773,1,1,125.0,1,37,37,5,7,120.1,0,0,0,1,0,1,18,0,0,6,7,6,12.5,0,0,6,8,6,13.333333333333334,0,16.2,0.3,-0.92,Graduate,Female,Local
460,1,1,1,9130,1,1,160.0,1,3,3,3,2,155.1,1,0,0,1,0,0,20,0,0,5,5,5,16.4,0,0,5,5,5,14.6,0,12.7,3.7,-1.7,Graduate,Female,Local
461,1,51,1,9070,1,1,130.0,1,19,19,5,7,124.5,0,0,0,1,0,1,20,0,5,11,11,11,13.818181818181818,0,5,11,11,11,13.454545454545457,0,11.1,0.6,2.02,Graduate,Female,Local
462,1,17,1,9238,1,1,144.0,1,3,1,2,3,126.9,0,0,0,1,0,0,19,0,0,6,8,5,10.6,0,0,6,11,4,10.5,0,15.5,2.8,-4.06,Graduate,Female,Local
463,1,39,1,9147,1,19,133.1,1,3,1,3,5,153.2,1,0,1,1,0,0,24,0,0,5,8,5,10.2,0,0,5,6,5,12.2,0,12.4,0.5,1.79,Graduate,Female,Local
464,1,17,1,9238,1,1,148.0,1,1,1,4,9,129.8,0,0,0,1,0,0,20,0,0,6,11,5,10.6,0,0,6,11,4,10.4,0,15.5,2.8,-4.06,Enrolled,Female,Local
465,1,43,1,8014,0,1,133.1,1,3,3,2,3,135.0,0,0,0,1,0,0,27,0,7,10,10,9,11.444444444444445,0,4,11,11,5,10.8,0,10.8,1.4,1.74,Dropout,Female,Local
466,1,1,1,9853,1,1,133.0,1,1,38,5,10,131.3,1,0,0,1,0,0,20,0,0,6,9,5,14.333333333333334,0,4,8,8,8,12.625,0,15.5,2.8,-4.06,Enrolled,Female,Local
467,1,43,6,9238,1,1,129.0,1,34,34,0,0,125.2,0,0,0,1,0,1,23,0,15,16,18,16,13.0,0,11,13,15,13,13.266666666666667,0,9.4,-0.8,-3.12,Graduate,Female,Local
468,1,1,5,9500,1,1,144.0,1,19,38,4,8,141.3,1,0,0,1,0,1,18,0,0,8,9,8,13.31,1,0,8,9,8,13.31,1,9.4,-0.8,-3.12,Graduate,Female,Local
469,1,17,1,9238,1,1,120.0,1,37,37,4,9,117.1,1,0,0,1,0,1,18,0,0,6,10,5,10.571428571428571,1,0,6,9,5,12.2,0,12.7,3.7,-1.7,Graduate,Female,Local
470,1,17,3,9500,1,1,144.0,1,1,37,9,9,126.5,1,0,0,1,0,1,20,0,0,8,8,7,13.487142857142857,0,0,8,8,7,13.487142857142857,0,10.8,1.4,1.74,Graduate,Female,Local
471,1,1,1,9254,1,1,132.0,1,19,38,9,7,120.1,0,0,0,1,0,1,20,0,0,6,6,6,12.333333333333334,0,0,6,7,6,11.833333333333334,0,13.9,-0.3,0.79,Graduate,Female,Local
472,1,1,1,9670,1,1,142.0,1,38,19,7,10,128.4,0,0,0,1,0,0,23,0,0,6,11,6,11.875,0,0,6,9,5,12.833333333333334,0,11.1,0.6,2.02,Dropout,Female,Local
473,1,1,2,9500,1,1,136.0,1,19,19,9,9,140.0,1,0,0,1,0,0,20,0,0,7,7,6,13.966666666666669,0,0,7,7,6,13.966666666666669,0,7.6,2.6,0.32,Graduate,Female,Local
474,1,39,1,9254,1,9,133.1,1,34,34,0,0,110.0,1,0,0,0,0,0,28,0,0,5,10,0,0.0,0,0,5,10,0,0.0,0,7.6,2.6,0.32,Dropout,Female,Local
475,1,1,1,9670,1,1,122.0,1,1,19,3,5,116.8,1,0,0,1,0,0,21,0,0,5,8,4,11.5,0,0,5,5,5,12.8,0,7.6,2.6,0.32,Graduate,Female,Local
476,1,1,2,9556,1,1,133.1,1,19,19,9,9,104.5,1,0,0,1,0,0,21,0,0,2,2,2,12.5,0,0,7,0,0,0.0,0,12.4,0.5,1.79,Dropout,Female,Local
477,1,7,1,9500,1,3,140.0,1,34,34,0,0,140.0,0,0,0,1,0,0,28,0,0,7,0,0,0.0,0,0,8,0,0,0.0,0,7.6,2.6,0.32,Dropout,Female,Local
478,1,1,1,9500,1,1,117.0,1,3,1,3,3,113.2,0,1,0,1,0,0,18,0,0,7,10,6,11.98,0,0,8,11,7,13.225,0,16.2,0.3,-0.92,Graduate,Female,Local
479,1,17,1,9238,1,1,128.0,1,38,19,191,175,118.6,1,0,0,1,0,1,21,0,0,6,8,5,13.2,0,0,6,7,5,11.8,0,8.9,1.4,3.51,Enrolled,Female,Local
480,1,1,1,9500,1,1,136.0,1,1,1,4,4,123.8,0,0,0,1,0,0,19,0,0,7,10,6,11.614285714285714,0,0,8,8,8,14.0375,0,13.9,-0.3,0.79,Graduate,Female,Local
481,1,18,6,9500,1,1,141.0,1,1,19,1,1,126.7,1,0,0,1,0,1,18,0,0,8,8,7,14.314285714285717,0,0,8,8,7,14.314285714285717,0,12.7,3.7,-1.7,Graduate,Female,Local
482,1,1,3,9500,1,1,130.0,1,3,1,2,5,133.8,0,0,0,1,0,0,19,0,0,7,0,0,0.0,0,0,8,0,0,0.0,0,7.6,2.6,0.32,Dropout,Female,Local
483,1,44,1,9085,1,39,140.0,1,38,38,9,7,140.0,0,0,0,1,0,0,20,0,2,6,9,6,12.666666666666666,0,1,6,12,2,13.0,0,13.9,-0.3,0.79,Enrolled,Female,Local
484,1,1,3,9500,1,1,102.0,1,1,19,9,5,100.6,1,0,0,1,0,1,20,0,0,7,9,6,12.766666666666666,0,0,8,10,7,12.128571428571428,0,12.4,0.5,1.79,Graduate,Female,Local
485,1,17,1,9853,1,1,126.0,1,1,37,7,9,132.7,0,0,0,1,0,1,18,0,0,6,7,6,12.666666666666666,0,0,6,7,5,12.2,0,10.8,1.4,1.74,Graduate,Female,Local
486,1,43,2,9670,1,1,125.0,1,38,19,4,3,106.6,1,0,0,1,0,0,20,0,4,6,7,6,11.5,0,0,6,10,4,10.571428571428571,0,10.8,1.4,1.74,Dropout,Female,Local
487,1,39,1,9670,1,1,120.0,1,1,19,5,4,140.4,0,0,0,1,0,0,31,0,2,6,13,5,11.4,0,0,6,14,4,11.75,0,13.9,-0.3,0.79,Dropout,Female,Local
488,1,17,3,9500,1,1,132.0,1,37,37,9,7,128.3,1,0,0,1,0,1,19,0,0,7,8,7,14.70625,0,0,8,8,8,14.4775,0,15.5,2.8,-4.06,Graduate,Female,Local
489,1,1,3,9500,1,1,128.0,1,38,38,5,5,118.6,1,0,0,1,0,1,19,0,0,7,9,6,11.814285714285717,0,0,8,8,7,13.542857142857144,0,13.9,-0.3,0.79,Graduate,Female,Local
490,1,1,1,9070,1,1,115.0,1,19,1,3,8,123.4,0,0,0,1,0,0,23,0,1,6,8,6,13.0,1,0,6,8,6,11.875,0,13.9,-0.3,0.79,Graduate,Female,Local
491,1,1,1,9670,1,1,125.0,1,37,37,5,5,124.0,0,0,0,1,0,0,19,0,0,6,7,6,14.857142857142858,0,0,6,6,6,13.333333333333334,0,12.4,0.5,1.79,Graduate,Female,Local
492,1,1,6,9500,1,1,137.0,1,1,3,3,2,121.3,1,0,0,1,0,0,20,0,0,7,7,6,12.6,0,0,7,7,6,12.6,0,7.6,2.6,0.32,Graduate,Female,Local
493,1,1,1,9085,1,1,101.0,1,37,37,9,4,101.0,1,0,1,1,0,0,22,0,0,6,9,5,13.333333333333334,0,0,6,17,4,11.4,0,12.4,0.5,1.79,Enrolled,Female,Local
494,1,1,1,9853,1,1,126.0,1,3,1,2,5,116.9,1,1,0,1,0,0,18,0,0,7,10,6,10.666666666666666,0,0,7,12,6,12.833333333333334,0,13.9,-0.3,0.79,Enrolled,Female,Local
495,1,7,3,9130,1,3,130.0,1,19,37,90,5,130.0,0,0,1,0,0,0,27,0,1,5,6,2,11.5,0,0,5,5,1,11.0,0,12.7,3.7,-1.7,Dropout,Female,Local
496,1,39,1,9556,1,19,100.0,1,37,38,9,9,120.0,0,0,0,1,0,0,29,0,0,7,9,1,10.0,0,0,7,0,0,0.0,0,12.7,3.7,-1.7,Dropout,Female,Local
497,1,17,1,9254,1,1,122.0,1,1,19,4,3,130.4,1,0,0,1,0,0,18,0,0,6,10,5,11.8,0,0,6,10,5,12.2,0,11.1,0.6,2.02,Graduate,Female,Local
498,1,17,1,9070,1,1,126.0,1,19,38,9,7,118.7,0,0,0,1,0,0,18,0,0,6,7,5,11.8,0,0,6,6,6,12.666666666666666,0,16.2,0.3,-0.92,Graduate,Female,Local
499,1,17,1,9500,1,1,128.0,1,38,38,7,7,131.5,0,0,0,1,0,0,18,0,0,8,8,8,12.77125,0,0,8,8,8,12.77125,0,9.4,-0.8,-3.12,Graduate,Female,Local
500,1,17,3,9085,1,1,134.0,1,37,38,9,9,120.4,1,0,0,1,0,0,20,0,0,5,13,3,11.333333333333334,2,0,5,8,5,12.6,0,9.4,-0.8,-3.12,Enrolled,Female,Local
501,1,17,2,9254,1,1,128.0,1,38,38,9,9,129.1,1,0,0,1,0,0,18,0,0,6,6,6,12.666666666666666,0,0,6,7,5,14.6,0,11.1,0.6,2.02,Graduate,Female,Local
502,1,1,1,9070,1,1,125.0,1,1,1,4,4,132.0,0,0,0,0,0,0,18,0,1,6,10,5,12.2,1,0,6,11,4,10.833333333333334,0,13.9,-0.3,0.79,Enrolled,Female,Local
503,1,7,2,9085,1,3,130.0,1,3,3,1,1,130.0,0,0,0,0,0,0,28,0,0,5,9,1,12.0,1,0,4,10,0,0.0,4,10.8,1.4,1.74,Dropout,Female,Local
504,1,1,2,9500,1,1,135.0,1,37,1,7,7,132.8,1,0,0,1,0,1,18,0,0,8,12,7,11.721428571428572,0,0,8,12,7,11.721428571428572,0,12.7,3.7,-1.7,Graduate,Female,Local
505,1,39,1,9500,1,19,133.1,1,37,38,151,161,143.7,0,0,0,1,0,0,27,0,0,7,12,4,14.0,0,0,7,14,3,12.525,0,12.4,0.5,1.79,Enrolled,Female,Local
506,1,39,1,33,1,1,140.0,1,3,1,2,4,152.8,0,0,0,1,0,0,26,0,0,7,9,7,14.75,0,0,7,12,5,13.8,3,16.2,0.3,-0.92,Enrolled,Female,Local
507,1,1,2,9773,1,1,138.0,1,19,1,9,3,133.5,1,0,0,1,0,0,18,0,0,6,6,6,12.666666666666666,0,0,6,6,6,13.666666666666666,0,12.7,3.7,-1.7,Graduate,Female,Local
508,1,1,1,9130,1,1,150.0,1,5,5,2,2,146.2,0,0,0,1,0,0,18,0,0,5,12,4,13.0,2,0,5,6,5,14.0,0,9.4,-0.8,-3.12,Dropout,Female,Local
509,1,1,2,9147,1,1,125.0,1,1,19,4,6,115.2,0,1,0,1,0,0,21,0,0,5,6,0,0.0,0,0,5,5,0,0.0,0,15.5,2.8,-4.06,Dropout,Female,Local
510,1,1,2,9070,1,1,121.0,1,4,1,2,3,120.7,1,0,0,1,0,0,18,0,0,6,8,4,10.75,0,0,6,9,0,0.0,0,9.4,-0.8,-3.12,Enrolled,Female,Local
511,2,39,1,8014,0,1,120.0,1,34,34,99,99,101.8,0,0,0,0,0,0,32,0,0,5,5,0,0.0,0,0,5,10,0,0.0,0,10.8,1.4,1.74,Dropout,Female,Local
512,1,39,2,9670,1,1,140.0,1,34,34,0,0,100.0,0,0,0,1,0,0,28,0,0,5,6,4,12.5,0,0,5,7,4,11.75,0,7.6,2.6,0.32,Graduate,Female,Local
513,1,39,1,9991,0,1,100.0,1,37,19,9,2,121.9,0,0,0,0,0,0,40,0,0,4,4,0,0.0,0,0,5,0,0,0.0,0,12.7,3.7,-1.7,Dropout,Female,Local
514,2,18,2,8014,0,1,140.0,1,37,37,9,10,120.4,0,0,1,0,0,0,39,0,0,5,5,0,0.0,0,0,4,4,0,0.0,0,9.4,-0.8,-3.12,Dropout,Female,Local
515,2,18,2,9238,1,1,140.0,1,37,37,9,10,120.4,0,0,1,0,0,0,39,0,0,6,0,0,0.0,0,0,6,0,0,0.0,0,9.4,-0.8,-3.12,Dropout,Female,Local
516,2,39,1,9003,1,1,120.0,1,37,19,9,4,148.8,0,0,0,1,0,0,50,0,0,6,7,6,12.5,0,0,6,15,5,12.4,0,8.9,1.4,3.51,Graduate,Female,Local
517,1,17,2,9853,1,1,138.0,1,1,1,9,4,123.0,1,0,0,1,0,0,23,0,0,6,10,5,12.8,0,0,6,9,3,11.666666666666666,0,10.8,1.4,1.74,Dropout,Female,Local
518,4,39,1,8014,0,19,133.1,1,34,34,0,0,100.0,0,0,0,1,0,0,48,0,0,6,11,1,10.0,0,0,6,11,1,11.0,0,9.4,-0.8,-3.12,Dropout,Female,Local
519,1,17,2,9853,1,1,118.0,1,37,37,9,9,112.1,1,0,0,1,0,0,23,0,0,6,11,4,11.25,0,0,6,10,5,10.2,0,7.6,2.6,0.32,Dropout,Female,Local
520,1,1,6,9500,1,1,135.0,1,37,1,5,5,126.8,1,0,0,1,0,1,18,0,0,8,8,7,12.61,0,0,8,8,7,12.61,0,10.8,1.4,1.74,Graduate,Female,Local
521,1,17,1,9130,1,1,130.0,1,3,19,2,9,115.9,0,0,0,1,0,0,18,0,0,5,14,2,12.0,2,0,5,6,5,12.6,0,9.4,-0.8,-3.12,Graduate,Female,Local
522,1,15,1,9238,1,1,150.0,26,3,37,2,8,132.5,1,0,0,0,0,0,20,1,0,6,9,5,13.0,0,0,6,7,6,13.5,0,13.9,-0.3,0.79,Graduate,Female,International
523,1,18,3,9085,1,1,149.0,103,1,1,9,9,132.2,1,0,0,1,0,1,18,1,0,5,9,4,12.0,0,0,5,8,5,13.0,0,10.8,1.4,1.74,Graduate,Female,International
524,1,1,1,9556,1,1,180.0,103,5,3,1,1,183.5,1,0,0,1,0,0,18,1,0,7,8,4,12.0,0,0,8,8,0,0.0,0,16.2,0.3,-0.92,Dropout,Female,International
525,1,43,1,9119,1,1,133.1,1,1,1,9,3,136.0,0,0,0,1,1,0,31,0,0,5,12,1,12.0,0,0,5,9,1,11.0,4,16.2,0.3,-0.92,Dropout,Male,Local
526,1,39,1,9119,1,19,133.1,1,19,19,5,3,100.9,1,0,0,1,1,0,24,0,0,5,9,1,12.0,0,0,5,6,3,10.5,0,10.8,1.4,1.74,Enrolled,Male,Local
527,1,39,1,171,1,1,145.0,1,3,1,2,10,114.5,1,0,0,1,1,0,24,0,0,0,0,0,0.0,0,0,0,0,0,0.0,0,9.4,-0.8,-3.12,Graduate,Male,Local
528,1,39,1,9147,1,1,110.0,1,37,37,9,9,110.3,0,0,1,0,1,0,26,0,0,5,5,0,0.0,0,0,5,9,0,0.0,0,10.8,1.4,1.74,Dropout,Male,Local
529,1,1,1,9130,1,1,154.0,1,3,3,2,2,137.2,1,0,1,1,1,0,18,0,0,6,11,5,13.625,0,0,6,9,4,11.75,0,16.2,0.3,-0.92,Dropout,Male,Local
530,1,17,1,9147,1,1,126.0,1,37,37,4,7,116.9,0,0,0,1,1,1,19,0,0,5,12,3,11.666666666666666,0,0,5,10,3,11.666666666666666,0,12.7,3.7,-1.7,Enrolled,Male,Local
531,1,17,1,9670,1,1,133.0,1,19,37,9,8,121.8,1,0,0,1,1,0,22,0,0,6,0,0,0.0,0,0,6,0,0,0.0,0,13.9,-0.3,0.79,Dropout,Male,Local
532,1,1,2,9500,1,1,145.0,1,4,2,2,3,127.3,1,0,0,1,1,0,18,0,0,8,8,7,11.69,0,0,8,8,7,11.69,0,10.8,1.4,1.74,Graduate,Male,Local
533,1,44,1,9070,1,39,120.0,1,1,19,4,7,120.0,0,0,1,0,1,0,20,0,0,6,11,0,0.0,6,0,6,12,0,0.0,12,16.2,0.3,-0.92,Dropout,Male,Local
534,1,44,1,171,1,39,150.0,1,4,4,2,2,150.0,0,0,0,1,1,0,25,0,0,0,0,0,0.0,0,0,0,0,0,0.0,0,15.5,2.8,-4.06,Graduate,Male,Local
535,1,43,1,9991,0,1,150.0,1,3,3,4,4,100.0,1,0,0,1,1,0,24,0,0,5,10,4,11.5,0,0,5,11,5,11.285714285714286,0,13.9,-0.3,0.79,Graduate,Male,Local
536,1,39,1,9119,1,1,150.0,1,3,3,4,4,150.0,1,0,0,1,1,0,27,0,0,5,10,1,14.0,0,0,5,0,0,0.0,0,8.9,1.4,3.51,Dropout,Male,Local
537,1,17,1,9254,1,1,127.0,1,3,19,4,4,116.9,0,0,0,1,1,0,21,0,0,6,7,5,11.0,0,0,6,7,5,12.4,0,15.5,2.8,-4.06,Graduate,Male,Local
538,1,44,1,9003,1,39,140.0,1,19,38,3,9,140.0,1,0,0,1,1,0,21,0,0,6,7,6,12.857142857142858,0,0,6,6,6,13.166666666666666,0,12.4,0.5,1.79,Graduate,Male,Local
539,1,18,3,9773,1,1,128.0,1,19,1,9,9,122.1,1,0,0,1,1,0,19,0,0,6,9,4,12.5,0,0,6,6,6,11.333333333333334,0,10.8,1.4,1.74,Dropout,Male,Local
540,1,39,1,9500,1,1,127.0,1,19,19,5,5,160.0,0,0,0,1,1,0,28,0,0,7,7,7,14.528571428571428,0,0,8,11,8,15.018181818181818,0,16.2,0.3,-0.92,Graduate,Male,Local
541,1,1,1,9147,1,1,117.0,1,19,19,5,7,118.4,0,0,0,1,1,0,20,0,0,5,8,5,10.0,0,0,5,10,2,12.0,0,7.6,2.6,0.32,Enrolled,Male,Local
542,1,44,1,9003,1,39,150.0,1,1,19,4,10,150.0,0,0,0,1,1,1,21,0,0,6,8,6,13.0,0,0,6,10,6,12.625,0,15.5,2.8,-4.06,Graduate,Male,Local
543,1,1,1,9500,1,1,154.0,1,1,1,5,3,144.9,0,0,0,1,1,1,18,0,0,7,7,7,15.957142857142856,0,0,8,9,8,15.188888888888888,0,16.2,0.3,-0.92,Graduate,Male,Local
544,1,17,2,9119,1,1,127.0,1,19,1,9,10,121.1,1,0,0,1,1,1,18,0,0,5,6,5,13.2,0,0,5,8,5,12.6,0,8.9,1.4,3.51,Enrolled,Male,Local
545,1,1,2,9147,1,1,133.0,1,19,1,5,10,121.8,0,0,0,1,1,0,20,0,0,5,9,4,10.2,0,0,5,6,3,11.0,0,15.5,2.8,-4.06,Enrolled,Male,Local
546,1,39,1,9119,1,40,120.0,1,1,1,5,10,146.8,0,0,0,1,1,0,25,0,2,5,6,5,14.2,0,1,5,5,2,13.5,0,16.2,0.3,-0.92,Enrolled,Male,Local
547,1,1,1,9670,1,1,133.1,1,38,19,5,6,138.0,0,0,1,1,1,0,22,0,0,6,8,6,12.625,0,0,6,11,2,14.5,0,11.1,0.6,2.02,Enrolled,Male,Local
548,1,1,1,9500,1,1,149.0,1,37,37,9,9,138.0,0,0,0,1,1,0,18,0,0,8,11,6,13.496666666666668,1,0,8,11,6,13.496666666666668,1,9.4,-0.8,-3.12,Enrolled,Male,Local
549,1,17,2,9147,1,1,125.0,1,19,38,9,7,116.3,1,0,0,1,1,0,19,0,0,5,8,5,13.25,0,0,5,8,5,11.0,0,13.9,-0.3,0.79,Graduate,Male,Local
550,1,1,5,9119,1,1,126.0,1,12,19,4,5,122.5,1,0,0,1,1,0,19,0,0,5,12,3,12.0,0,0,5,10,3,12.0,0,12.4,0.5,1.79,Dropout,Male,Local
551,1,39,1,9773,1,19,133.1,1,19,1,7,9,115.0,1,0,1,0,1,0,25,0,0,6,10,4,13.0,0,0,6,9,4,13.75,0,12.7,3.7,-1.7,Dropout,Male,Local
552,1,43,1,9070,1,1,115.0,1,12,12,1,10,115.0,0,0,1,1,1,0,21,0,5,11,12,9,11.77777777777778,0,3,8,11,3,13.666666666666666,0,15.5,2.8,-4.06,Dropout,Male,Local
553,1,17,3,9119,1,1,117.0,1,1,2,3,2,119.8,1,0,0,1,1,0,19,0,0,5,10,2,11.0,0,0,6,10,0,0.0,0,11.1,0.6,2.02,Dropout,Male,Local
554,1,17,2,9147,1,1,133.1,1,1,1,4,4,95.0,0,0,0,1,1,0,20,0,0,5,14,0,0.0,0,0,5,5,0,0.0,0,11.1,0.6,2.02,Dropout,Male,Local
555,1,44,1,9003,1,39,150.0,1,3,2,2,2,150.0,0,0,0,1,1,0,25,0,9,14,16,14,12.428571428571429,0,3,9,13,6,10.857142857142858,0,15.5,2.8,-4.06,Dropout,Male,Local
556,1,17,1,9147,1,1,130.0,1,19,1,7,4,117.8,1,0,0,1,1,0,20,0,0,5,8,3,11.0,0,0,5,11,3,12.0,0,10.8,1.4,1.74,Enrolled,Male,Local
557,1,1,1,171,1,1,161.0,1,37,37,9,9,144.2,1,0,0,1,1,0,18,0,0,0,0,0,0.0,0,0,0,0,0,0.0,0,7.6,2.6,0.32,Graduate,Male,Local
558,1,44,1,9254,1,39,130.0,1,39,39,194,193,130.0,1,0,1,1,1,0,23,0,0,6,12,3,11.5,0,0,6,12,3,10.666666666666666,0,8.9,1.4,3.51,Enrolled,Male,Local
559,1,42,1,9500,1,1,111.0,1,1,3,9,10,128.2,1,0,0,1,1,0,23,0,0,8,8,8,12.5075,0,0,8,8,8,12.5075,0,9.4,-0.8,-3.12,Graduate,Male,Local
560,1,53,1,9003,1,42,140.0,1,3,38,141,151,135.3,0,0,0,1,1,0,21,0,7,12,18,11,12.090909090909092,0,5,12,14,11,12.0,0,8.9,1.4,3.51,Graduate,Male,Local
561,1,1,1,9130,1,1,132.0,1,1,1,3,3,143.9,1,0,0,1,1,0,20,0,0,5,14,2,11.0,3,0,5,9,3,12.666666666666666,0,9.4,-0.8,-3.12,Enrolled,Male,Local
562,1,39,1,9991,0,1,139.0,1,1,1,4,10,140.7,0,0,0,1,1,0,25,0,0,5,13,1,10.0,0,0,5,8,2,11.333333333333334,0,12.4,0.5,1.79,Dropout,Male,Local
563,1,1,1,9130,1,1,132.0,1,19,38,9,9,130.4,1,0,0,1,1,0,18,0,0,6,6,6,13.5,0,0,6,9,5,13.2,0,8.9,1.4,3.51,Graduate,Male,Local
564,1,1,6,9070,1,6,119.0,1,1,1,9,9,123.2,1,0,0,1,1,0,22,0,0,6,6,6,14.166666666666666,0,0,6,8,6,13.625,0,10.8,1.4,1.74,Graduate,Male,Local
565,1,39,1,9670,1,1,133.1,1,19,19,3,9,118.0,0,0,0,1,1,0,27,0,0,6,7,6,14.0,0,0,6,7,6,14.714285714285714,0,8.9,1.4,3.51,Graduate,Male,Local
566,1,39,1,9003,1,19,133.1,1,4,1,2,4,120.0,0,0,0,1,1,0,25,0,0,3,4,0,0.0,0,0,3,5,0,0.0,0,16.2,0.3,-0.92,Dropout,Male,Local
567,1,17,4,9119,1,1,129.0,1,34,36,0,5,118.9,1,0,0,1,1,0,18,0,0,5,9,3,11.666666666666666,0,0,5,10,3,11.333333333333334,4,7.6,2.6,0.32,Dropout,Male,Local
568,1,17,1,9085,1,1,128.0,1,38,19,8,8,117.2,0,0,0,1,1,0,20,0,0,5,7,5,14.6,1,0,5,5,5,14.2,0,12.7,3.7,-1.7,Graduate,Male,Local
569,1,39,1,9003,1,1,120.0,1,3,4,2,2,120.0,0,0,0,1,1,0,27,0,0,6,10,5,13.0,0,0,6,13,5,11.5,0,16.2,0.3,-0.92,Graduate,Male,Local
570,1,1,1,8014,0,1,130.0,1,1,1,9,9,118.1,0,0,0,1,1,0,20,0,0,6,7,6,12.166666666666666,0,0,6,9,6,12.0,0,7.6,2.6,0.32,Graduate,Male,Local
571,1,1,1,9147,1,1,130.0,1,38,37,9,9,124.8,1,0,0,1,1,0,22,0,0,5,9,0,0.0,0,0,5,5,1,12.0,0,7.6,2.6,0.32,Dropout,Male,Local
572,1,17,6,9119,1,1,111.0,1,19,3,5,10,106.5,1,0,0,1,1,0,19,0,0,5,10,3,10.5,0,0,5,11,3,10.8,0,12.4,0.5,1.79,Dropout,Male,Local
573,1,1,6,9147,1,1,121.0,1,3,19,4,5,116.8,0,0,0,1,1,0,20,0,0,5,14,3,12.4,0,0,5,8,5,10.833333333333334,0,13.9,-0.3,0.79,Enrolled,Male,Local
574,1,43,4,171,1,1,117.0,1,19,12,9,10,109.3,0,0,0,1,1,0,19,0,0,0,0,0,0.0,0,0,0,0,0,0.0,0,9.4,-0.8,-3.12,Graduate,Male,Local
575,2,39,1,9085,1,9,133.1,1,1,1,4,4,120.0,1,0,0,0,1,0,29,0,0,5,12,0,0.0,4,0,5,8,0,0.0,1,9.4,-0.8,-3.12,Dropout,Male,Local
576,1,1,2,9500,1,1,149.0,1,3,1,9,9,137.5,0,0,0,1,1,0,19,0,0,8,8,7,13.828571428571427,0,0,8,8,7,13.828571428571427,0,12.7,3.7,-1.7,Graduate,Male,Local
577,1,39,2,9991,0,1,172.0,1,19,37,9,8,150.0,1,0,0,1,0,1,28,0,0,5,7,5,10.6,0,0,5,6,5,10.2,0,9.4,-0.8,-3.12,Enrolled,Female,Local
578,2,1,1,9238,1,1,134.0,1,37,37,5,5,120.4,0,0,0,1,0,0,20,0,0,6,7,6,11.5,0,0,6,6,6,11.666666666666666,0,7.6,2.6,0.32,Graduate,Female,Local
579,1,1,4,9070,1,1,136.0,1,37,37,9,8,136.7,1,0,0,1,0,0,20,0,0,6,6,4,13.5,0,0,6,8,6,13.625,0,10.8,1.4,1.74,Graduate,Female,Local
580,1,39,1,8014,0,1,133.1,1,34,5,0,1,118.5,1,0,0,1,0,0,31,0,0,6,12,0,0.0,0,0,6,0,0,0.0,0,7.6,2.6,0.32,Dropout,Female,Local
581,1,17,5,9500,1,1,141.0,1,12,1,5,5,133.0,1,0,0,1,0,0,18,0,0,7,8,7,12.5375,0,0,8,9,7,12.614285714285714,0,13.9,-0.3,0.79,Graduate,Female,Local
582,1,17,1,9670,1,1,141.0,1,1,19,8,7,128.8,1,0,0,1,0,0,19,0,0,6,6,6,14.833333333333334,0,0,6,8,6,13.285714285714286,0,8.9,1.4,3.51,Enrolled,Female,Local
583,1,1,1,9147,1,1,148.0,1,37,38,9,8,133.0,1,0,0,1,0,0,18,0,0,5,10,4,12.0,0,0,5,9,4,12.8,0,13.9,-0.3,0.79,Graduate,Female,Local
584,1,17,1,9254,1,1,102.0,1,37,37,7,7,102.0,0,0,0,1,0,0,19,0,0,6,8,5,11.8,0,0,6,8,5,11.6,0,10.8,1.4,1.74,Graduate,Female,Local
585,1,1,1,9147,1,1,143.0,1,1,19,3,3,133.9,0,0,0,1,0,1,18,0,0,5,5,5,15.0,0,0,5,5,5,15.2,0,12.7,3.7,-1.7,Graduate,Female,Local
586,1,17,1,9085,1,1,120.0,1,38,19,90,90,127.0,0,0,0,1,0,0,19,0,0,5,7,3,12.0,0,0,5,7,5,13.2,0,7.6,2.6,0.32,Graduate,Female,Local
587,1,17,1,9773,1,1,121.0,1,38,38,9,8,120.4,1,0,0,1,0,1,18,0,0,6,6,6,12.833333333333334,0,0,6,7,6,12.285714285714286,0,15.5,2.8,-4.06,Graduate,Female,Local
588,1,1,3,9254,1,1,122.0,1,37,37,9,3,124.5,1,0,0,1,0,0,19,0,0,6,12,6,11.666666666666666,0,0,6,14,3,12.0,0,7.6,2.6,0.32,Graduate,Female,Local
589,1,1,4,9556,1,1,122.0,1,37,1,5,4,123.9,0,0,0,1,0,0,19,0,0,7,9,7,12.1625,0,0,8,8,8,13.825,0,13.9,-0.3,0.79,Graduate,Female,Local
590,1,1,2,9670,1,1,123.0,1,19,1,9,3,117.8,1,0,0,1,0,0,18,0,0,6,6,6,13.833333333333334,0,0,6,11,6,14.555555555555555,0,10.8,1.4,1.74,Graduate,Female,Local
591,1,1,1,9500,1,1,133.0,1,3,19,2,8,126.7,0,0,0,1,0,0,19,0,0,7,12,4,12.45,0,0,7,11,5,11.7,0,16.2,0.3,-0.92,Enrolled,Female,Local
592,1,44,1,9670,1,39,110.0,1,37,1,9,4,110.0,0,0,0,1,0,1,20,0,2,6,9,6,12.125,0,2,6,7,6,13.571428571428571,0,11.1,0.6,2.02,Graduate,Female,Local
593,1,17,1,9670,1,1,155.0,1,1,19,4,8,134.7,1,0,0,1,0,0,20,0,0,6,8,5,13.4,0,0,6,10,4,13.0,0,12.7,3.7,-1.7,Enrolled,Female,Local
594,1,17,1,9003,1,1,119.0,1,37,37,4,6,113.2,0,0,1,1,0,0,20,0,0,6,8,6,13.333333333333334,0,0,6,8,5,14.0,0,11.1,0.6,2.02,Enrolled,Female,Local
595,1,39,1,9991,0,3,120.0,1,37,37,9,9,141.0,0,0,0,1,0,0,29,0,10,15,15,11,11.454545454545457,0,9,13,16,11,11.545454545454543,0,10.8,1.4,1.74,Dropout,Female,Local
596,1,17,1,9853,1,1,133.1,1,38,12,7,0,111.5,0,0,0,0,0,1,20,0,0,6,10,4,12.0,0,0,6,14,3,10.0,0,7.6,2.6,0.32,Dropout,Female,Local
597,4,39,1,9853,1,1,143.0,1,37,1,9,10,140.0,0,0,1,0,0,0,31,0,0,7,8,6,12.666666666666666,0,0,7,9,5,12.6,0,8.9,1.4,3.51,Dropout,Female,Local
598,1,17,1,9670,1,1,149.0,1,19,37,7,4,134.3,0,1,0,1,0,0,20,0,0,6,7,6,12.666666666666666,0,0,6,9,6,13.77777777777778,0,10.8,1.4,1.74,Graduate,Female,Local
599,1,17,1,9003,1,1,133.0,1,38,37,9,9,125.3,1,0,0,1,0,0,21,0,12,18,22,18,11.88888888888889,1,11,13,13,13,11.461538461538462,0,15.5,2.8,-4.06,Graduate,Female,Local
600,1,7,1,9130,1,3,140.0,1,19,38,9,9,140.0,1,0,0,1,0,0,23,0,0,6,0,0,0.0,0,0,6,0,0,0.0,0,12.4,0.5,1.79,Dropout,Female,Local
601,1,17,5,9070,1,1,122.0,1,19,38,5,7,119.6,0,0,1,0,0,0,21,0,0,6,6,4,13.0,0,0,6,8,4,11.6,0,10.8,1.4,1.74,Dropout,Female,Local
602,1,7,1,9500,1,40,170.0,1,1,1,9,4,170.0,0,0,0,1,0,0,24,0,4,7,7,7,16.885714285714283,0,3,8,9,8,15.744444444444444,0,16.2,0.3,-0.92,Graduate,Female,Local
603,1,39,1,8014,0,1,120.0,1,1,1,4,4,150.5,0,0,0,1,0,0,27,0,0,6,6,6,12.5,0,1,6,6,6,12.333333333333334,0,15.5,2.8,-4.06,Graduate,Female,Local
604,1,1,1,9500,1,1,143.0,1,1,37,3,8,128.0,0,0,0,1,0,1,18,0,0,7,9,7,13.055555555555555,0,0,8,8,8,15.8125,0,13.9,-0.3,0.79,Graduate,Female,Local
605,1,1,3,171,1,1,115.0,1,9,1,6,6,108.7,1,0,0,0,0,0,21,0,0,0,0,0,0.0,0,0,0,0,0,0.0,0,9.4,-0.8,-3.12,Dropout,Female,Local
606,1,17,1,9130,1,1,123.0,1,19,3,3,2,121.6,1,0,1,1,0,1,19,0,0,5,7,0,0.0,0,0,5,5,0,0.0,0,7.6,2.6,0.32,Dropout,Female,Local
607,1,1,6,9500,1,1,131.0,1,38,19,7,7,125.3,1,0,0,1,0,1,19,0,0,8,8,7,12.355714285714283,0,0,8,8,7,12.355714285714283,0,10.8,1.4,1.74,Graduate,Female,Local
608,1,17,1,9085,1,1,127.0,1,19,38,194,193,117.6,0,0,0,1,0,0,18,0,0,6,0,0,0.0,0,0,6,0,0,0.0,0,12.4,0.5,1.79,Dropout,Female,Local
609,1,43,3,9500,1,1,126.0,1,38,37,6,5,124.3,1,0,0,1,0,1,18,0,0,7,8,5,11.98,0,0,7,8,5,11.98,0,7.6,2.6,0.32,Enrolled,Female,Local
610,1,1,2,9853,1,1,112.0,1,37,37,191,182,106.1,1,0,1,1,0,1,20,0,0,7,7,7,13.857142857142858,0,0,7,8,7,12.571428571428571,0,8.9,1.4,3.51,Graduate,Female,Local
611,2,1,1,8014,0,1,150.0,1,1,37,4,7,139.9,1,0,0,1,0,0,24,0,0,6,9,5,13.0,0,0,6,6,6,14.166666666666666,0,9.4,-0.8,-3.12,Graduate,Female,Local
612,1,1,1,9070,1,1,116.0,1,1,1,1,1,110.8,1,0,0,1,0,0,20,0,0,6,6,6,12.833333333333334,0,0,6,10,6,11.166666666666666,0,12.4,0.5,1.79,Graduate,Female,Local
613,1,17,3,9147,1,1,118.0,1,1,19,5,7,118.0,0,0,0,1,0,0,20,0,0,5,11,4,11.0,0,0,5,7,5,13.2,0,12.4,0.5,1.79,Enrolled,Female,Local
614,1,1,1,9500,1,1,130.0,1,19,37,9,9,117.8,1,0,0,1,0,1,19,0,0,8,8,7,12.357142857142858,0,0,8,8,7,12.357142857142858,0,12.7,3.7,-1.7,Graduate,Female,Local
615,1,1,6,9500,1,1,144.0,1,1,37,9,9,127.5,1,0,0,1,0,1,18,0,0,8,8,7,13.857142857142858,0,0,8,8,7,13.857142857142858,0,12.7,3.7,-1.7,Graduate,Female,Local
616,1,17,2,9238,1,3,105.0,1,37,37,7,8,129.7,1,0,0,1,0,1,20,0,0,6,6,6,12.333333333333334,0,0,6,6,6,10.666666666666666,0,9.4,-0.8,-3.12,Graduate,Female,Local
617,1,17,1,9500,1,1,143.0,1,37,37,9,8,130.6,1,0,0,1,0,0,20,0,0,7,8,7,12.847142857142858,0,0,8,10,8,13.788888888888888,0,16.2,0.3,-0.92,Graduate,Female,Local
618,1,17,2,9500,1,1,137.0,1,19,37,4,7,126.3,1,0,0,1,0,1,19,0,0,7,9,6,12.339999999999998,0,0,8,9,8,13.01875,0,11.1,0.6,2.02,Graduate,Female,Local
619,1,44,1,9085,1,39,140.0,1,3,1,2,3,140.0,1,0,0,1,0,0,19,0,0,6,10,5,12.666666666666666,0,0,6,19,4,11.75,0,12.4,0.5,1.79,Enrolled,Female,Local
620,1,1,1,9773,1,1,133.1,1,3,19,4,5,105.0,1,0,0,1,0,0,20,0,0,6,6,6,13.833333333333334,0,0,6,6,6,12.5,0,12.7,3.7,-1.7,Graduate,Female,Local
621,1,17,2,9147,1,1,116.0,1,1,38,4,3,114.6,1,0,0,1,0,0,19,0,0,5,15,2,10.75,0,0,5,11,2,10.0,0,13.9,-0.3,0.79,Dropout,Female,Local
622,1,17,5,9853,1,1,117.0,1,38,38,9,7,114.6,1,0,0,1,0,0,19,0,0,6,11,4,13.25,0,0,6,10,4,10.25,0,9.4,-0.8,-3.12,Dropout,Female,Local
623,1,17,1,9500,1,1,137.0,1,38,37,7,5,131.0,1,0,0,1,0,1,18,0,0,8,8,8,13.73125,0,0,8,8,8,13.73125,0,9.4,-0.8,-3.12,Graduate,Female,Local
624,1,17,4,9070,1,1,116.0,1,38,37,9,9,109.0,0,0,0,1,0,1,23,0,0,6,6,6,13.333333333333334,0,0,6,8,3,12.666666666666666,0,11.1,0.6,2.02,Dropout,Female,Local
625,1,1,1,9853,1,1,133.1,1,19,19,9,8,132.0,1,0,0,1,0,0,21,0,0,6,8,5,12.0,0,0,6,9,5,10.8,0,12.7,3.7,-1.7,Dropout,Female,Local
626,1,44,1,8014,0,39,130.0,1,37,38,6,6,130.0,1,0,0,1,0,0,23,0,5,9,10,9,10.88888888888889,0,3,8,10,6,11.333333333333334,0,11.1,0.6,2.02,Graduate,Female,Local
627,1,1,3,9500,1,1,106.0,1,19,37,9,7,109.5,1,0,0,1,0,0,19,0,0,7,8,7,13.025,0,0,8,9,8,13.811111111111112,0,13.9,-0.3,0.79,Graduate,Female,Local
628,1,17,2,9773,1,1,125.0,1,1,38,5,6,115.9,1,0,0,1,0,0,18,0,0,6,6,6,13.0,0,0,6,6,6,14.166666666666666,0,12.4,0.5,1.79,Graduate,Female,Local
629,1,1,1,9773,1,1,134.0,1,19,37,9,9,131.6,1,1,0,1,0,0,19,0,0,6,10,5,11.8,0,0,6,10,5,12.0,0,10.8,1.4,1.74,Graduate,Female,Local
630,1,39,1,9500,1,1,133.1,1,19,37,9,9,120.0,0,0,0,1,0,1,25,0,0,8,8,7,12.042857142857144,0,0,8,8,7,12.042857142857144,0,12.7,3.7,-1.7,Graduate,Female,Local
631,1,1,2,9853,1,1,117.0,1,1,38,4,9,109.7,1,0,0,1,0,0,19,0,0,6,9,5,12.2,0,0,6,10,4,13.0,0,9.4,-0.8,-3.12,Enrolled,Female,Local
632,1,1,1,9500,1,1,136.0,1,1,19,5,7,136.4,0,0,0,1,0,1,19,0,0,7,8,7,12.8375,0,0,8,8,8,15.5,0,13.9,-0.3,0.79,Graduate,Female,Local
633,1,39,1,9556,1,1,120.0,1,38,38,191,193,120.0,0,0,1,1,0,1,24,0,0,7,13,7,11.0,0,0,8,13,7,11.7,0,12.7,3.7,-1.7,Graduate,Female,Local
634,1,1,1,9670,1,1,135.0,1,37,37,9,7,132.6,1,0,0,1,0,1,18,0,0,6,7,6,13.5,0,0,6,9,5,14.0,0,8.9,1.4,3.51,Graduate,Female,Local
635,1,17,5,9238,1,1,122.0,1,37,37,7,5,112.9,1,0,0,1,0,1,19,0,0,6,8,6,12.125,0,0,6,7,6,12.714285714285714,0,16.2,0.3,-0.92,Graduate,Female,Local
636,1,1,5,9500,1,1,147.0,1,37,37,9,9,134.3,0,0,0,1,0,1,18,0,0,8,12,7,12.62857142857143,0,0,8,12,7,12.62857142857143,0,12.7,3.7,-1.7,Graduate,Female,Local
637,1,39,1,9991,0,1,120.0,1,38,1,9,4,123.2,0,0,0,1,0,0,27,0,0,5,9,3,10.666666666666666,0,0,5,7,4,11.4,0,10.8,1.4,1.74,Enrolled,Female,Local
638,1,17,3,9238,1,1,121.0,1,1,1,4,5,117.2,0,0,0,1,0,0,19,0,0,6,11,5,11.2,0,0,6,13,5,11.6,0,15.5,2.8,-4.06,Graduate,Female,Local
639,1,18,1,9773,1,1,135.0,1,1,1,3,3,129.8,0,0,0,1,0,1,18,0,0,6,6,6,12.666666666666666,0,0,6,6,6,11.833333333333334,0,12.7,3.7,-1.7,Dropout,Female,Local
640,2,39,1,9670,1,1,130.0,1,37,37,9,0,158.0,0,0,1,0,0,0,34,0,0,6,7,4,13.5,0,0,6,6,0,0.0,6,12.7,3.7,-1.7,Dropout,Female,Local
641,1,1,6,9147,1,1,128.0,1,37,37,9,9,116.5,0,0,0,1,0,0,18,0,0,5,9,3,11.666666666666666,0,0,5,15,2,11.0,0,7.6,2.6,0.32,Enrolled,Female,Local
642,1,1,1,9147,1,1,129.0,1,37,38,4,9,121.0,1,0,0,1,0,0,18,0,0,5,8,2,10.5,0,0,5,7,3,12.333333333333334,0,7.6,2.6,0.32,Enrolled,Female,Local
643,1,1,3,9500,1,1,143.0,1,37,38,7,7,133.8,1,0,0,1,0,0,18,0,0,8,8,8,14.26875,0,0,8,8,8,14.26875,0,9.4,-0.8,-3.12,Enrolled,Female,Local
644,1,1,2,9773,1,1,108.0,1,38,38,7,7,115.0,1,0,1,0,0,0,20,0,0,6,0,0,0.0,0,0,6,0,0,0.0,0,8.9,1.4,3.51,Dropout,Female,Local
645,1,1,1,9147,1,1,130.0,1,19,37,9,9,131.8,1,0,0,1,0,1,19,0,0,5,8,2,10.5,0,0,5,11,3,13.333333333333334,0,7.6,2.6,0.32,Enrolled,Female,Local
646,1,1,1,9238,1,1,135.0,1,37,1,3,5,121.0,0,0,0,1,0,0,21,0,0,6,11,5,11.2,0,0,6,15,1,10.0,0,7.6,2.6,0.32,Enrolled,Female,Local
647,2,39,1,9991,0,3,140.0,1,19,19,9,7,152.4,0,0,0,1,0,0,26,0,0,5,5,5,12.0,0,0,5,6,5,14.833333333333334,0,10.8,1.4,1.74,Graduate,Female,Local
648,1,43,2,9556,1,1,120.0,1,1,19,4,3,110.2,0,0,0,1,0,0,27,0,0,7,9,7,12.228571428571428,0,1,8,10,8,13.2125,0,10.8,1.4,1.74,Graduate,Female,Local
649,1,1,1,9670,1,1,117.0,1,1,38,5,1,113.5,1,0,0,1,0,0,20,0,0,5,6,4,11.5,0,0,5,5,4,10.75,0,9.4,-0.8,-3.12,Graduate,Female,Local
650,1,17,1,9238,1,1,151.0,1,19,1,5,0,144.4,1,0,0,1,0,0,18,0,0,6,8,6,15.375,0,0,6,7,6,16.428571428571427,0,16.2,0.3,-0.92,Graduate,Female,Local
651,1,53,1,9085,1,42,140.0,1,1,1,5,5,143.3,1,0,0,0,0,0,23,0,7,12,19,9,13.666666666666666,0,4,9,15,6,13.5,0,8.9,1.4,3.51,Enrolled,Female,Local
652,1,39,1,9500,1,19,133.1,1,1,5,4,3,100.0,0,0,0,1,0,0,24,0,0,8,11,7,12.614285714285714,0,0,8,11,7,12.614285714285714,0,12.7,3.7,-1.7,Graduate,Female,Local
653,1,44,1,9238,1,39,130.0,1,38,38,6,9,126.3,1,0,0,1,0,1,19,0,3,6,7,5,12.2,0,2,6,6,6,11.5,0,13.9,-0.3,0.79,Graduate,Female,Local
654,1,1,1,9773,1,1,125.0,1,19,38,3,5,115.9,0,0,0,1,0,0,19,0,0,6,13,4,11.75,0,0,6,10,4,11.0,0,10.8,1.4,1.74,Graduate,Female,Local
655,1,1,4,9238,1,1,125.0,1,19,38,9,6,114.9,1,0,1,1,0,1,19,0,0,6,9,5,11.4,0,0,6,9,3,10.0,0,8.9,1.4,3.51,Enrolled,Female,Local
656,1,1,1,9238,1,1,135.0,1,37,19,5,10,121.0,0,0,1,1,0,0,18,0,0,6,10,5,10.6,0,0,6,14,2,10.0,0,7.6,2.6,0.32,Enrolled,Female,Local
657,1,51,1,8014,0,1,121.0,1,1,38,5,7,112.3,0,0,0,1,0,0,22,0,14,16,16,13,10.923076923076923,0,13,13,13,11,11.454545454545457,0,16.2,0.3,-0.92,Graduate,Female,Local
658,1,43,1,9070,1,1,141.0,1,1,19,5,10,127.0,0,0,0,1,0,0,20,0,0,6,6,5,12.4,0,0,6,9,5,12.4,0,12.7,3.7,-1.7,Graduate,Female,Local
659,1,39,1,9003,1,1,130.0,1,19,19,9,9,120.0,0,0,0,1,0,0,25,0,0,6,6,0,0.0,0,0,6,6,0,0.0,0,11.1,0.6,2.02,Dropout,Female,Local
660,1,44,1,9003,1,39,180.0,1,1,3,4,2,180.0,0,0,0,1,0,0,21,0,0,6,6,6,15.833333333333334,0,0,6,8,6,15.5,0,15.5,2.8,-4.06,Graduate,Female,Local
661,1,1,1,9500,1,1,117.0,1,19,19,194,193,117.4,1,0,0,1,0,0,19,0,0,7,12,5,11.8,0,0,7,9,6,11.708333333333334,0,11.1,0.6,2.02,Enrolled,Female,Local
662,1,17,4,9773,1,1,127.0,1,1,19,4,1,115.8,1,0,0,1,0,0,18,0,0,6,7,6,12.571428571428571,0,0,6,6,6,13.666666666666666,0,13.9,-0.3,0.79,Graduate,Female,Local
663,1,1,3,9670,1,1,126.0,1,37,37,0,0,136.5,1,0,0,1,0,0,18,0,0,5,7,3,12.0,0,0,5,7,4,13.25,1,7.6,2.6,0.32,Graduate,Female,Local
664,1,17,3,9500,1,1,143.0,1,3,3,9,7,129.0,1,0,0,1,1,0,19,0,0,7,8,7,13.3625,0,0,8,9,8,14.444444444444445,0,13.9,-0.3,0.79,Graduate,Male,Local
665,1,1,1,9085,1,1,144.0,13,3,3,6,6,137.6,1,0,0,1,0,1,19,1,0,5,6,5,15.4,0,0,5,5,5,16.0,0,10.8,1.4,1.74,Graduate,Female,International
666,1,17,2,9773,1,1,126.0,1,37,38,5,5,129.5,1,0,1,0,0,0,18,0,0,6,9,5,12.2,0,0,6,9,4,11.75,0,10.8,1.4,1.74,Dropout,Female,Local
667,1,51,1,9238,1,39,140.0,1,38,38,5,7,129.1,1,0,0,1,0,1,20,0,6,11,11,11,12.818181818181818,0,6,11,11,11,13.545454545454543,0,12.4,0.5,1.79,Graduate,Female,Local
668,1,17,5,9500,1,1,148.0,1,1,19,4,8,130.2,1,0,0,1,0,0,19,0,0,7,0,0,0.0,0,0,8,0,0,0.0,0,12.4,0.5,1.79,Dropout,Female,Local
669,1,42,1,9500,1,1,100.0,1,19,37,5,7,134.3,1,0,0,1,0,0,28,0,12,17,21,17,13.394736842105264,0,11,17,19,17,13.554736842105264,0,16.2,0.3,-0.92,Graduate,Female,Local
670,1,1,1,9238,1,1,151.0,1,37,1,9,9,138.4,1,0,0,1,0,1,20,0,0,6,8,6,14.25,0,0,6,8,6,11.0,0,12.7,3.7,-1.7,Graduate,Female,Local
671,1,42,1,8014,0,1,120.0,1,37,38,90,7,120.0,1,0,0,1,0,0,30,0,9,11,19,9,13.444444444444445,1,5,7,7,7,14.714285714285714,0,7.6,2.6,0.32,Dropout,Female,Local
672,1,1,4,9500,1,1,135.0,1,1,19,9,7,123.5,1,0,0,1,0,1,19,0,0,7,8,7,12.285714285714286,0,0,8,10,8,11.7375,0,12.4,0.5,1.79,Graduate,Female,Local
673,1,1,2,9070,1,1,121.0,1,19,19,3,3,116.1,1,0,0,1,0,0,22,0,0,6,7,6,11.666666666666666,0,0,6,7,5,13.2,0,12.7,3.7,-1.7,Graduate,Female,Local
674,1,1,1,9254,1,1,116.0,1,38,38,5,8,110.8,1,0,0,1,0,0,18,0,0,6,8,6,12.166666666666666,0,0,6,6,6,13.5,0,11.1,0.6,2.02,Graduate,Female,Local
675,1,17,1,9853,1,1,147.0,1,37,37,9,9,142.8,1,0,0,1,0,0,23,0,0,6,11,2,10.0,0,0,6,15,2,11.0,0,7.6,2.6,0.32,Dropout,Female,Local
676,1,17,4,9070,1,1,160.0,1,1,19,5,7,155.5,1,0,0,1,0,0,18,0,0,6,6,6,14.0,0,0,6,6,6,15.0,0,11.1,0.6,2.02,Graduate,Female,Local
677,1,1,1,9853,1,1,133.0,1,37,19,7,7,126.7,1,0,0,1,0,0,18,0,0,6,9,5,11.833333333333334,0,0,6,6,4,12.0,0,15.5,2.8,-4.06,Enrolled,Female,Local
678,2,39,1,9773,1,19,100.0,1,37,37,0,0,163.5,0,0,1,0,1,0,50,0,0,6,7,1,15.0,0,0,5,12,0,0.0,0,10.8,1.4,1.74,Dropout,Male,Local
679,1,1,1,171,1,1,151.0,41,3,3,2,5,161.9,1,0,0,1,0,1,19,1,0,0,0,0,0.0,0,0,0,0,0,0.0,0,13.9,-0.3,0.79,Graduate,Female,International
680,1,17,2,9254,1,1,124.0,41,19,38,9,9,123.3,1,0,0,1,0,0,22,1,0,6,7,6,10.833333333333334,0,0,6,6,6,10.666666666666666,0,13.9,-0.3,0.79,Graduate,Female,International
681,1,44,1,9238,1,39,140.0,41,1,1,4,6,137.5,0,0,1,1,0,1,23,1,3,6,7,6,13.142857142857142,0,2,6,6,6,14.0,0,12.4,0.5,1.79,Graduate,Female,International
682,1,18,4,9085,1,1,170.0,1,1,1,4,5,166.6,0,0,1,0,0,1,20,0,2,5,8,5,14.4,1,0,5,6,5,14.0,0,12.7,3.7,-1.7,Dropout,Female,Local
683,4,39,1,9238,1,19,133.1,1,37,37,9,10,103.5,0,0,0,0,0,0,44,0,0,6,0,0,0.0,0,0,6,0,0,0.0,0,13.9,-0.3,0.79,Dropout,Female,Local
684,4,39,1,9003,1,19,133.1,1,37,37,9,9,110.0,0,0,0,1,1,0,49,0,6,12,17,7,12.0,0,3,12,19,9,11.22222222222222,0,15.5,2.8,-4.06,Graduate,Male,Local
685,2,43,1,9991,0,1,100.0,1,37,37,9,9,128.2,0,0,0,1,1,0,46,0,6,10,13,9,12.2,0,4,10,12,10,12.8,0,7.6,2.6,0.32,Graduate,Male,Local
686,1,39,1,9085,1,39,120.0,1,37,37,1,9,137.7,1,0,0,0,1,0,41,0,3,3,3,3,12.333333333333334,0,2,2,2,2,11.0,0,12.4,0.5,1.79,Dropout,Male,Local
687,1,17,3,9500,1,1,133.0,1,38,19,9,8,128.8,1,0,0,1,1,0,18,0,0,7,8,7,11.8375,0,0,8,9,8,12.48125,0,13.9,-0.3,0.79,Graduate,Male,Local
688,3,39,1,9991,0,1,120.0,1,37,1,9,2,170.0,0,0,0,1,1,0,43,0,0,5,5,5,11.8,0,0,5,6,5,14.0,0,9.4,-0.8,-3.12,Graduate,Male,Local
689,4,39,2,9147,1,19,133.1,1,37,37,9,7,116.4,0,0,1,0,1,0,70,0,0,5,5,0,0.0,0,0,5,9,0,0.0,0,10.8,1.4,1.74,Dropout,Male,Local
690,4,39,1,9130,1,19,133.1,1,37,38,9,4,100.9,0,0,0,1,1,0,48,0,0,6,0,0,0.0,0,0,6,0,0,0.0,0,15.5,2.8,-4.06,Dropout,Male,Local
691,2,43,1,9003,1,1,133.1,1,37,37,9,7,136.0,0,0,0,1,1,0,41,0,18,19,19,19,12.68421052631579,0,12,13,13,13,12.384615384615383,0,15.5,2.8,-4.06,Graduate,Male,Local
692,1,1,1,9254,1,1,140.0,1,19,19,9,3,130.0,0,0,0,1,1,0,21,0,0,6,8,6,12.571428571428571,0,0,6,10,4,13.0,0,12.7,3.7,-1.7,Enrolled,Male,Local
693,1,39,1,33,1,1,100.0,41,38,37,9,8,100.0,0,0,1,0,1,0,35,1,0,7,18,3,11.25,0,0,7,7,0,0.0,0,16.2,0.3,-0.92,Dropout,Male,International
694,2,39,1,9130,1,19,133.1,1,2,1,2,9,157.0,1,0,0,1,1,0,44,0,1,5,13,4,14.0,3,1,5,9,4,15.5,2,10.8,1.4,1.74,Graduate,Male,Local
695,1,1,1,9147,1,1,143.0,1,3,1,5,5,152.1,1,0,1,1,1,0,18,0,0,5,15,4,13.333333333333334,0,0,5,6,2,13.5,0,13.9,-0.3,0.79,Dropout,Male,Local
696,2,1,1,8014,0,1,165.0,1,37,37,0,0,162.9,1,0,0,1,1,0,45,0,0,6,7,6,13.666666666666666,0,0,6,6,6,13.666666666666666,0,7.6,2.6,0.32,Graduate,Male,Local
697,1,1,1,9254,1,1,154.0,1,3,1,2,1,137.2,0,0,0,1,1,0,20,0,0,6,12,3,10.0,0,0,6,9,5,10.8,0,15.5,2.8,-4.06,Enrolled,Male,Local
698,1,44,1,9003,1,39,140.0,1,1,38,9,1,140.0,1,0,0,1,1,0,22,0,0,6,12,5,12.6,0,0,6,11,6,11.714285714285714,0,12.4,0.5,1.79,Graduate,Male,Local
699,1,43,1,9119,1,1,140.0,1,37,38,5,7,146.5,0,0,0,1,1,0,39,0,0,5,10,3,17.333333333333332,0,0,5,11,1,17.0,0,13.9,-0.3,0.79,Dropout,Male,Local
700,1,44,1,9085,1,39,130.0,1,2,2,6,6,130.0,0,0,0,0,1,0,20,0,2,6,10,5,13.2,0,1,6,21,3,12.0,0,12.4,0.5,1.79,Enrolled,Male,Local
701,2,39,1,9147,1,19,133.1,1,37,19,9,3,128.0,0,0,0,1,1,0,49,0,0,5,9,3,14.0,0,0,5,8,3,13.666666666666666,0,8.9,1.4,3.51,Dropout,Male,Local
702,1,7,1,9556,1,4,190.0,1,5,5,2,2,190.0,1,0,0,1,1,0,43,0,4,4,4,4,13.875,0,1,1,1,1,12.5,0,11.1,0.6,2.02,Dropout,Male,Local
703,2,39,1,9991,0,1,120.0,1,37,37,9,9,133.2,1,0,0,1,1,0,32,0,0,5,5,0,0.0,0,0,5,5,0,0.0,0,7.6,2.6,0.32,Dropout,Male,Local
704,1,39,1,9238,1,12,100.0,1,37,37,9,9,124.3,0,0,0,1,1,0,47,0,3,9,9,9,13.11111111111111,0,3,7,7,7,14.857142857142858,0,10.8,1.4,1.74,Graduate,Male,Local
705,5,39,1,9991,0,1,120.0,1,37,37,9,9,138.1,0,0,0,1,1,1,37,0,0,5,8,5,13.0,0,0,5,11,4,13.333333333333334,2,16.2,0.3,-0.92,Dropout,Male,Local
706,2,39,1,8014,0,1,133.1,1,19,1,4,8,144.3,0,0,0,1,1,0,41,0,6,10,10,10,12.5,0,3,7,7,7,12.142857142857142,0,10.8,1.4,1.74,Graduate,Male,Local
707,2,39,1,9003,1,1,150.0,1,37,37,9,6,140.0,0,0,0,1,1,0,60,0,17,18,18,18,14.11111111111111,0,11,13,13,13,14.23076923076923,0,15.5,2.8,-4.06,Graduate,Male,Local
708,2,39,1,9254,1,1,120.0,1,1,19,9,9,148.3,0,0,0,1,1,0,47,0,6,11,11,11,14.727272727272728,0,6,9,9,9,15.77777777777778,0,10.8,1.4,1.74,Graduate,Male,Local
709,1,39,1,8014,0,1,133.1,1,37,11,9,7,96.0,0,0,1,0,1,0,50,0,0,6,6,0,0.0,0,0,5,6,0,0.0,0,12.4,0.5,1.79,Dropout,Male,Local
710,2,39,1,9991,0,19,133.1,1,38,38,90,90,121.7,1,0,0,1,1,0,45,0,0,5,5,0,0.0,0,0,5,5,0,0.0,0,7.6,2.6,0.32,Dropout,Male,Local
711,1,39,1,9119,1,1,100.0,1,37,37,9,8,160.0,0,0,1,0,1,0,45,0,0,5,5,0,0.0,0,0,5,5,0,0.0,0,15.5,2.8,-4.06,Dropout,Male,Local
712,2,39,1,9085,1,1,133.1,1,37,37,90,90,110.3,0,0,0,1,1,0,33,0,0,5,7,4,13.5,0,0,5,6,5,11.6,0,7.6,2.6,0.32,Graduate,Male,Local
713,1,1,1,9500,1,1,143.0,1,3,3,2,2,129.0,0,0,0,1,1,0,18,0,0,8,8,7,13.105714285714283,0,0,8,8,7,13.105714285714283,0,10.8,1.4,1.74,Graduate,Male,Local
714,2,39,1,9085,1,1,120.0,1,37,37,6,6,150.0,0,0,0,1,1,0,43,0,0,5,8,5,13.5,2,0,5,5,5,14.4,0,9.4,-0.8,-3.12,Graduate,Male,Local
715,1,43,1,8014,0,1,161.0,1,19,37,4,10,100.0,0,0,0,1,1,0,44,0,9,13,18,13,11.846153846153848,0,9,11,11,11,12.0,0,12.7,3.7,-1.7,Graduate,Male,Local
716,1,39,1,9130,1,9,133.1,1,34,36,0,90,107.5,0,0,0,1,1,0,29,0,0,5,5,0,0.0,0,0,5,5,0,0.0,0,7.6,2.6,0.32,Dropout,Male,Local
717,4,39,1,9670,1,1,140.0,1,2,1,3,9,170.0,0,0,1,0,1,0,53,0,0,6,11,3,14.333333333333334,0,0,6,6,0,0.0,0,12.7,3.7,-1.7,Dropout,Male,Local
718,2,42,1,9991,0,6,123.0,1,37,37,9,9,123.0,0,0,0,1,1,0,37,0,0,5,10,5,15.8,0,0,5,5,5,17.6,0,9.4,-0.8,-3.12,Enrolled,Male,Local
719,1,43,1,9670,1,1,142.0,1,38,1,8,10,138.5,1,0,0,1,1,0,18,0,0,6,16,5,13.8,0,0,6,7,5,12.4,0,13.9,-0.3,0.79,Enrolled,Male,Local
720,1,43,1,33,1,19,133.1,1,38,38,4,4,140.0,0,0,1,1,1,0,35,0,3,10,18,6,12.666666666666666,0,1,9,11,3,12.0,2,16.2,0.3,-0.92,Dropout,Male,Local
721,1,1,1,9254,1,1,115.0,1,19,1,3,7,113.6,0,0,0,1,1,0,23,0,0,6,10,6,13.0,0,0,6,9,6,12.0,0,11.1,0.6,2.02,Enrolled,Male,Local
722,1,1,1,171,1,1,156.0,1,19,38,9,5,170.0,1,0,0,1,1,0,22,0,0,0,0,0,0.0,0,0,0,0,0,0.0,0,7.6,2.6,0.32,Graduate,Male,Local
723,1,39,1,8014,0,1,140.0,1,37,37,90,5,115.5,0,0,0,0,1,0,33,0,0,6,6,1,11.0,0,0,6,0,0,0.0,0,10.8,1.4,1.74,Dropout,Male,Local
724,1,7,3,9130,1,3,130.0,1,37,26,90,10,130.0,0,0,0,0,1,0,41,0,0,5,9,0,0.0,4,0,5,9,0,0.0,3,10.8,1.4,1.74,Dropout,Male,Local
725,4,7,1,9500,1,3,140.0,1,37,38,9,7,140.0,0,0,0,1,1,0,51,0,4,7,7,7,15.2,0,6,8,8,8,16.575,0,13.9,-0.3,0.79,Graduate,Male,Local
726,1,51,1,9670,1,1,140.0,1,12,5,3,3,126.6,0,0,0,1,1,0,19,0,2,6,7,6,14.428571428571429,0,1,7,8,7,14.375,0,11.1,0.6,2.02,Graduate,Male,Local
727,1,39,1,9991,0,1,133.1,1,37,37,9,9,143.2,0,0,0,1,1,0,35,0,0,5,5,0,0.0,0,0,5,5,0,0.0,0,11.1,0.6,2.02,Dropout,Male,Local
728,1,1,2,171,1,1,131.0,41,19,1,4,7,131.4,1,0,0,1,1,0,20,1,0,0,0,0,0.0,0,0,0,0,0,0.0,0,7.6,2.6,0.32,Graduate,Male,International
729,1,43,1,9670,1,1,141.0,1,3,2,2,2,133.3,1,0,0,1,1,0,18,0,0,6,13,4,13.75,0,0,6,8,5,11.2,0,13.9,-0.3,0.79,Enrolled,Male,Local
730,1,1,1,9773,1,1,120.0,1,19,37,9,9,118.3,0,0,1,0,1,1,18,0,0,6,11,5,12.166666666666666,0,0,6,15,3,12.0,0,13.9,-0.3,0.79,Dropout,Male,Local
731,1,44,1,9003,1,39,140.0,1,2,1,4,6,140.0,0,0,0,1,1,0,21,0,0,6,12,5,12.142857142857142,0,0,6,11,5,11.666666666666666,0,13.9,-0.3,0.79,Graduate,Male,Local
732,1,1,1,9254,1,1,132.0,1,1,19,6,6,124.7,1,0,0,1,1,0,21,0,0,6,9,6,12.0,0,0,6,8,5,11.6,0,13.9,-0.3,0.79,Graduate,Male,Local
733,2,39,2,9147,1,1,130.0,1,19,37,4,7,140.0,0,0,0,1,1,0,34,0,0,5,10,3,11.666666666666666,1,0,5,7,4,12.75,0,9.4,-0.8,-3.12,Graduate,Male,Local
734,4,39,1,9130,1,1,140.0,1,37,37,6,7,150.0,1,0,0,1,1,0,34,0,0,6,9,0,0.0,0,0,6,6,0,0.0,0,16.2,0.3,-0.92,Dropout,Male,Local
735,1,17,2,9670,1,1,110.0,1,3,3,4,10,115.6,1,0,0,1,1,0,21,0,0,6,10,6,11.875,0,0,6,8,5,12.0,0,11.1,0.6,2.02,Graduate,Male,Local
736,1,43,1,9773,1,1,140.0,1,3,37,3,7,116.9,0,0,0,1,1,0,32,0,6,11,15,7,11.285714285714286,0,5,7,10,6,12.333333333333334,0,13.9,-0.3,0.79,Enrolled,Male,Local
737,1,17,2,9254,1,1,130.0,1,37,37,5,7,123.4,1,0,0,1,1,0,30,0,0,6,17,2,10.0,0,0,6,15,3,11.333333333333334,0,7.6,2.6,0.32,Dropout,Male,Local
738,1,1,1,171,1,1,137.0,1,1,3,3,7,146.5,1,0,1,1,1,0,19,0,6,12,13,11,12.0,0,4,11,15,10,11.181818181818182,0,8.9,1.4,3.51,Enrolled,Male,Local
739,1,51,1,9773,1,1,158.0,1,1,19,8,8,117.1,1,0,0,1,1,0,20,0,1,7,7,6,13.833333333333334,0,1,6,7,5,13.0,0,8.9,1.4,3.51,Dropout,Male,Local
740,1,1,1,9070,1,1,124.0,1,19,19,9,7,113.9,1,0,0,1,1,0,18,0,0,6,0,0,0.0,0,0,6,0,0,0.0,0,12.4,0.5,1.79,Dropout,Male,Local
741,1,1,1,9254,1,1,136.0,1,3,3,2,2,128.7,0,0,0,1,1,0,19,0,0,6,7,6,14.428571428571429,0,0,6,6,6,12.5,0,8.9,1.4,3.51,Graduate,Male,Local
742,1,17,3,9500,1,1,142.0,1,3,3,3,3,132.9,1,0,0,1,1,0,18,0,0,7,8,5,14.2,0,0,7,9,6,12.4,0,12.4,0.5,1.79,Dropout,Male,Local
743,1,39,1,9991,0,1,150.0,1,1,19,4,8,123.0,0,0,0,1,1,0,27,0,0,5,8,4,11.5,0,0,5,9,3,10.333333333333334,0,12.7,3.7,-1.7,Dropout,Male,Local
744,1,39,1,9773,1,12,120.0,1,1,1,9,9,129.8,1,0,0,1,1,0,52,0,0,6,7,5,13.0,0,0,6,6,6,15.0,0,9.4,-0.8,-3.12,Graduate,Male,Local
745,2,43,1,9003,1,1,149.0,1,1,1,4,5,156.1,1,0,0,0,1,0,29,0,0,6,6,0,0.0,0,0,6,8,0,0.0,0,15.5,2.8,-4.06,Dropout,Male,Local
746,1,51,1,9003,1,39,130.0,1,1,19,4,4,120.0,1,0,1,0,1,0,22,0,0,6,12,3,11.333333333333334,0,0,6,13,2,11.0,0,8.9,1.4,3.51,Dropout,Male,Local
747,1,43,1,9085,1,1,110.0,25,38,38,9,6,117.2,1,0,0,1,1,0,28,1,13,18,45,18,12.5,12,10,13,26,12,11.428571428571429,6,15.5,2.8,-4.06,Graduate,Male,International
748,1,39,1,9670,1,6,133.1,1,1,1,90,3,107.0,1,0,0,1,1,0,30,0,0,5,5,0,0.0,0,0,5,5,0,0.0,0,7.6,2.6,0.32,Dropout,Male,Local
749,1,1,2,9500,1,1,134.0,1,1,1,5,3,128.4,1,0,0,1,0,0,18,0,0,7,7,7,13.471428571428572,0,0,8,9,8,13.944444444444445,0,16.2,0.3,-0.92,Graduate,Female,Local
750,1,1,2,9670,1,1,130.0,1,38,37,5,5,123.4,1,0,0,1,0,0,21,0,0,5,5,4,11.75,0,0,5,5,3,13.333333333333334,0,9.4,-0.8,-3.12,Graduate,Female,Local
751,1,1,1,9070,1,1,141.0,1,37,37,9,9,126.7,1,0,1,1,0,1,20,0,0,6,9,6,13.333333333333334,0,0,6,10,6,14.666666666666666,0,12.7,3.7,-1.7,Graduate,Female,Local
752,1,42,1,9500,1,1,123.0,1,37,37,3,3,123.0,1,0,0,1,0,1,21,0,0,8,8,8,13.105,0,0,8,8,8,13.105,0,9.4,-0.8,-3.12,Graduate,Female,Local
753,2,39,1,9991,0,19,133.1,1,19,37,7,9,137.2,0,0,1,0,0,0,32,0,0,5,5,0,0.0,0,0,5,6,0,0.0,0,10.8,1.4,1.74,Dropout,Female,Local
754,1,1,3,9070,1,1,122.0,1,37,37,9,9,125.9,1,0,0,1,1,1,20,0,0,6,6,6,15.5,0,0,6,7,6,12.166666666666666,0,12.4,0.5,1.79,Graduate,Male,Local
755,1,1,4,171,1,1,132.0,1,1,19,4,5,138.0,1,0,1,0,1,0,19,0,0,0,0,0,0.0,0,0,0,0,0,0.0,0,15.5,2.8,-4.06,Dropout,Male,Local
756,1,15,1,9670,1,1,133.1,41,1,1,9,5,128.2,0,0,1,0,1,0,18,1,0,6,6,4,11.25,0,0,6,7,3,12.333333333333334,0,8.9,1.4,3.51,Dropout,Male,International
757,1,43,1,9991,0,1,130.0,1,37,2,9,4,126.5,1,0,0,0,1,0,23,0,10,15,24,12,11.0,0,10,14,21,11,11.363636363636363,1,7.6,2.6,0.32,Dropout,Male,Local
758,1,1,1,9254,1,1,111.0,1,1,1,3,3,112.4,1,0,0,1,1,0,20,0,0,6,10,6,12.333333333333334,0,0,6,9,4,13.0,0,12.4,0.5,1.79,Graduate,Male,Local
759,2,43,2,9147,1,1,133.1,1,37,37,9,9,109.0,1,0,0,1,0,0,46,0,4,9,18,8,11.375,2,0,5,11,5,11.8,0,9.4,-0.8,-3.12,Graduate,Female,Local
760,1,17,1,9003,1,1,125.0,1,3,3,2,2,100.0,0,0,0,1,1,0,27,0,16,18,19,18,12.22222222222222,0,9,12,15,12,12.384615384615383,0,15.5,2.8,-4.06,Graduate,Male,Local
761,1,5,1,171,1,1,137.0,1,3,19,1,10,144.7,1,0,0,1,1,0,20,0,0,0,0,0,0.0,0,0,0,0,0,0.0,0,16.2,0.3,-0.92,Enrolled,Male,Local
762,2,43,3,8014,0,19,100.0,1,37,37,9,9,120.0,1,0,0,1,1,0,41,0,5,9,11,9,12.0,0,3,7,8,6,12.0,0,9.4,-0.8,-3.12,Graduate,Male,Local
763,1,15,1,9147,1,1,133.1,21,1,3,192,3,100.0,0,0,1,1,1,0,40,1,0,5,10,1,11.0,0,0,5,10,1,10.0,0,11.1,0.6,2.02,Enrolled,Male,International
764,2,44,1,8014,0,39,150.0,1,1,1,5,5,154.0,0,0,0,1,1,0,37,0,12,16,17,16,14.125,0,6,11,14,10,13.0,0,12.4,0.5,1.79,Graduate,Male,Local
765,1,1,4,9147,1,1,120.0,1,38,38,5,10,111.3,0,0,0,1,1,0,20,0,0,5,8,5,10.2,0,0,5,7,5,11.2,0,12.4,0.5,1.79,Enrolled,Male,Local
766,1,44,1,9130,1,39,150.0,1,1,1,4,4,150.0,1,0,0,1,0,0,20,0,0,5,7,4,12.0,1,0,5,6,4,12.4,0,10.8,1.4,1.74,Enrolled,Female,Local
767,1,7,1,9991,0,40,133.1,1,1,37,4,1,100.0,0,0,0,1,0,0,26,0,8,9,11,9,12.333333333333334,0,4,7,7,7,12.571428571428571,0,12.4,0.5,1.79,Graduate,Female,Local
768,2,39,1,8014,0,1,133.1,1,37,37,9,7,162.5,0,0,0,1,1,0,54,0,4,9,9,9,14.333333333333334,0,2,7,7,7,13.857142857142858,0,8.9,1.4,3.51,Graduate,Male,Local
769,1,17,5,9670,1,1,132.0,1,19,19,5,5,134.1,1,0,0,1,1,0,21,0,0,6,6,6,15.166666666666666,0,0,6,9,6,14.0,0,10.8,1.4,1.74,Graduate,Male,Local
770,1,1,1,9085,1,1,134.0,1,1,1,9,9,133.0,1,0,0,1,0,1,20,0,0,6,8,6,15.142857142857142,0,0,6,8,6,15.142857142857142,0,11.1,0.6,2.02,Graduate,Female,Local
771,1,17,6,9773,1,1,126.0,1,1,19,5,5,119.0,1,0,0,1,0,0,18,0,0,6,0,0,0.0,0,0,6,0,0,0.0,0,12.4,0.5,1.79,Dropout,Female,Local
772,1,1,3,9500,1,1,136.0,1,1,19,4,9,131.1,1,0,0,1,0,0,19,0,0,7,9,6,13.411428571428573,0,0,8,12,7,13.294444444444444,0,15.5,2.8,-4.06,Enrolled,Female,Local
773,1,1,2,9238,1,1,129.0,1,38,1,4,10,129.4,1,0,0,1,0,0,18,0,0,6,7,6,12.333333333333334,0,0,6,7,6,12.166666666666666,0,9.4,-0.8,-3.12,Graduate,Female,Local
774,1,1,1,9085,1,1,126.0,1,3,1,2,8,123.9,1,0,0,1,0,0,19,0,0,6,13,4,11.8,0,0,6,18,4,12.2,0,12.4,0.5,1.79,Enrolled,Female,Local
775,1,44,1,9085,1,39,140.0,1,1,1,4,7,140.0,1,0,1,1,0,0,22,0,2,6,9,6,12.0,0,1,6,12,3,12.0,0,13.9,-0.3,0.79,Dropout,Female,Local
776,1,43,1,9085,1,1,162.0,1,2,1,4,4,162.0,0,0,0,1,0,0,19,0,0,6,7,6,15.0,0,0,6,8,6,15.625,0,12.4,0.5,1.79,Graduate,Female,Local
777,1,1,1,171,1,1,148.0,1,3,2,4,2,131.6,1,0,0,1,0,0,21,0,6,12,12,8,13.875,0,4,11,13,9,12.7,1,8.9,1.4,3.51,Dropout,Female,Local
778,1,17,1,9853,1,1,119.0,1,3,3,132,132,110.6,0,0,0,1,0,0,20,0,0,7,9,6,11.833333333333334,0,0,7,7,6,14.333333333333334,0,11.1,0.6,2.02,Enrolled,Female,Local
779,1,17,3,9773,1,1,123.0,1,1,19,5,5,117.4,1,0,0,1,0,1,18,0,0,6,6,6,12.5,0,0,6,6,6,13.833333333333334,0,16.2,0.3,-0.92,Graduate,Female,Local
780,1,17,1,9773,1,1,150.0,1,38,38,7,7,137.8,1,0,0,1,0,1,18,0,0,6,6,6,15.0,0,0,6,6,6,15.5,0,8.9,1.4,3.51,Graduate,Female,Local
781,1,17,1,9670,1,1,113.0,1,1,1,5,4,106.7,1,0,1,1,0,0,20,0,0,6,10,2,11.666666666666666,0,0,6,10,4,10.5,0,15.5,2.8,-4.06,Dropout,Female,Local
782,1,1,1,9500,1,1,152.0,1,19,37,3,8,156.9,0,0,0,1,0,1,18,0,0,7,10,7,14.668,0,0,8,8,8,14.63375,0,15.5,2.8,-4.06,Graduate,Female,Local
783,1,1,3,9500,1,1,154.0,1,3,3,1,3,129.0,1,0,0,1,0,0,18,0,0,8,9,6,13.345,2,0,8,9,6,13.345,2,9.4,-0.8,-3.12,Enrolled,Female,Local
784,1,1,2,9773,1,1,130.0,1,1,34,9,9,124.8,1,0,0,1,0,1,20,0,0,6,7,5,12.8,0,0,6,6,6,12.333333333333334,0,12.4,0.5,1.79,Graduate,Female,Local
785,1,1,1,9238,1,1,121.0,1,1,1,1,1,115.1,1,0,0,1,0,0,19,0,0,6,10,6,10.833333333333334,0,0,6,7,6,12.142857142857142,0,11.1,0.6,2.02,Graduate,Female,Local
786,1,1,1,9070,1,1,153.0,1,3,3,1,2,146.7,1,0,0,1,0,0,18,0,0,6,6,6,13.666666666666666,0,0,6,6,5,14.0,0,12.7,3.7,-1.7,Graduate,Female,Local
787,1,1,1,9500,1,1,148.0,1,3,1,4,5,132.8,0,0,0,1,0,0,18,0,0,8,8,7,14.537142857142856,0,0,8,8,7,14.537142857142856,0,10.8,1.4,1.74,Graduate,Female,Local
788,1,5,3,9085,1,1,143.0,1,37,37,0,90,159.1,0,0,1,1,0,1,18,0,0,5,5,5,14.4,0,0,5,5,5,14.0,0,7.6,2.6,0.32,Dropout,Female,Local
789,1,17,3,171,1,1,147.0,1,19,1,5,4,137.6,1,0,0,1,0,1,20,0,0,0,0,0,0.0,0,0,0,0,0,0.0,0,12.7,3.7,-1.7,Graduate,Female,Local
790,1,17,1,9773,1,1,138.0,1,1,19,9,9,124.0,0,0,0,1,0,1,19,0,0,6,6,6,13.166666666666666,0,0,6,6,6,13.833333333333334,0,11.1,0.6,2.02,Graduate,Female,Local
791,1,39,1,9500,1,1,120.0,1,3,3,2,2,149.0,0,0,0,0,1,0,36,0,0,6,15,2,11.5,0,0,7,9,0,0.0,0,15.5,2.8,-4.06,Dropout,Male,Local
792,1,17,1,9238,1,1,145.0,1,1,40,9,2,129.6,0,0,0,1,0,1,19,0,0,6,7,6,11.333333333333334,0,0,6,7,6,12.428571428571429,0,11.1,0.6,2.02,Graduate,Female,Local
793,1,17,3,9238,1,1,118.0,1,3,1,2,5,110.0,1,0,0,1,0,0,18,0,0,6,6,6,12.0,0,0,6,6,5,13.6,0,8.9,1.4,3.51,Graduate,Female,Local
794,1,1,3,9773,1,1,121.0,1,19,19,3,3,116.1,0,0,0,1,0,1,18,0,0,6,6,6,13.166666666666666,0,0,6,6,6,12.166666666666666,0,12.4,0.5,1.79,Graduate,Female,Local
795,1,1,3,9773,1,1,135.0,1,38,38,5,8,133.3,1,0,0,1,0,1,18,0,0,6,6,6,14.833333333333334,0,0,6,6,6,14.166666666666666,0,8.9,1.4,3.51,Graduate,Female,Local
796,1,44,1,9070,1,1,140.0,1,1,1,9,8,144.3,1,0,0,1,0,0,19,0,2,7,7,7,13.0,0,5,9,9,9,13.22222222222222,0,12.4,0.5,1.79,Graduate,Female,Local
797,1,18,3,9500,1,1,145.0,1,1,1,4,8,133.6,1,0,0,1,0,0,18,0,0,7,8,7,13.087142857142856,0,0,8,8,8,12.95,0,11.1,0.6,2.02,Graduate,Female,Local
798,1,1,1,9130,1,1,133.0,1,1,37,9,9,123.2,1,0,0,1,0,1,19,0,0,6,8,6,13.333333333333334,0,0,6,7,6,13.666666666666666,0,8.9,1.4,3.51,Graduate,Female,Local
799,1,1,1,9853,1,1,127.0,1,3,1,3,7,137.2,1,0,0,1,0,0,18,0,0,6,7,6,12.166666666666666,0,0,6,10,4,12.75,0,10.8,1.4,1.74,Enrolled,Female,Local
800,1,53,1,9070,1,42,130.0,1,40,19,3,5,130.0,1,0,0,0,0,1,22,0,0,6,8,6,11.0,0,0,6,10,4,12.0,0,8.9,1.4,3.51,Enrolled,Female,Local
801,1,1,2,9238,1,1,117.0,1,19,1,9,8,110.0,1,0,1,0,0,0,18,0,0,6,0,0,0.0,0,0,6,0,0,0.0,0,11.1,0.6,2.02,Dropout,Female,Local
802,1,17,4,9147,1,1,125.0,1,19,19,5,5,118.0,1,0,0,1,0,0,19,0,0,5,7,5,13.6,0,0,5,6,5,12.2,0,8.9,1.4,3.51,Graduate,Female,Local
803,1,1,1,9773,1,1,141.0,1,38,38,9,9,128.4,1,0,0,1,0,0,18,0,0,6,6,6,15.5,0,0,6,6,6,14.0,0,11.1,0.6,2.02,Graduate,Female,Local
804,1,1,3,9853,1,1,122.0,1,1,3,5,3,113.6,0,0,0,1,0,0,19,0,0,7,7,7,13.857142857142858,0,0,7,7,7,14.285714285714286,0,11.1,0.6,2.02,Graduate,Female,Local
805,1,17,2,9147,1,1,118.0,1,19,1,9,3,113.5,1,0,1,1,0,0,20,0,0,5,10,2,11.5,0,0,5,8,3,10.0,0,11.1,0.6,2.02,Enrolled,Female,Local
806,1,17,3,9070,1,1,142.0,1,1,38,3,5,146.9,1,0,0,1,0,1,18,0,0,6,6,6,13.0,0,0,6,6,6,12.166666666666666,0,16.2,0.3,-0.92,Graduate,Female,Local
807,1,1,1,9130,1,1,143.0,1,3,3,2,10,141.3,0,0,1,0,0,0,23,0,0,6,10,6,14.0,0,0,6,11,4,13.0,0,11.1,0.6,2.02,Enrolled,Female,Local
808,1,1,4,9773,1,1,143.0,1,1,3,4,7,129.7,1,0,0,1,0,0,20,0,0,4,4,0,0.0,0,0,6,0,0,0.0,0,8.9,1.4,3.51,Dropout,Female,Local
809,1,1,5,9070,1,1,123.0,1,3,1,9,3,121.3,1,0,0,1,0,0,20,0,0,6,6,6,11.166666666666666,0,0,6,9,6,11.5,0,12.4,0.5,1.79,Enrolled,Female,Local
810,1,1,1,9238,1,1,115.0,1,1,1,9,4,109.1,1,0,1,0,0,1,22,0,0,6,0,0,0.0,0,0,6,0,0,0.0,0,12.4,0.5,1.79,Dropout,Female,Local
811,1,17,2,9853,1,1,112.0,1,19,38,5,7,107.1,1,0,0,1,0,1,18,0,0,7,8,7,12.142857142857142,0,0,7,9,6,13.666666666666666,0,11.1,0.6,2.02,Graduate,Female,Local
812,1,17,1,9500,1,1,135.0,1,19,38,9,9,129.2,0,0,0,1,0,1,18,0,0,7,7,7,14.145714285714286,0,0,8,9,8,13.627777777777778,0,11.1,0.6,2.02,Graduate,Female,Local
813,1,1,1,9500,1,1,162.0,1,3,4,3,3,154.1,0,0,0,1,0,0,18,0,0,7,7,7,14.45,0,0,8,9,8,14.144444444444444,0,11.1,0.6,2.02,Graduate,Female,Local
814,1,1,1,9853,1,1,143.0,1,19,3,4,4,147.2,0,0,0,1,0,0,18,0,0,7,7,7,15.714285714285714,0,0,7,7,7,15.0,0,11.1,0.6,2.02,Graduate,Female,Local
815,1,51,1,9147,1,1,130.0,1,1,1,4,4,120.0,0,0,0,1,0,0,21,0,0,5,9,5,12.8,0,0,5,11,3,12.666666666666666,0,11.1,0.6,2.02,Enrolled,Female,Local
816,1,17,1,9070,1,1,136.0,1,1,37,4,5,130.8,0,0,0,1,0,0,20,0,0,6,6,6,12.5,0,0,6,8,6,11.5,0,10.8,1.4,1.74,Enrolled,Female,Local
817,1,16,1,9070,1,1,125.0,1,1,1,4,4,120.8,1,0,0,1,0,0,18,0,0,6,6,6,14.5,0,0,6,6,6,12.833333333333334,0,12.4,0.5,1.79,Graduate,Female,Local
818,1,17,2,9500,1,1,132.0,1,19,37,3,5,125.4,1,0,0,0,0,1,20,0,0,7,7,7,13.462857142857144,0,0,8,10,7,13.164285714285716,0,11.1,0.6,2.02,Enrolled,Female,Local
819,1,1,1,8014,0,1,123.0,1,34,37,9,90,121.3,1,0,0,1,0,0,25,0,0,6,6,6,12.833333333333334,0,0,6,6,6,12.833333333333334,0,7.6,2.6,0.32,Graduate,Female,Local
820,1,1,1,9147,1,1,142.0,1,19,19,9,9,127.0,1,0,0,1,0,1,18,0,0,5,10,5,12.0,0,0,5,8,4,11.6,0,13.9,-0.3,0.79,Graduate,Female,Local
821,1,1,3,171,1,1,147.0,1,12,19,9,3,151.6,1,0,0,1,0,0,19,0,0,0,0,0,0.0,0,0,0,0,0,0.0,0,13.9,-0.3,0.79,Graduate,Female,Local
822,1,1,1,9085,1,1,140.0,6,1,19,4,7,131.6,1,0,0,1,0,0,20,1,0,7,9,6,14.714285714285714,0,1,7,16,6,13.2,0,12.4,0.5,1.79,Enrolled,Female,International
823,1,1,2,9238,1,1,133.1,1,19,19,9,9,106.0,1,0,0,1,0,1,20,0,0,6,7,6,12.571428571428571,0,0,6,7,6,13.285714285714286,0,12.4,0.5,1.79,Graduate,Female,Local
824,1,18,4,9773,1,1,114.0,1,1,1,9,9,111.6,1,0,0,1,0,1,21,0,0,6,6,6,12.5,0,0,6,6,6,11.5,0,11.1,0.6,2.02,Graduate,Female,Local
825,1,17,3,9670,1,1,125.0,1,1,3,4,3,117.3,1,0,0,1,0,0,18,0,0,6,8,6,14.0,0,0,6,9,5,14.0,0,8.9,1.4,3.51,Graduate,Female,Local
826,1,17,1,9853,1,1,127.0,1,1,1,5,7,121.4,1,0,0,1,0,0,18,0,0,7,8,7,11.571428571428571,0,0,7,9,6,13.166666666666666,0,11.1,0.6,2.02,Dropout,Female,Local
827,1,1,3,9070,1,1,132.0,1,1,3,9,7,126.1,1,0,0,1,0,1,18,0,0,6,6,6,15.833333333333334,0,0,6,6,6,15.333333333333334,0,11.1,0.6,2.02,Graduate,Female,Local
828,1,1,4,9500,1,1,148.0,1,19,19,4,5,137.0,1,0,0,1,0,0,18,0,0,8,8,8,14.25,0,0,8,8,8,14.25,0,9.4,-0.8,-3.12,Graduate,Female,Local
829,1,43,1,9670,1,1,139.0,1,3,19,3,5,120.8,0,0,0,1,0,0,19,0,0,6,0,0,0.0,0,0,6,0,0,0.0,0,15.5,2.8,-4.06,Dropout,Female,Local
830,1,17,1,9254,1,1,136.0,1,39,3,3,3,128.7,1,0,0,1,0,0,20,0,0,6,8,6,11.666666666666666,0,0,6,10,6,11.0,0,13.9,-0.3,0.79,Dropout,Female,Local
831,1,39,1,9238,1,9,133.1,1,34,34,0,0,118.0,0,0,0,1,0,0,47,0,0,6,12,0,0.0,0,0,5,10,0,0.0,0,7.6,2.6,0.32,Dropout,Female,Local
832,1,43,1,9130,1,1,120.0,6,1,3,9,2,120.0,0,0,1,1,0,0,21,1,2,5,9,5,13.2,2,0,5,7,2,12.5,2,10.8,1.4,1.74,Enrolled,Female,International
833,2,39,1,9130,1,1,130.0,1,37,37,9,6,160.0,0,0,0,1,1,0,31,0,1,6,11,2,12.0,1,1,6,12,1,10.0,1,16.2,0.3,-0.92,Dropout,Male,Local
834,2,39,1,9119,1,1,110.0,1,37,37,90,5,150.0,1,0,0,1,1,0,46,0,0,5,6,0,0.0,0,0,5,5,0,0.0,0,7.6,2.6,0.32,Dropout,Male,Local
835,1,1,3,9119,1,1,133.0,1,3,1,3,4,121.8,1,0,0,1,1,0,18,0,0,5,9,4,12.0,0,0,5,10,2,11.0,0,8.9,1.4,3.51,Enrolled,Male,Local
836,1,17,3,9119,1,1,138.0,1,3,3,3,4,125.4,1,1,0,1,1,0,19,0,0,5,10,3,13.333333333333334,0,0,5,9,4,10.75,0,8.9,1.4,3.51,Dropout,Male,Local
837,1,51,1,9556,1,1,131.0,1,1,37,152,193,126.6,1,0,0,1,1,0,23,0,0,7,11,5,12.414285714285713,0,0,7,13,2,13.5,0,8.9,1.4,3.51,Enrolled,Male,Local
838,1,44,1,9130,1,39,150.0,1,3,1,2,8,150.0,0,0,0,0,1,0,22,0,0,5,5,0,0.0,0,0,5,5,0,0.0,0,12.7,3.7,-1.7,Dropout,Male,Local
839,1,1,1,9147,1,1,125.0,1,38,1,3,10,114.5,1,0,0,1,1,0,19,0,0,5,5,5,13.8,0,0,5,7,5,12.4,0,9.4,-0.8,-3.12,Graduate,Male,Local
840,1,1,1,9147,1,1,108.0,41,3,3,9,9,107.0,0,0,1,0,0,0,19,1,0,5,14,0,0.0,0,0,5,5,0,0.0,0,8.9,1.4,3.51,Dropout,Female,International
841,1,17,1,9147,1,1,116.0,1,3,1,3,4,115.7,0,0,0,0,1,0,22,0,0,5,10,4,11.5,0,0,5,11,4,14.0,0,8.9,1.4,3.51,Enrolled,Male,Local
842,1,39,1,9130,1,1,133.1,1,3,34,3,0,120.0,0,0,1,0,1,0,29,0,0,5,11,0,0.0,4,0,5,6,0,0.0,1,9.4,-0.8,-3.12,Dropout,Male,Local
843,1,1,3,9500,1,1,147.0,1,37,38,9,5,134.8,1,0,0,1,0,0,18,0,0,7,7,6,14.016666666666666,0,0,7,7,6,14.016666666666666,0,7.6,2.6,0.32,Graduate,Female,Local
844,1,1,1,9238,1,1,143.0,1,38,34,9,9,133.6,1,0,0,1,0,0,18,0,0,6,9,5,11.4,0,0,6,8,5,10.8,0,9.4,-0.8,-3.12,Graduate,Female,Local
845,1,1,1,171,1,1,115.0,1,37,37,9,8,129.0,1,0,1,0,0,1,23,0,0,0,0,0,0.0,0,0,0,0,0,0.0,0,9.4,-0.8,-3.12,Dropout,Female,Local
846,2,39,1,9991,0,1,160.0,1,1,1,194,131,128.4,0,0,0,1,0,0,34,0,0,5,12,5,10.4,0,0,5,11,5,12.0,0,12.4,0.5,1.79,Graduate,Female,Local
847,1,17,1,9147,1,1,118.0,1,19,19,9,9,122.2,0,0,0,1,0,0,19,0,0,5,11,3,10.666666666666666,0,0,5,9,4,10.25,0,11.1,0.6,2.02,Graduate,Female,Local
848,1,1,1,9085,1,1,122.0,1,1,1,2,5,113.3,1,0,0,1,0,0,18,0,0,5,9,4,14.25,0,0,5,8,5,12.714285714285714,0,10.8,1.4,1.74,Enrolled,Female,Local
849,1,17,6,9500,1,1,143.0,1,1,19,4,4,129.9,0,0,0,1,0,1,20,0,3,7,7,7,13.914285714285713,0,5,8,8,8,14.10625,0,11.1,0.6,2.02,Graduate,Female,Local
850,1,1,6,9500,1,1,133.0,1,3,3,1,1,126.2,1,0,0,1,0,0,19,0,0,7,9,7,13.761111111111113,0,0,8,11,7,12.82375,0,15.5,2.8,-4.06,Graduate,Female,Local
851,1,5,2,9853,1,1,122.0,1,19,19,4,5,112.6,1,0,0,1,0,0,22,0,0,6,10,5,12.6,0,0,6,9,4,11.25,0,12.7,3.7,-1.7,Enrolled,Female,Local
852,1,1,1,9238,1,1,164.0,1,19,19,9,9,149.0,1,0,0,1,0,1,23,0,0,6,7,6,13.857142857142858,0,0,6,6,6,14.166666666666666,0,10.8,1.4,1.74,Graduate,Female,Local
853,2,39,1,9500,1,1,133.1,1,1,19,9,9,120.0,0,0,0,1,1,1,34,0,0,8,8,7,13.842857142857143,0,0,8,8,7,13.842857142857143,0,12.7,3.7,-1.7,Graduate,Male,Local
854,1,17,4,9119,1,1,127.0,1,19,19,5,5,120.4,1,0,1,0,1,0,18,0,0,5,12,0,0.0,0,0,5,8,0,0.0,0,9.4,-0.8,-3.12,Enrolled,Male,Local
855,1,1,3,9773,1,1,140.0,1,1,39,4,1,128.1,1,1,0,1,1,0,21,0,0,6,6,5,11.8,0,0,6,9,0,0.0,0,16.2,0.3,-0.92,Dropout,Male,Local
856,1,1,1,9238,1,1,127.0,1,1,19,4,3,141.7,1,0,0,1,1,0,22,0,0,6,6,6,12.666666666666666,0,0,6,6,6,13.833333333333334,0,10.8,1.4,1.74,Dropout,Male,Local
857,1,39,1,9003,1,12,133.1,1,37,1,9,10,130.0,0,0,0,1,1,0,28,0,0,6,6,0,0.0,0,0,6,6,0,0.0,0,11.1,0.6,2.02,Dropout,Male,Local
858,1,5,4,9119,1,1,115.0,1,19,37,4,6,113.3,1,0,0,1,1,0,23,0,0,5,7,0,0.0,0,0,5,5,0,0.0,0,7.6,2.6,0.32,Dropout,Male,Local
859,1,1,1,9773,1,1,108.0,1,34,38,0,3,105.9,0,0,0,1,1,0,20,0,0,6,11,4,10.75,0,0,6,13,2,10.0,0,7.6,2.6,0.32,Dropout,Male,Local
860,1,18,2,9119,1,1,136.0,1,1,2,5,4,122.7,1,0,0,1,1,0,18,0,0,5,7,5,12.6,0,0,5,9,3,13.25,0,13.9,-0.3,0.79,Dropout,Male,Local
861,1,39,2,9147,1,12,133.1,1,19,38,9,9,120.0,1,0,1,0,1,0,28,0,0,5,5,0,0.0,0,0,5,5,0,0.0,0,9.4,-0.8,-3.12,Dropout,Male,Local
862,1,44,1,9070,1,39,120.0,1,1,19,5,8,119.8,0,0,0,1,1,0,21,0,2,7,7,2,12.0,0,5,9,10,7,12.142857142857142,0,12.4,0.5,1.79,Dropout,Male,Local
863,1,39,1,9670,1,1,133.1,1,38,19,9,8,122.9,0,0,1,0,1,0,25,0,0,6,7,3,14.0,0,0,6,9,2,14.5,0,13.9,-0.3,0.79,Dropout,Male,Local
864,1,44,1,9085,1,39,160.0,1,1,1,5,4,160.0,1,1,0,0,1,0,19,0,2,6,6,6,14.0,0,1,6,11,6,13.5,0,12.4,0.5,1.79,Dropout,Male,Local
865,1,1,4,9500,1,1,128.0,1,1,1,4,10,125.2,1,0,0,1,1,1,18,0,0,7,7,7,14.682857142857143,0,0,8,9,8,15.055555555555555,0,12.4,0.5,1.79,Graduate,Male,Local
866,1,39,1,9119,1,3,130.0,1,1,38,90,90,143.4,0,0,0,1,1,0,29,0,0,3,3,0,0.0,3,0,5,0,0,0.0,0,10.8,1.4,1.74,Dropout,Male,Local
867,1,39,1,9119,1,19,133.1,1,37,38,3,7,96.7,0,0,0,1,1,1,29,0,0,5,6,0,0.0,0,0,5,7,0,0.0,0,12.4,0.5,1.79,Dropout,Male,Local
868,1,18,1,9254,1,1,137.0,1,19,19,4,5,126.9,0,0,0,1,1,0,20,0,0,6,7,6,13.857142857142858,0,0,6,7,5,12.8,0,16.2,0.3,-0.92,Graduate,Male,Local
869,1,1,1,171,1,1,163.0,1,19,1,9,7,143.1,0,0,0,1,1,0,18,0,0,0,0,0,0.0,0,0,0,0,0,0.0,0,9.4,-0.8,-3.12,Graduate,Male,Local
870,1,1,1,9254,1,1,125.0,1,1,1,191,193,114.5,0,0,0,1,1,0,20,0,0,6,8,6,13.142857142857142,0,0,6,7,6,12.5,0,8.9,1.4,3.51,Graduate,Male,Local
871,2,39,1,9119,1,1,120.0,1,34,34,0,0,140.0,1,0,0,1,1,0,33,0,0,5,14,1,18.0,0,0,5,9,2,13.0,0,9.4,-0.8,-3.12,Dropout,Male,Local
872,1,42,1,9991,0,1,150.0,1,19,19,5,5,113.7,0,0,0,1,1,0,30,0,11,15,15,13,11.461538461538462,0,6,11,15,10,11.583333333333334,1,16.2,0.3,-0.92,Graduate,Male,Local
873,1,1,1,9556,1,1,135.0,1,1,1,1,1,131.5,0,0,0,1,1,1,21,0,0,7,14,5,11.2,0,0,8,11,6,11.583333333333334,0,16.2,0.3,-0.92,Enrolled,Male,Local
874,1,1,1,9003,1,1,148.0,1,1,19,194,194,143.5,0,0,1,1,1,0,18,0,0,6,6,5,15.0,0,0,6,8,4,14.5,0,8.9,1.4,3.51,Graduate,Male,Local
875,1,1,1,9500,1,1,138.0,1,38,38,9,9,126.8,0,0,0,1,1,1,19,0,0,7,9,7,14.244444444444444,0,0,8,12,8,12.233333333333333,0,15.5,2.8,-4.06,Graduate,Male,Local
876,1,17,1,9070,1,1,119.0,1,38,19,9,9,115.2,0,0,0,1,1,1,21,0,0,6,8,4,11.5,0,0,6,7,5,11.0,0,15.5,2.8,-4.06,Dropout,Male,Local
877,1,39,2,9556,1,1,130.0,1,19,19,4,5,100.0,0,0,0,1,1,1,25,0,0,7,7,2,10.0,0,0,7,7,0,0.0,0,15.5,2.8,-4.06,Dropout,Male,Local
878,1,1,2,9670,1,1,135.0,1,19,19,7,10,121.4,0,0,0,1,1,0,19,0,0,5,7,3,12.333333333333334,0,0,5,5,5,11.6,0,9.4,-0.8,-3.12,Graduate,Male,Local
879,1,44,1,9070,1,39,120.0,1,19,1,9,3,120.0,1,0,0,1,1,0,23,0,2,7,8,5,12.2,0,5,9,10,7,12.142857142857142,1,16.2,0.3,-0.92,Dropout,Male,Local
880,1,17,2,9070,1,1,126.0,1,38,38,9,8,129.9,1,0,0,1,1,1,19,0,0,6,6,6,13.666666666666666,0,0,6,7,5,13.2,0,12.4,0.5,1.79,Graduate,Male,Local
881,1,1,1,171,1,1,149.0,1,3,2,2,5,151.1,1,0,0,1,1,0,19,0,0,0,0,0,0.0,0,0,0,0,0,0.0,0,9.4,-0.8,-3.12,Graduate,Male,Local
882,1,39,1,9003,1,1,110.0,1,19,37,9,6,120.0,0,0,1,0,1,0,31,0,0,6,15,1,11.0,0,0,6,10,0,0.0,0,16.2,0.3,-0.92,Dropout,Male,Local
883,1,39,1,9003,1,1,133.1,1,37,37,4,7,130.0,0,0,1,0,1,0,32,0,0,6,8,3,13.0,0,4,10,14,6,11.428571428571429,0,16.2,0.3,-0.92,Dropout,Male,Local
884,1,16,2,9500,1,1,127.0,1,2,38,4,9,119.0,1,0,0,1,0,1,19,0,0,8,12,7,12.599999999999998,0,0,8,12,7,12.599999999999998,0,10.8,1.4,1.74,Graduate,Female,Local
885,1,42,1,9773,1,6,120.0,1,34,34,0,0,122.0,1,0,0,1,0,0,34,0,8,10,11,10,12.2,0,5,10,12,9,12.333333333333334,0,7.6,2.6,0.32,Graduate,Female,Local
886,1,16,6,9773,1,1,136.0,1,38,14,0,0,129.7,1,0,0,1,0,0,21,0,0,6,6,6,13.166666666666666,0,0,6,6,6,13.0,0,7.6,2.6,0.32,Graduate,Female,Local
887,1,43,2,9238,1,1,110.0,1,37,37,9,7,112.5,1,0,0,1,0,1,53,0,4,7,16,6,11.0,0,2,7,9,7,11.0,0,9.4,-0.8,-3.12,Graduate,Female,Local
888,1,1,1,9500,1,1,136.0,1,19,19,4,7,136.0,0,0,0,1,0,1,19,0,0,7,7,7,14.014285714285714,0,0,8,8,8,15.35,0,13.9,-0.3,0.79,Graduate,Female,Local
889,1,1,3,9773,1,1,145.0,1,38,38,9,5,133.1,0,0,0,1,0,1,20,0,0,6,9,4,13.0,0,0,6,13,4,11.25,0,10.8,1.4,1.74,Graduate,Female,Local
890,1,1,2,9773,1,1,159.0,1,1,19,9,9,151.3,1,0,0,1,0,0,18,0,0,6,6,6,14.0,0,0,6,6,6,14.666666666666666,0,10.8,1.4,1.74,Graduate,Female,Local
891,1,39,1,171,1,1,147.0,1,37,38,175,193,133.3,0,0,0,0,0,0,32,0,0,0,0,0,0.0,0,0,0,0,0,0.0,0,16.2,0.3,-0.92,Dropout,Female,Local
892,1,43,1,9500,1,1,150.0,1,37,37,9,9,130.8,1,0,0,1,0,1,21,0,0,8,8,7,14.428571428571429,0,0,8,8,7,14.428571428571429,0,12.7,3.7,-1.7,Graduate,Female,Local
893,1,7,1,8014,0,3,140.0,1,37,12,9,4,140.0,0,0,0,0,0,0,26,0,0,5,9,0,0.0,0,0,5,10,0,0.0,0,9.4,-0.8,-3.12,Dropout,Female,Local
894,1,42,1,9085,1,39,150.0,1,1,1,4,7,150.0,1,0,0,1,0,0,26,0,11,18,45,18,11.833333333333334,10,9,13,27,13,12.461538461538462,5,15.5,2.8,-4.06,Graduate,Female,Local
895,2,44,1,9991,0,39,130.0,1,1,37,4,9,130.0,0,0,0,0,0,0,21,0,0,5,12,3,11.333333333333334,0,0,5,10,1,13.0,0,15.5,2.8,-4.06,Dropout,Female,Local
896,1,17,1,9773,1,1,120.0,1,37,37,5,5,125.3,0,0,0,1,0,0,18,0,0,6,9,6,12.5,0,0,6,9,6,13.0,0,7.6,2.6,0.32,Graduate,Female,Local
897,1,43,1,9070,1,39,130.0,1,19,37,5,9,124.0,1,0,0,1,0,1,21,0,4,12,12,12,13.333333333333334,0,5,12,12,11,12.545454545454543,0,15.5,2.8,-4.06,Graduate,Female,Local
898,1,1,1,9254,1,1,112.0,1,38,19,9,5,113.8,1,0,0,1,0,0,21,0,0,6,10,6,10.833333333333334,0,0,6,10,4,11.0,0,7.6,2.6,0.32,Enrolled,Female,Local
899,1,17,1,9670,1,1,128.0,1,19,19,7,7,124.4,0,0,0,1,0,1,19,0,0,6,6,6,13.0,0,0,6,6,6,14.0,0,13.9,-0.3,0.79,Graduate,Female,Local
900,1,17,1,9147,1,1,114.0,1,19,19,9,7,107.7,0,0,0,1,0,0,19,0,0,5,7,2,10.0,0,0,5,11,2,14.0,0,10.8,1.4,1.74,Dropout,Female,Local
901,1,43,2,9238,1,1,118.0,1,38,38,5,5,110.0,0,0,0,1,0,1,19,0,0,6,8,6,11.428571428571429,0,0,6,11,5,11.2,0,10.8,1.4,1.74,Graduate,Female,Local
902,1,7,1,9500,1,3,130.0,1,37,38,7,7,130.0,1,0,0,1,0,0,27,0,0,8,8,8,12.8875,0,0,8,8,8,12.8875,0,9.4,-0.8,-3.12,Graduate,Female,Local
903,1,1,2,9500,1,1,145.0,1,37,1,9,4,138.8,1,0,0,1,0,1,18,0,0,7,7,6,12.95,0,0,7,7,6,12.95,0,7.6,2.6,0.32,Graduate,Female,Local
904,1,1,2,9147,1,1,121.0,1,19,19,9,9,126.3,1,0,0,1,0,0,20,0,0,5,12,1,10.0,2,0,5,5,0,0.0,0,12.7,3.7,-1.7,Dropout,Female,Local
905,1,1,3,9500,1,1,114.0,1,1,1,5,5,114.5,1,0,0,1,0,1,19,0,0,7,7,7,13.094285714285714,0,0,8,8,8,12.55,0,12.4,0.5,1.79,Graduate,Female,Local
906,1,1,4,9670,1,1,127.0,1,1,1,7,7,116.5,1,0,0,1,0,0,20,0,0,6,7,0,0.0,0,0,6,6,0,0.0,0,16.2,0.3,-0.92,Dropout,Female,Local
907,1,17,2,9238,1,1,145.0,1,19,38,7,6,128.6,1,0,0,1,0,1,19,0,0,6,12,5,11.714285714285714,0,0,6,11,6,11.0,0,12.7,3.7,-1.7,Graduate,Female,Local
908,1,17,5,9238,1,1,130.0,1,19,1,5,5,130.0,1,0,0,1,0,0,20,0,0,6,8,4,11.25,0,0,6,15,3,10.0,0,9.4,-0.8,-3.12,Enrolled,Female,Local
909,1,1,1,171,1,1,150.0,1,38,19,7,10,134.6,0,0,0,1,0,0,20,0,0,0,0,0,0.0,0,0,0,0,0,0.0,0,15.5,2.8,-4.06,Dropout,Female,Local
910,1,1,1,9853,1,1,145.0,1,37,37,9,5,146.8,0,0,0,1,0,0,18,0,0,6,6,6,13.166666666666666,0,0,6,6,6,13.333333333333334,0,7.6,2.6,0.32,Graduate,Female,Local
911,1,1,1,9085,1,1,128.0,1,19,1,5,4,135.7,1,0,0,1,0,0,20,0,0,5,7,4,12.75,0,0,5,5,5,13.4,0,10.8,1.4,1.74,Graduate,Female,Local
912,2,39,1,9991,0,1,140.0,1,37,37,9,9,120.0,0,0,0,0,0,0,38,0,0,5,6,5,10.6,0,0,5,9,2,11.0,0,12.7,3.7,-1.7,Dropout,Female,Local
913,4,39,1,8014,0,1,130.0,1,37,37,9,7,138.0,0,0,0,1,0,0,42,0,0,6,8,5,11.2,0,0,6,6,6,12.0,0,8.9,1.4,3.51,Graduate,Female,Local
914,1,39,1,9500,1,1,140.0,1,37,37,9,6,135.5,0,0,0,1,0,0,32,0,0,7,0,0,0.0,0,0,8,0,0,0.0,0,13.9,-0.3,0.79,Dropout,Female,Local
915,1,15,1,9773,1,1,120.0,26,19,19,4,5,120.0,1,0,0,1,0,0,22,1,0,6,6,6,13.0,0,0,6,6,6,13.666666666666666,0,12.4,0.5,1.79,Graduate,Female,International
916,2,39,1,9991,0,1,147.0,1,34,34,90,90,111.7,1,0,0,1,0,0,28,0,0,5,10,0,0.0,0,0,5,5,0,0.0,0,7.6,2.6,0.32,Dropout,Female,Local
917,2,39,1,8014,0,9,133.1,1,37,37,8,10,100.0,1,0,0,1,0,0,37,0,0,6,0,0,0.0,0,0,6,0,0,0.0,0,9.4,-0.8,-3.12,Dropout,Female,Local
918,2,44,1,9003,1,39,160.0,1,37,38,9,4,160.0,0,0,0,1,0,0,43,0,0,6,8,6,14.166666666666666,0,0,6,9,6,15.0,0,15.5,2.8,-4.06,Graduate,Female,Local
919,6,39,1,8014,0,1,133.1,1,37,1,9,7,114.8,0,0,0,1,0,1,41,0,0,6,10,5,12.833333333333334,0,0,6,6,6,12.333333333333334,0,13.9,-0.3,0.79,Graduate,Female,Local
920,4,39,1,8014,0,19,140.0,1,37,37,9,3,131.0,0,0,0,1,0,1,29,0,0,6,11,4,11.75,0,0,6,9,5,10.4,0,10.8,1.4,1.74,Graduate,Female,Local
921,1,39,1,8014,0,1,133.1,1,37,37,9,9,97.0,0,0,0,1,0,1,35,0,0,6,8,6,10.833333333333334,0,0,6,7,6,11.5,0,10.8,1.4,1.74,Graduate,Female,Local
922,1,17,6,9238,1,1,131.0,1,1,3,4,2,131.7,1,0,0,1,0,0,18,0,0,6,8,4,11.75,0,0,6,8,4,12.25,0,9.4,-0.8,-3.12,Dropout,Female,Local
923,1,39,1,9500,1,19,133.1,1,37,37,9,6,120.0,0,0,0,0,0,1,39,0,0,7,14,3,11.5,0,0,7,9,2,10.5,0,16.2,0.3,-0.92,Dropout,Female,Local
924,4,39,1,9991,0,1,120.0,1,37,37,9,9,110.0,0,0,0,1,0,0,37,0,0,5,14,2,10.0,0,0,5,7,3,11.333333333333334,0,12.7,3.7,-1.7,Enrolled,Female,Local
925,1,39,1,9500,1,1,130.0,1,37,37,9,7,133.0,1,0,0,1,0,1,26,0,0,7,7,6,13.7,0,0,7,7,6,13.7,0,7.6,2.6,0.32,Graduate,Female,Local
926,1,7,1,9085,1,3,140.0,1,19,20,4,90,140.0,1,0,0,1,0,0,32,0,0,5,8,1,14.0,2,0,5,12,0,0.0,4,10.8,1.4,1.74,Dropout,Female,Local
927,2,39,1,8014,0,1,133.1,1,37,37,6,8,100.0,0,0,1,1,0,0,37,0,3,8,12,7,11.375,0,2,7,10,6,12.166666666666666,0,13.9,-0.3,0.79,Enrolled,Female,Local
928,1,39,1,9085,1,1,140.0,1,37,19,191,163,129.3,1,0,1,1,0,0,28,0,0,6,17,0,0.0,0,0,6,6,0,0.0,0,8.9,1.4,3.51,Enrolled,Female,Local
929,1,1,1,9238,1,1,133.1,1,19,37,0,0,137.0,1,0,0,1,0,0,19,0,0,6,10,0,0.0,4,0,6,0,0,0.0,0,7.6,2.6,0.32,Dropout,Female,Local
930,1,1,5,9147,1,1,125.0,1,37,38,7,7,122.2,1,0,0,1,0,0,18,0,0,5,9,1,11.0,0,0,5,9,2,12.5,0,7.6,2.6,0.32,Enrolled,Female,Local
931,1,1,1,9853,1,1,115.0,1,19,38,9,9,108.0,0,0,0,1,0,1,19,0,0,7,10,6,13.0,0,0,7,7,7,13.285714285714286,0,12.4,0.5,1.79,Graduate,Female,Local
932,2,7,1,9670,1,3,110.0,1,37,37,7,7,110.0,0,0,0,1,0,0,32,0,4,11,15,8,13.6,0,2,8,10,8,15.11111111111111,0,13.9,-0.3,0.79,Graduate,Female,Local
933,2,39,1,9147,1,1,140.0,1,37,37,9,9,127.7,1,0,0,1,0,0,31,0,0,5,8,3,11.0,0,0,5,9,2,11.5,0,7.6,2.6,0.32,Dropout,Female,Local
934,1,39,1,9500,1,1,100.0,1,3,1,2,5,121.3,1,0,0,1,0,0,34,0,0,8,11,7,11.705714285714285,0,0,8,11,7,11.705714285714285,0,10.8,1.4,1.74,Enrolled,Female,Local
935,1,1,3,171,1,1,145.0,1,1,1,3,3,140.1,1,0,0,1,0,0,20,0,6,12,12,12,13.25,0,4,11,14,11,14.333333333333334,0,8.9,1.4,3.51,Graduate,Female,Local
936,1,39,1,9500,1,19,133.1,1,38,38,9,9,114.8,0,0,0,1,0,0,28,0,0,7,15,1,10.75,0,0,7,10,1,10.0,0,13.9,-0.3,0.79,Dropout,Female,Local
937,1,44,1,9991,0,39,150.0,1,37,37,6,6,150.0,0,0,0,1,0,0,31,0,2,6,8,6,12.0,0,2,7,8,7,13.428571428571429,0,9.4,-0.8,-3.12,Enrolled,Female,Local
938,1,1,1,9773,1,1,145.0,1,19,38,4,10,131.7,1,0,0,1,0,0,18,0,0,6,7,6,12.666666666666666,0,0,6,8,4,12.25,0,7.6,2.6,0.32,Enrolled,Female,Local
939,4,39,1,8014,0,19,133.1,1,37,37,90,7,110.0,0,0,0,0,0,0,31,0,0,6,8,5,11.4,0,0,6,9,3,11.0,0,9.4,-0.8,-3.12,Dropout,Female,Local
940,1,1,3,9773,1,1,110.0,1,19,19,5,5,105.5,1,0,0,1,0,0,19,0,0,6,6,6,13.0,0,0,6,8,5,12.4,0,12.4,0.5,1.79,Graduate,Female,Local
941,1,1,1,9238,1,1,128.0,1,37,19,9,4,127.3,1,0,0,1,0,1,19,0,0,6,8,6,14.0,0,0,6,8,6,12.285714285714286,0,16.2,0.3,-0.92,Graduate,Female,Local
942,2,39,1,9238,1,19,133.1,1,37,37,9,9,130.0,1,0,0,1,0,0,31,0,0,6,11,0,0.0,0,0,5,10,0,0.0,0,9.4,-0.8,-3.12,Enrolled,Female,Local
943,1,7,1,9085,1,3,130.0,1,1,19,9,10,130.0,0,0,0,1,0,0,34,0,0,6,0,0,0.0,0,0,6,0,0,0.0,0,15.5,2.8,-4.06,Dropout,Female,Local
944,1,16,1,9556,1,1,137.0,1,37,37,9,7,122.7,1,0,0,1,0,1,18,0,0,7,7,7,15.285714285714286,0,0,8,8,8,16.075,0,12.4,0.5,1.79,Graduate,Female,Local
945,1,17,2,9254,1,1,123.0,1,37,37,7,7,113.9,1,0,0,1,0,0,18,0,0,6,6,6,13.166666666666666,0,0,6,6,6,12.666666666666666,0,11.1,0.6,2.02,Graduate,Female,Local
946,1,1,1,9147,1,1,156.0,1,3,19,3,3,151.1,0,0,1,1,1,0,19,0,0,5,7,5,13.6,0,0,5,11,5,12.833333333333334,5,16.2,0.3,-0.92,Graduate,Male,Local
947,1,17,2,9773,1,1,133.1,1,3,5,0,2,125.8,1,0,0,0,1,1,22,0,0,4,8,0,0.0,0,0,4,8,0,0.0,0,7.6,2.6,0.32,Dropout,Male,Local
948,2,43,1,9670,1,1,100.0,1,34,34,0,0,128.2,0,0,0,1,1,0,32,0,6,10,12,10,11.4,0,4,9,9,4,11.5,0,7.6,2.6,0.32,Graduate,Male,Local
949,1,39,1,9147,1,1,140.0,1,37,3,9,2,135.1,0,0,0,1,1,0,61,0,0,5,0,0,0.0,0,0,5,0,0,0.0,0,15.5,2.8,-4.06,Dropout,Male,Local
950,1,39,1,9991,0,1,130.0,1,37,37,9,9,120.2,1,0,0,1,1,0,30,0,0,5,7,5,11.0,0,0,5,5,5,11.6,0,7.6,2.6,0.32,Graduate,Male,Local
951,2,39,1,9991,0,1,133.1,1,37,37,9,9,132.8,0,0,1,0,1,0,45,0,0,5,9,0,0.0,0,0,5,11,0,0.0,0,12.4,0.5,1.79,Dropout,Male,Local
952,1,44,1,9003,1,39,140.0,1,1,19,4,8,140.0,0,0,0,1,1,0,20,0,0,6,7,6,13.571428571428571,0,0,6,6,6,12.666666666666666,0,12.4,0.5,1.79,Graduate,Male,Local
953,1,18,5,9500,1,1,137.0,1,19,1,1,10,129.3,0,0,0,1,0,0,19,0,0,7,0,0,0.0,0,0,8,0,0,0.0,0,9.4,-0.8,-3.12,Dropout,Female,Local
954,1,42,1,9119,1,1,120.0,1,3,1,2,9,108.2,1,0,0,1,1,0,26,0,4,10,14,4,11.25,0,4,11,11,4,12.0,0,7.6,2.6,0.32,Dropout,Male,Local
955,1,17,4,9670,1,1,125.0,1,1,1,4,90,125.4,1,0,0,1,1,0,19,0,0,5,6,3,13.333333333333334,0,0,5,5,1,11.0,0,7.6,2.6,0.32,Dropout,Male,Local
956,1,17,1,9773,1,1,130.0,1,19,37,9,9,140.2,0,0,0,1,1,1,19,0,0,6,6,6,12.0,0,0,6,7,6,11.666666666666666,0,16.2,0.3,-0.92,Graduate,Male,Local
957,1,1,3,9773,1,1,115.0,1,38,1,9,4,116.1,1,0,0,1,1,0,19,0,0,6,6,6,12.5,0,0,6,7,5,13.0,0,12.4,0.5,1.79,Graduate,Male,Local
958,1,1,1,9147,1,1,150.0,1,1,19,5,5,137.8,1,0,0,1,1,1,19,0,0,5,6,5,13.2,0,0,5,6,5,12.666666666666666,0,16.2,0.3,-0.92,Graduate,Male,Local
959,1,1,3,9670,1,1,134.0,1,14,11,0,0,128.4,1,0,0,0,1,0,19,0,0,5,5,0,0.0,0,0,4,4,0,0.0,0,7.6,2.6,0.32,Dropout,Male,Local
960,1,39,1,9670,1,1,120.0,1,34,34,0,0,106.0,1,0,0,0,1,0,28,0,0,5,7,3,11.666666666666666,0,0,5,8,2,11.5,1,7.6,2.6,0.32,Dropout,Male,Local
961,1,43,1,9147,1,1,141.0,1,37,37,9,9,130.2,0,0,0,1,1,0,24,0,10,15,16,15,13.466666666666669,1,10,14,14,14,13.642857142857142,0,9.4,-0.8,-3.12,Graduate,Male,Local
962,1,1,1,9130,1,1,133.0,1,3,1,2,4,126.0,0,0,0,1,1,0,18,0,0,5,7,3,13.666666666666666,0,0,5,5,5,13.2,0,7.6,2.6,0.32,Graduate,Male,Local
963,1,1,2,9119,1,1,149.0,1,38,38,5,5,141.0,0,0,0,1,1,0,18,0,0,5,9,2,11.666666666666666,0,0,5,9,2,12.5,2,7.6,2.6,0.32,Enrolled,Male,Local
964,1,1,1,9773,1,1,121.0,1,1,3,3,7,113.0,1,0,0,1,1,1,18,0,0,6,7,6,11.666666666666666,0,0,6,12,5,10.2,0,12.4,0.5,1.79,Graduate,Male,Local
965,1,44,1,9003,1,39,120.0,1,4,1,2,8,120.0,0,0,0,1,1,0,21,0,0,6,9,5,13.4,0,0,6,9,5,12.4,0,8.9,1.4,3.51,Graduate,Male,Local
966,2,39,1,9991,0,1,148.0,1,19,37,9,5,130.9,0,0,0,0,1,0,28,0,0,5,5,0,0.0,0,0,5,6,0,0.0,0,12.4,0.5,1.79,Dropout,Male,Local
967,1,39,1,9003,1,12,133.1,1,37,19,9,10,120.0,0,0,0,1,1,0,58,0,0,6,9,0,0.0,0,0,6,6,0,0.0,0,13.9,-0.3,0.79,Dropout,Male,Local
968,2,39,1,9991,0,1,135.0,1,34,34,0,0,134.1,1,0,0,0,1,0,49,0,0,5,5,0,0.0,0,0,5,5,0,0.0,0,7.6,2.6,0.32,Dropout,Male,Local
969,1,39,1,9119,1,1,150.0,1,1,38,3,5,120.0,0,0,0,1,1,0,24,0,0,5,6,3,10.666666666666666,0,0,5,9,2,10.5,0,15.5,2.8,-4.06,Enrolled,Male,Local
970,1,43,1,9670,1,1,130.0,1,34,34,0,0,114.8,0,0,0,1,1,0,25,0,0,5,5,4,13.75,0,0,5,5,4,14.75,0,7.6,2.6,0.32,Graduate,Male,Local
971,4,42,1,9147,1,1,133.1,1,37,38,7,3,123.0,1,0,0,1,1,0,33,0,0,5,5,1,10.0,0,0,5,5,0,0.0,0,7.6,2.6,0.32,Dropout,Male,Local
972,2,39,2,9119,1,19,133.1,1,37,37,7,7,118.0,0,0,0,0,1,0,33,0,0,5,11,0,0.0,0,0,5,5,0,0.0,0,9.4,-0.8,-3.12,Dropout,Male,Local
973,2,43,1,9853,1,1,110.0,1,37,37,7,7,100.0,0,0,0,1,1,0,40,0,0,2,4,1,16.0,0,0,4,5,4,15.5,0,13.9,-0.3,0.79,Graduate,Male,Local
974,2,39,1,9991,0,1,170.0,1,37,19,9,3,151.1,0,0,0,1,1,0,48,0,0,5,9,5,12.285714285714286,0,0,5,8,5,11.125,0,16.2,0.3,-0.92,Graduate,Male,Local
975,1,17,3,9119,1,1,120.0,1,1,19,9,3,116.9,1,0,1,0,1,0,18,0,0,5,10,3,12.0,0,0,5,8,3,10.333333333333334,0,8.9,1.4,3.51,Enrolled,Male,Local
976,1,39,1,9500,1,19,133.1,1,38,38,9,8,106.0,1,0,0,1,1,0,24,0,0,7,7,6,12.666666666666666,1,0,7,7,6,12.666666666666666,1,7.6,2.6,0.32,Graduate,Male,Local
977,2,1,1,9085,1,1,139.0,1,19,19,192,144,127.1,0,0,0,1,1,1,23,0,0,5,6,5,11.8,0,0,5,7,4,13.25,1,10.8,1.4,1.74,Graduate,Male,Local
978,1,39,1,9991,0,19,133.1,1,19,37,7,5,155.5,1,0,1,0,1,0,39,0,0,5,6,5,10.6,0,0,5,7,5,14.666666666666666,0,10.8,1.4,1.74,Dropout,Male,Local
979,1,18,1,9003,1,1,133.1,1,1,38,9,6,101.0,0,0,0,1,1,0,21,0,5,11,16,9,11.9,0,3,9,14,8,12.25,0,15.5,2.8,-4.06,Graduate,Male,Local
980,1,42,1,9119,1,6,120.0,1,35,35,6,6,128.2,1,0,0,1,1,0,34,0,4,6,8,4,11.25,0,1,5,8,2,10.5,0,7.6,2.6,0.32,Dropout,Male,Local
981,2,39,1,9991,0,1,100.0,1,19,19,4,4,113.0,0,0,0,1,1,1,41,0,0,5,9,4,11.0,0,0,5,6,5,11.4,0,8.9,1.4,3.51,Enrolled,Male,Local
982,1,1,1,9773,1,1,134.0,1,1,38,4,5,122.8,0,0,0,1,1,0,18,0,0,6,6,6,12.0,0,0,6,6,6,12.5,0,12.7,3.7,-1.7,Graduate,Male,Local
983,2,39,1,9991,0,1,130.0,1,38,38,9,3,145.6,0,0,0,1,1,0,34,0,0,5,10,4,11.75,0,0,5,10,4,10.833333333333334,0,13.9,-0.3,0.79,Enrolled,Male,Local
984,1,1,1,9147,1,1,128.0,1,1,1,2,10,116.5,0,0,0,1,1,0,19,0,0,5,8,2,10.0,0,0,5,8,1,16.0,0,7.6,2.6,0.32,Dropout,Male,Local
985,1,1,1,9500,1,1,154.0,1,19,19,3,3,142.0,0,0,0,1,1,0,19,0,0,8,8,7,13.714285714285714,0,0,8,8,7,13.714285714285714,0,12.7,3.7,-1.7,Graduate,Male,Local
986,1,7,1,9003,1,4,150.0,1,1,1,4,6,150.0,0,0,0,1,1,0,28,0,0,6,14,6,14.875,0,0,6,12,6,15.8,0,16.2,0.3,-0.92,Graduate,Male,Local
987,1,17,1,9070,1,1,134.0,1,1,1,5,0,133.3,1,0,0,1,1,0,18,0,0,6,7,5,10.8,1,0,6,6,0,0.0,0,7.6,2.6,0.32,Dropout,Male,Local
988,1,1,1,9238,1,1,127.0,1,2,2,3,4,115.8,1,0,0,1,1,0,19,0,0,6,11,3,12.0,0,0,6,12,2,10.0,0,11.1,0.6,2.02,Dropout,Male,Local
989,1,17,2,9085,1,1,133.1,1,19,38,9,1,100.0,1,0,1,0,1,0,19,0,0,6,10,5,12.5,0,0,6,19,2,13.5,0,12.4,0.5,1.79,Dropout,Male,Local
990,1,17,1,9500,1,1,130.0,1,1,3,9,2,128.6,1,0,0,1,0,0,18,0,0,7,7,7,14.728571428571428,0,0,8,11,8,16.327272727272728,0,16.2,0.3,-0.92,Graduate,Female,Local
991,1,1,1,9130,1,1,135.0,1,3,3,2,2,137.1,1,0,0,1,0,0,18,0,0,6,8,6,12.0,0,0,6,8,5,14.8,0,12.4,0.5,1.79,Graduate,Female,Local
992,1,1,1,9773,1,1,143.0,1,1,3,3,3,149.0,1,0,0,1,0,0,18,0,0,6,8,6,11.428571428571429,0,0,6,7,6,11.0,0,11.1,0.6,2.02,Dropout,Female,Local
993,1,44,2,9238,1,39,150.0,1,3,19,4,9,147.0,1,0,0,1,0,0,19,0,3,6,6,6,14.166666666666666,0,2,6,6,6,13.5,0,12.4,0.5,1.79,Graduate,Female,Local
994,2,7,1,9238,1,3,150.0,1,37,37,191,192,150.0,0,0,0,1,0,0,31,0,1,6,12,5,12.5,0,0,6,10,5,14.6,0,12.7,3.7,-1.7,Graduate,Female,Local
995,1,39,1,8014,0,1,130.0,1,37,37,9,8,103.5,0,0,0,1,0,1,33,0,0,6,6,6,14.166666666666666,0,0,6,6,6,14.333333333333334,0,12.7,3.7,-1.7,Graduate,Female,Local
996,1,1,3,9500,1,1,113.0,1,3,1,134,135,107.8,1,0,0,1,0,1,20,0,0,7,10,5,14.46,0,0,7,8,6,13.55,0,12.4,0.5,1.79,Enrolled,Female,Local
997,1,44,1,9085,1,39,130.0,6,19,1,6,4,130.0,1,0,0,1,0,0,22,1,0,6,12,5,12.8,0,0,6,19,2,11.5,0,12.4,0.5,1.79,Enrolled,Female,International
998,1,17,1,9254,1,1,115.0,1,1,19,3,3,109.4,1,0,0,1,0,0,19,0,0,6,8,6,12.666666666666666,0,0,6,8,5,13.4,0,11.1,0.6,2.02,Graduate,Female,Local
999,1,1,3,9070,1,1,146.0,1,34,34,0,0,143.6,1,0,0,1,0,0,18,0,0,6,6,6,12.5,0,0,6,6,6,13.0,0,7.6,2.6,0.32,Dropout,Female,Local
1000,1,17,3,9070,1,1,132.0,1,38,1,5,5,124.3,0,1,0,1,0,0,18,0,0,6,0,0,0.0,0,0,6,0,0,0.0,0,15.5,2.8,-4.06,Dropout,Female,Local
1001,1,1,5,9670,1,1,116.0,1,19,38,9,9,119.5,1,0,0,0,0,0,18,0,0,6,0,0,0.0,0,0,6,0,0,0.0,0,8.9,1.4,3.51,Dropout,Female,Local
1002,1,1,1,171,1,1,163.0,1,3,4,2,5,175.6,1,0,0,1,0,0,18,0,0,0,0,0,0.0,0,0,0,0,0,0.0,0,11.1,0.6,2.02,Graduate,Female,Local
1003,1,17,2,9147,1,1,122.0,1,19,19,7,7,116.1,1,0,0,1,0,1,19,0,0,5,8,5,11.2,0,0,5,5,3,11.0,0,12.4,0.5,1.79,Graduate,Female,Local
1004,1,17,2,9238,1,1,136.0,1,1,3,3,4,126.6,1,0,0,1,0,0,18,0,0,6,6,6,16.5,0,0,6,7,6,17.428571428571427,0,11.1,0.6,2.02,Dropout,Female,Local
1005,1,17,1,9085,1,1,142.0,1,3,19,5,5,130.8,1,0,0,1,0,0,18,0,0,5,9,3,13.666666666666666,1,0,5,5,5,12.0,0,12.7,3.7,-1.7,Graduate,Female,Local
1006,1,17,6,9500,1,1,139.0,1,37,37,9,6,133.5,1,0,0,1,0,1,18,0,0,8,8,7,15.228571428571428,0,0,8,8,7,15.228571428571428,0,12.7,3.7,-1.7,Graduate,Female,Local
1007,1,53,1,9238,1,42,140.0,1,37,37,9,10,136.9,1,0,0,1,0,0,21,0,5,9,10,9,12.77777777777778,0,4,9,9,9,13.22222222222222,0,8.9,1.4,3.51,Graduate,Female,Local
1008,1,1,1,9500,1,1,165.0,1,19,37,5,5,142.3,0,0,0,1,0,1,18,0,0,8,8,7,14.428571428571429,0,0,8,8,7,14.428571428571429,0,12.7,3.7,-1.7,Graduate,Female,Local
1009,1,17,3,9670,1,1,122.0,1,1,38,3,3,114.3,1,0,0,1,0,0,18,0,0,6,8,6,13.875,0,0,6,7,6,13.714285714285714,0,11.1,0.6,2.02,Graduate,Female,Local
1010,1,1,2,9500,1,1,135.0,1,19,19,9,10,122.9,1,0,0,1,0,0,18,0,0,7,10,7,13.128,0,0,8,13,6,13.193333333333332,0,15.5,2.8,-4.06,Graduate,Female,Local
1011,1,17,1,9500,1,1,128.0,1,19,1,4,3,117.2,1,0,0,1,0,0,20,0,0,7,9,6,11.605,0,0,8,10,7,12.4125,0,16.2,0.3,-0.92,Graduate,Female,Local
1012,1,17,1,9147,1,1,139.0,1,1,38,4,5,152.0,0,0,0,1,0,1,18,0,0,5,5,5,14.6,0,0,5,8,5,12.0,0,12.7,3.7,-1.7,Graduate,Female,Local
1013,1,1,2,9773,1,1,125.0,1,19,1,4,5,122.2,1,0,0,1,0,0,18,0,0,6,0,0,0.0,0,0,6,0,0,0.0,0,11.1,0.6,2.02,Dropout,Female,Local
1014,1,18,2,9147,1,1,102.0,1,37,38,191,143,101.7,1,0,0,1,0,1,20,0,0,5,6,5,11.8,0,0,5,6,5,11.6,0,8.9,1.4,3.51,Graduate,Female,Local
1015,1,17,1,9254,1,1,116.0,1,19,19,9,8,119.9,1,0,0,1,0,0,20,0,0,6,6,6,12.333333333333334,0,0,6,6,6,12.333333333333334,0,12.4,0.5,1.79,Graduate,Female,Local
1016,1,17,1,9147,1,1,138.0,1,37,1,9,9,123.7,1,0,1,1,0,1,19,0,0,5,5,4,11.0,0,0,5,5,0,0.0,0,11.1,0.6,2.02,Dropout,Female,Local
1017,1,51,1,9070,1,1,135.0,1,3,1,3,5,121.8,0,0,0,1,0,1,19,0,5,11,11,11,13.181818181818182,0,5,11,11,11,12.909090909090908,0,11.1,0.6,2.02,Graduate,Female,Local
1018,1,17,4,9670,1,1,110.0,1,19,37,9,99,106.1,1,1,1,0,0,1,18,0,0,6,6,1,11.0,0,0,6,0,0,0.0,0,12.7,3.7,-1.7,Dropout,Female,Local
1019,1,17,3,9773,1,1,132.0,1,1,1,4,9,124.3,1,0,1,1,0,1,19,0,0,6,6,6,11.833333333333334,0,0,6,7,6,12.285714285714286,0,15.5,2.8,-4.06,Graduate,Female,Local
1020,1,1,2,9500,1,1,126.0,1,1,38,4,7,124.3,1,0,0,1,0,1,20,0,0,8,8,8,12.98125,0,0,8,8,8,12.98125,0,9.4,-0.8,-3.12,Graduate,Female,Local
1021,1,44,1,9147,1,39,117.4,1,19,1,4,9,117.4,1,0,0,1,0,0,21,0,4,7,10,6,11.333333333333334,0,1,5,6,5,11.2,0,11.1,0.6,2.02,Graduate,Female,Local
1022,1,43,2,9500,1,1,120.0,1,41,3,2,2,112.7,0,0,0,1,0,0,21,0,0,8,12,6,11.68,0,0,8,12,6,11.68,0,10.8,1.4,1.74,Graduate,Female,Local
1023,1,17,1,9070,1,1,116.0,1,38,38,9,9,123.7,0,0,0,1,0,0,20,0,0,6,6,6,14.5,0,0,6,7,6,13.5,0,11.1,0.6,2.02,Graduate,Female,Local
1024,1,18,2,9853,1,1,111.0,1,38,38,191,171,105.8,1,0,0,1,0,0,19,0,0,7,7,7,13.142857142857142,0,0,7,8,7,12.857142857142858,0,8.9,1.4,3.51,Graduate,Female,Local
1025,1,17,3,9085,1,1,128.0,1,1,19,4,90,124.2,0,0,0,0,0,0,21,0,0,5,8,2,11.5,0,0,5,7,2,10.5,0,7.6,2.6,0.32,Dropout,Female,Local
1026,1,1,1,9085,1,1,123.0,1,30,19,4,90,122.3,0,0,0,1,0,0,18,0,0,5,6,5,14.2,0,0,5,7,5,11.8,0,7.6,2.6,0.32,Graduate,Female,Local
1027,1,1,5,9254,1,1,131.0,1,19,37,9,9,123.7,0,0,0,1,0,1,19,0,0,6,8,5,11.666666666666666,0,0,6,7,5,12.2,0,8.9,1.4,3.51,Graduate,Female,Local
1028,1,17,2,9500,1,1,135.0,1,19,19,9,4,129.8,1,0,0,1,0,0,18,0,0,7,8,7,13.175,0,0,8,8,8,14.875,0,13.9,-0.3,0.79,Graduate,Female,Local
1029,1,1,4,9500,1,1,136.0,1,1,1,9,9,123.8,1,0,0,1,0,1,19,0,0,8,8,7,13.314285714285717,0,0,8,8,7,13.314285714285717,0,12.7,3.7,-1.7,Graduate,Female,Local
1030,1,1,2,9147,1,1,132.0,1,1,19,4,3,126.4,1,0,0,1,0,1,18,0,0,5,13,3,10.6,0,0,5,12,3,10.5,0,13.9,-0.3,0.79,Graduate,Female,Local
1031,1,1,1,9853,1,1,120.0,1,19,37,5,7,115.1,0,0,0,1,0,1,18,0,0,6,11,4,12.0,0,0,6,8,4,10.75,0,15.5,2.8,-4.06,Enrolled,Female,Local
1032,1,1,1,9773,1,1,144.0,1,37,37,8,8,138.4,0,0,0,1,0,0,18,0,0,6,7,6,13.428571428571429,0,0,6,7,6,14.142857142857142,0,13.9,-0.3,0.79,Graduate,Female,Local
1033,1,17,1,9085,1,1,129.0,1,1,37,9,9,118.2,1,0,0,1,0,1,18,0,0,5,7,4,13.25,0,0,5,8,5,15.571428571428571,0,10.8,1.4,1.74,Graduate,Female,Local
1034,1,17,1,9070,1,1,136.0,1,38,19,7,7,121.7,1,0,0,1,0,0,18,0,0,6,6,2,13.0,0,0,6,6,0,0.0,0,12.4,0.5,1.79,Dropout,Female,Local
1035,1,1,3,9070,1,1,125.0,1,1,38,9,7,118.0,0,0,0,1,0,1,18,0,0,6,6,6,14.333333333333334,0,0,6,7,6,14.0,0,11.1,0.6,2.02,Enrolled,Female,Local
1036,1,17,1,9238,1,1,125.0,1,1,38,9,7,119.8,0,0,0,1,0,0,18,0,0,6,0,0,0.0,0,0,6,0,0,0.0,0,11.1,0.6,2.02,Dropout,Female,Local
1037,1,1,1,9238,1,1,154.0,1,1,3,4,2,164.9,0,0,0,1,0,0,18,0,0,6,6,6,14.0,0,0,6,6,6,13.166666666666666,0,10.8,1.4,1.74,Graduate,Female,Local
1038,1,42,1,9085,1,1,100.0,1,1,38,4,9,100.0,1,0,0,1,0,1,20,0,1,2,2,2,12.0,0,1,6,11,6,12.833333333333334,0,13.9,-0.3,0.79,Graduate,Female,Local
1039,1,1,1,9853,1,1,124.0,1,3,1,2,5,121.6,0,0,0,1,0,0,18,0,0,6,9,5,12.333333333333334,0,0,6,10,5,10.6,0,15.5,2.8,-4.06,Enrolled,Female,Local
1040,1,17,4,9070,1,1,126.0,1,1,19,4,5,120.4,1,0,0,1,0,0,18,0,0,6,8,5,11.8,0,0,6,7,5,10.4,1,16.2,0.3,-0.92,Graduate,Female,Local
1041,1,18,6,9500,1,1,124.0,1,37,37,9,7,117.8,0,0,0,1,0,1,20,0,0,8,8,7,12.791428571428572,1,0,8,8,7,12.791428571428572,1,10.8,1.4,1.74,Graduate,Female,Local
1042,4,43,1,9670,1,1,150.0,1,37,37,9,6,110.0,0,0,0,1,0,0,40,0,4,8,8,8,11.625,0,3,7,12,5,11.2,0,9.4,-0.8,-3.12,Graduate,Female,Local
1043,1,1,6,9500,1,1,133.0,1,38,38,9,9,128.8,1,0,0,1,0,1,18,0,0,7,11,6,11.994444444444444,0,0,8,11,7,12.43142857142857,0,15.5,2.8,-4.06,Graduate,Female,Local
1044,1,1,5,9254,1,1,126.0,1,19,19,4,7,116.6,1,0,0,1,0,0,19,0,0,6,9,5,11.6,0,0,6,12,5,12.2,0,13.9,-0.3,0.79,Graduate,Female,Local
1045,1,7,1,9991,0,40,120.0,1,1,19,4,9,120.0,0,0,0,1,0,0,24,0,0,5,5,0,0.0,0,0,5,6,0,0.0,0,12.4,0.5,1.79,Dropout,Female,Local
1046,1,1,3,9773,1,1,175.0,1,3,38,2,10,157.5,1,0,0,1,0,0,19,0,0,6,8,6,13.166666666666666,0,0,6,7,6,13.166666666666666,0,10.8,1.4,1.74,Dropout,Female,Local
1047,1,1,6,9500,1,1,141.0,1,2,1,4,4,136.3,1,0,0,1,0,0,19,0,0,8,8,7,14.1,0,0,8,8,7,14.1,0,10.8,1.4,1.74,Graduate,Female,Local
1048,1,1,1,9500,1,1,133.0,1,1,19,9,6,121.5,1,0,0,1,0,1,20,0,0,7,8,6,12.396666666666668,0,0,8,9,7,12.94285714285714,0,11.1,0.6,2.02,Graduate,Female,Local
1049,1,1,1,9500,1,1,143.0,1,38,38,5,5,133.9,0,0,0,1,0,0,18,0,0,7,7,7,15.014285714285714,0,0,8,8,8,16.0875,0,12.4,0.5,1.79,Graduate,Female,Local
1050,1,1,1,171,1,1,141.0,1,1,38,4,8,136.8,1,0,0,1,0,1,18,0,0,0,0,0,0.0,0,0,0,0,0,0.0,0,13.9,-0.3,0.79,Graduate,Female,Local
1051,1,17,2,9500,1,1,134.0,1,19,37,4,7,133.5,1,0,0,1,0,0,19,0,0,7,8,7,14.05,0,0,8,8,8,15.1,0,13.9,-0.3,0.79,Graduate,Female,Local
1052,1,17,3,9500,1,1,138.0,1,3,3,4,5,130.0,1,0,0,1,0,0,18,0,0,7,8,7,14.85,0,0,8,8,8,15.2,0,13.9,-0.3,0.79,Dropout,Female,Local
1053,1,44,1,9085,1,39,140.0,1,3,3,2,2,140.0,1,0,0,1,0,0,19,0,0,6,10,6,13.0,0,0,6,19,5,13.0,0,12.4,0.5,1.79,Graduate,Female,Local
1054,1,1,2,9500,1,1,142.0,1,37,37,9,7,132.7,1,0,0,1,0,1,19,0,0,7,8,7,14.7875,0,0,8,8,8,15.8625,0,13.9,-0.3,0.79,Graduate,Female,Local
1055,1,1,1,9500,1,1,118.0,1,19,19,5,7,117.8,0,0,0,1,0,1,19,0,0,7,7,7,13.7,0,0,8,9,7,14.671428571428574,0,12.4,0.5,1.79,Graduate,Female,Local
1056,1,1,2,9500,1,1,131.0,1,1,37,4,4,126.1,1,0,0,1,0,1,19,0,0,7,7,7,12.495714285714286,0,0,8,9,7,12.242857142857144,0,11.1,0.6,2.02,Dropout,Female,Local
1057,1,1,1,9500,1,1,130.0,1,1,38,1,7,120.0,0,0,0,1,0,0,19,0,0,7,7,6,14.566666666666668,0,0,7,7,6,14.566666666666668,0,7.6,2.6,0.32,Graduate,Female,Local
1058,1,39,1,9670,1,12,133.1,1,1,19,1,5,100.0,1,0,1,0,0,0,25,0,0,5,5,5,11.2,0,0,5,5,4,11.25,0,9.4,-0.8,-3.12,Dropout,Female,Local
1059,1,1,1,9500,1,1,130.0,1,19,19,4,10,116.8,0,0,0,1,0,0,20,0,0,8,8,7,12.685714285714283,0,0,8,8,7,12.685714285714283,0,12.7,3.7,-1.7,Graduate,Female,Local
1060,1,53,1,9238,1,42,130.0,1,1,19,5,5,128.3,0,0,1,0,0,0,23,0,5,9,12,7,13.571428571428571,0,4,9,14,4,13.25,0,8.9,1.4,3.51,Dropout,Female,Local
1061,1,1,1,9070,1,1,133.1,1,19,19,7,7,117.0,0,0,0,1,0,0,20,0,0,6,0,0,0.0,0,0,6,0,0,0.0,0,15.5,2.8,-4.06,Dropout,Female,Local
1062,1,39,1,8014,0,1,130.0,1,37,11,9,10,131.5,0,0,0,1,0,0,27,0,0,6,8,5,11.0,0,0,6,7,6,11.166666666666666,0,11.1,0.6,2.02,Graduate,Female,Local
1063,1,1,1,9500,1,1,149.0,1,19,1,4,4,134.8,0,0,0,1,0,0,18,0,0,8,8,8,14.445,0,0,8,8,8,14.445,0,9.4,-0.8,-3.12,Graduate,Female,Local
1064,1,1,1,9853,1,1,163.0,1,19,1,5,10,146.6,1,0,1,1,0,0,18,0,0,6,9,5,13.6,0,0,6,10,4,11.75,0,9.4,-0.8,-3.12,Enrolled,Female,Local
1065,1,7,1,8014,0,40,130.0,1,19,1,5,10,130.0,1,0,1,0,0,0,23,0,7,12,12,11,14.0,0,4,10,11,8,14.625,0,13.9,-0.3,0.79,Dropout,Female,Local
1066,1,1,6,9500,1,1,145.0,1,38,37,5,6,127.5,1,0,0,1,0,1,19,0,0,7,7,6,13.416666666666666,0,0,7,7,6,13.416666666666666,0,7.6,2.6,0.32,Graduate,Female,Local
1067,1,1,1,9147,1,1,130.0,1,37,38,3,3,123.0,0,0,0,1,0,0,18,0,0,5,8,5,12.333333333333334,2,0,5,7,5,11.4,0,15.5,2.8,-4.06,Graduate,Female,Local
1068,1,43,1,9500,1,1,128.0,1,1,19,9,8,100.0,1,0,0,1,0,0,20,0,0,7,8,7,13.1,0,0,8,8,8,14.8125,0,13.9,-0.3,0.79,Graduate,Female,Local
1069,1,1,2,9670,1,1,111.0,1,19,19,9,9,114.2,1,0,0,1,0,0,18,0,0,6,9,4,13.2,0,0,6,10,5,12.8,0,12.4,0.5,1.79,Graduate,Female,Local
1070,1,1,1,9500,1,1,140.0,1,1,1,4,4,123.5,1,0,0,1,0,1,19,0,0,8,8,8,14.75,0,0,8,8,8,14.75,0,9.4,-0.8,-3.12,Graduate,Female,Local
1071,1,44,1,9238,1,39,140.0,1,19,19,8,8,144.3,1,0,0,1,0,1,19,0,3,6,7,6,13.142857142857142,0,2,6,6,6,14.333333333333334,0,12.4,0.5,1.79,Graduate,Female,Local
1072,1,1,1,9853,1,1,145.0,1,38,37,5,5,142.2,0,0,0,1,0,0,19,0,0,6,9,4,12.5,0,0,6,9,5,12.5,0,9.4,-0.8,-3.12,Enrolled,Female,Local
1073,1,1,1,9085,1,1,151.0,1,3,3,1,90,161.9,0,0,0,1,0,0,18,0,0,5,6,4,13.75,0,0,5,8,5,14.857142857142858,0,7.6,2.6,0.32,Graduate,Female,Local
1074,1,1,1,9238,1,1,132.0,1,37,37,9,5,135.9,0,0,0,1,0,0,18,0,0,6,11,5,12.4,0,0,6,7,6,13.0,0,9.4,-0.8,-3.12,Graduate,Female,Local
1075,1,1,2,9773,1,1,116.0,1,19,19,4,7,110.1,1,0,0,1,0,0,18,0,0,6,6,6,13.333333333333334,0,0,6,6,6,12.0,0,11.1,0.6,2.02,Graduate,Female,Local
1076,1,2,1,9853,1,1,120.0,1,19,38,9,9,122.5,0,0,0,0,0,0,28,0,11,11,11,11,11.727272727272728,0,8,8,8,8,12.0,0,15.5,2.8,-4.06,Dropout,Female,Local
1077,1,17,1,9254,1,1,158.0,1,37,37,5,9,138.1,1,0,0,1,0,0,19,0,0,6,8,4,12.5,0,0,6,11,1,14.0,0,7.6,2.6,0.32,Dropout,Female,Local
1078,1,43,1,171,1,1,116.0,1,3,1,2,3,117.3,1,0,1,1,0,0,20,0,0,0,0,0,0.0,0,0,0,0,0,0.0,0,13.9,-0.3,0.79,Dropout,Female,Local
1079,1,1,2,9500,1,1,112.0,1,1,37,4,9,106.8,1,0,0,1,0,1,19,0,0,7,8,6,13.533333333333331,0,0,8,9,7,13.614285714285714,0,12.4,0.5,1.79,Graduate,Female,Local
1080,1,1,1,9070,1,1,126.0,1,1,19,4,0,120.1,0,1,0,1,0,1,20,0,0,6,6,6,13.166666666666666,0,0,6,6,6,12.666666666666666,0,11.1,0.6,2.02,Graduate,Female,Local
1081,1,1,2,9254,1,1,120.0,1,19,19,9,9,116.5,1,0,0,1,0,1,19,0,0,6,9,5,13.2,0,0,6,8,5,11.0,0,12.4,0.5,1.79,Graduate,Female,Local
1082,1,51,1,9070,1,1,117.0,1,5,1,2,10,120.0,1,0,0,1,0,0,21,0,0,6,7,5,12.2,0,0,6,7,4,12.6,0,8.9,1.4,3.51,Enrolled,Female,Local
1083,1,1,1,9853,1,1,153.0,1,1,19,9,4,139.7,1,0,0,1,0,1,19,0,0,7,7,7,13.428571428571429,0,0,7,7,7,14.857142857142858,0,11.1,0.6,2.02,Graduate,Female,Local
1084,1,1,2,9070,1,1,124.0,1,19,1,9,3,123.7,1,0,0,1,0,1,18,0,1,6,8,6,12.714285714285714,1,0,6,8,6,12.625,0,13.9,-0.3,0.79,Graduate,Female,Local
1085,1,17,2,9130,1,1,127.0,1,3,1,2,1,116.5,0,0,0,1,0,0,19,0,0,6,0,0,0.0,0,0,6,0,0,0.0,0,15.5,2.8,-4.06,Dropout,Female,Local
1086,1,17,1,9670,1,1,126.0,1,12,38,9,5,122.2,0,0,0,1,0,1,19,0,0,6,6,6,13.666666666666666,0,0,6,9,6,13.666666666666666,0,8.9,1.4,3.51,Graduate,Female,Local
1087,1,1,1,9773,1,1,133.1,1,38,19,132,103,146.0,0,0,1,1,0,0,20,0,0,6,6,5,11.0,0,0,6,6,6,13.166666666666666,0,16.2,0.3,-0.92,Graduate,Female,Local
1088,1,17,2,9853,1,1,114.0,1,1,1,4,0,108.8,1,0,0,1,0,0,18,0,0,7,11,5,11.4,0,0,7,9,6,13.333333333333334,0,13.9,-0.3,0.79,Enrolled,Female,Local
1089,1,43,1,171,1,1,133.0,1,19,19,5,7,133.0,0,0,0,1,0,0,18,0,0,0,0,0,0.0,0,0,0,0,0,0.0,0,15.5,2.8,-4.06,Enrolled,Female,Local
1090,1,17,1,9130,1,1,130.0,1,1,1,4,5,123.8,0,0,0,1,0,0,18,0,0,5,7,4,12.0,0,0,5,6,5,12.0,0,7.6,2.6,0.32,Graduate,Female,Local
1091,1,17,3,9773,1,1,127.0,1,19,19,5,8,120.0,0,0,0,1,0,0,18,0,0,6,6,0,0.0,0,0,6,0,0,0.0,0,8.9,1.4,3.51,Dropout,Female,Local
1092,1,17,3,9238,1,1,143.0,1,37,38,0,7,126.9,1,0,0,1,0,0,18,0,0,6,14,5,11.0,0,0,6,6,6,11.666666666666666,0,7.6,2.6,0.32,Graduate,Female,Local
1093,1,18,4,9773,1,1,130.0,1,19,19,4,4,121.3,1,0,0,1,0,0,20,0,0,6,12,5,12.0,0,0,6,8,6,11.571428571428571,0,15.5,2.8,-4.06,Dropout,Female,Local
1094,1,17,3,9500,1,1,136.0,1,19,1,9,9,129.0,1,0,0,1,0,1,19,0,0,7,7,7,13.308571428571428,0,0,8,10,8,12.55,0,12.4,0.5,1.79,Graduate,Female,Local
1095,1,1,1,9853,1,1,125.0,1,37,37,9,9,114.9,1,0,1,0,0,0,21,0,0,6,8,3,13.666666666666666,0,0,6,7,3,10.666666666666666,0,15.5,2.8,-4.06,Dropout,Female,Local
1096,1,17,1,9670,1,3,110.0,1,12,3,5,8,106.5,1,0,1,0,0,0,20,0,0,6,6,0,0.0,0,0,6,9,0,0.0,0,10.8,1.4,1.74,Dropout,Female,Local
1097,1,1,1,9254,1,1,130.0,1,37,38,9,9,133.9,1,0,0,1,0,0,18,0,0,6,10,5,12.2,0,0,6,8,4,11.25,0,9.4,-0.8,-3.12,Graduate,Female,Local
1098,1,1,1,9773,1,1,135.0,1,1,4,5,3,124.9,0,0,0,1,0,1,20,0,0,6,7,6,12.666666666666666,0,0,6,6,6,12.833333333333334,0,10.8,1.4,1.74,Graduate,Female,Local
1099,1,1,2,9500,1,1,133.0,1,19,37,1,9,128.5,1,0,0,1,0,1,19,0,0,8,8,8,14.07125,0,0,8,8,8,14.07125,0,9.4,-0.8,-3.12,Graduate,Female,Local
1100,1,1,1,9085,1,6,122.0,1,19,19,9,9,126.2,1,0,0,1,0,0,22,0,0,5,14,4,14.25,3,0,5,9,5,13.2,4,9.4,-0.8,-3.12,Dropout,Female,Local
1101,1,17,1,9130,1,1,122.0,1,19,19,9,9,121.7,1,0,0,0,0,0,22,0,0,6,0,0,0.0,0,0,2,2,0,0.0,2,9.4,-0.8,-3.12,Dropout,Female,Local
1102,1,1,2,9853,1,1,121.0,1,38,38,7,5,120.0,1,0,0,1,0,0,18,0,0,6,10,3,12.0,0,0,6,8,4,10.25,0,10.8,1.4,1.74,Enrolled,Female,Local
1103,1,43,1,9147,1,1,123.0,1,3,19,9,9,113.2,0,0,0,1,0,0,21,0,3,10,18,6,11.166666666666666,2,4,10,16,7,10.571428571428571,0,7.6,2.6,0.32,Enrolled,Female,Local
1104,1,1,1,9238,1,1,128.0,1,19,19,0,5,120.3,1,0,0,1,0,0,19,0,0,6,12,2,13.0,0,0,6,8,5,11.6,0,7.6,2.6,0.32,Graduate,Female,Local
1105,1,1,4,171,1,1,139.0,1,37,38,9,9,127.8,1,0,0,1,0,0,19,0,0,0,0,0,0.0,0,0,0,0,0,0.0,0,10.8,1.4,1.74,Dropout,Female,Local
1106,1,1,2,9500,1,1,124.0,1,34,34,0,0,123.3,1,0,0,1,0,1,20,0,0,8,8,7,14.901428571428571,1,0,8,8,7,14.901428571428571,1,9.4,-0.8,-3.12,Dropout,Female,Local
1107,1,1,3,9500,1,1,135.0,1,38,19,8,8,126.3,1,0,1,1,0,1,18,0,0,7,8,7,12.65,0,0,8,9,8,12.445555555555554,0,15.5,2.8,-4.06,Graduate,Female,Local
1108,1,51,1,9991,0,42,110.0,1,19,37,5,9,128.2,0,0,0,0,0,0,22,0,7,12,12,7,11.0,0,5,5,5,5,10.6,0,8.9,1.4,3.51,Dropout,Female,Local
1109,1,17,4,9085,1,1,138.0,1,19,36,90,7,134.9,1,0,0,1,0,0,20,0,0,5,7,4,12.4,0,0,5,9,5,12.666666666666666,0,7.6,2.6,0.32,Graduate,Female,Local
1110,1,44,1,9003,1,39,140.0,1,38,38,6,6,140.0,0,0,0,1,0,0,19,0,0,6,7,6,12.0,0,0,6,7,6,12.666666666666666,0,12.4,0.5,1.79,Graduate,Female,Local
1111,1,1,5,9500,1,1,126.0,1,1,19,6,7,115.5,1,0,0,1,0,1,19,0,0,7,8,7,12.135714285714286,0,0,8,10,7,13.328571428571427,0,12.4,0.5,1.79,Graduate,Female,Local
1112,1,1,2,9500,1,1,113.0,1,38,19,9,7,106.7,1,0,0,1,0,1,20,0,0,7,10,5,12.62,0,0,7,8,6,12.5,0,11.1,0.6,2.02,Enrolled,Female,Local
1113,1,39,1,9991,0,1,120.0,1,38,38,3,3,140.0,0,0,0,1,0,0,25,0,0,5,11,3,10.666666666666666,0,0,5,11,3,11.333333333333334,0,15.5,2.8,-4.06,Enrolled,Female,Local
1114,1,1,1,9500,1,1,145.0,1,19,19,9,7,136.6,0,0,0,1,0,1,19,0,0,7,12,6,13.766666666666666,0,0,8,10,7,14.051428571428572,0,15.5,2.8,-4.06,Graduate,Female,Local
1115,1,18,1,9500,1,1,124.0,1,38,37,9,7,119.3,1,0,0,1,0,0,19,0,0,8,8,8,13.11625,0,0,8,8,8,13.11625,0,9.4,-0.8,-3.12,Graduate,Female,Local
1116,1,1,1,9070,1,1,160.0,1,3,38,1,9,152.0,1,0,0,0,0,0,19,0,0,5,5,0,0.0,0,0,6,0,0,0.0,0,10.8,1.4,1.74,Dropout,Female,Local
1117,1,1,1,9500,1,1,138.0,1,38,19,9,5,144.3,0,0,0,1,0,0,20,0,0,7,9,6,12.7,0,0,8,8,7,13.571428571428571,0,13.9,-0.3,0.79,Graduate,Female,Local
1118,1,39,2,9556,1,1,130.0,1,37,37,9,9,159.0,1,0,0,1,0,0,25,0,0,7,11,7,11.857142857142858,0,0,8,21,5,11.7,0,12.4,0.5,1.79,Enrolled,Female,Local
1119,1,17,1,9500,1,1,127.0,1,19,38,5,9,129.5,1,0,0,1,0,1,20,0,0,7,7,6,12.333333333333334,0,0,7,7,6,12.333333333333334,0,7.6,2.6,0.32,Graduate,Female,Local
1120,1,39,1,9238,1,1,170.0,1,38,19,9,9,140.0,1,0,0,1,0,0,24,0,0,6,9,4,15.75,0,0,6,10,5,16.4,0,9.4,-0.8,-3.12,Enrolled,Female,Local
1121,1,1,3,9670,1,1,111.0,1,1,1,5,5,105.4,0,0,0,1,0,0,20,0,0,5,6,5,13.333333333333334,0,0,5,6,5,13.2,0,7.6,2.6,0.32,Graduate,Female,Local
1122,1,42,1,9500,1,1,100.0,1,1,19,4,8,136.0,1,0,0,1,0,0,21,0,4,7,9,7,14.355555555555554,0,5,8,8,8,13.49375,0,15.5,2.8,-4.06,Graduate,Female,Local
1123,1,44,1,9003,1,39,160.0,1,37,38,9,9,160.0,0,0,1,1,0,1,19,0,0,6,8,6,13.0,0,0,6,11,5,13.0,0,15.5,2.8,-4.06,Graduate,Female,Local
1124,1,1,1,9773,1,1,152.0,1,38,37,9,9,139.1,0,0,0,1,0,1,19,0,0,6,6,6,12.833333333333334,0,0,6,6,6,13.5,0,16.2,0.3,-0.92,Graduate,Female,Local
1125,1,1,2,9670,1,1,144.0,1,37,38,9,9,126.9,0,0,0,1,0,1,21,0,0,5,5,5,13.2,0,0,5,5,4,13.0,0,9.4,-0.8,-3.12,Graduate,Female,Local
1126,1,39,1,9500,1,3,133.8,1,3,37,2,10,184.0,0,0,0,1,0,0,28,0,0,7,9,7,17.005555555555556,0,1,8,9,8,16.582222222222224,0,15.5,2.8,-4.06,Graduate,Female,Local
1127,1,1,1,9238,1,1,125.0,1,37,38,9,9,125.0,1,0,1,0,0,1,19,0,0,6,8,5,10.6,0,0,6,8,5,11.0,0,10.8,1.4,1.74,Graduate,Female,Local
1128,1,1,1,9147,1,1,150.0,1,37,37,9,6,138.5,0,0,0,1,0,1,18,0,0,5,5,5,14.0,0,0,5,6,5,13.6,0,12.4,0.5,1.79,Graduate,Female,Local
1129,5,17,5,9500,1,1,143.0,1,37,38,5,8,133.5,1,0,0,1,0,1,18,0,0,8,8,7,12.114285714285714,0,0,8,8,7,12.114285714285714,0,12.7,3.7,-1.7,Graduate,Female,Local
1130,1,1,3,9500,1,1,145.0,1,19,37,7,7,141.5,1,0,0,1,0,1,18,0,0,8,8,8,13.05875,0,0,8,8,8,13.05875,0,9.4,-0.8,-3.12,Graduate,Female,Local
1131,1,42,1,9500,1,1,120.0,1,1,2,9,3,130.0,1,0,0,1,0,0,22,0,4,8,8,7,13.285714285714286,0,4,8,8,7,13.285714285714286,0,12.7,3.7,-1.7,Graduate,Female,Local
1132,1,1,1,9147,1,1,138.0,1,37,37,194,171,131.0,1,0,0,1,0,0,19,0,0,5,9,4,11.0,0,0,5,8,3,10.666666666666666,0,12.4,0.5,1.79,Enrolled,Female,Local
1133,1,1,1,9500,1,1,145.0,1,19,1,9,5,145.0,0,0,0,1,0,1,18,0,0,7,7,7,14.071428571428571,0,0,8,8,8,15.1625,0,13.9,-0.3,0.79,Graduate,Female,Local
1134,1,17,1,9254,1,1,122.0,1,37,37,5,6,114.3,0,0,0,0,0,0,20,0,0,6,0,0,0.0,0,0,6,0,0,0.0,0,15.5,2.8,-4.06,Dropout,Female,Local
1135,1,44,1,171,1,39,110.0,1,37,37,5,6,108.3,0,0,0,0,0,0,26,0,4,9,9,4,11.25,0,3,10,12,3,11.0,0,12.4,0.5,1.79,Dropout,Female,Local
1136,1,1,3,9070,1,1,136.0,1,37,38,9,9,125.2,1,0,0,1,0,1,18,0,0,6,6,6,14.0,0,0,6,8,6,13.625,0,10.8,1.4,1.74,Graduate,Female,Local
1137,1,1,1,9254,1,1,145.0,1,1,38,4,9,131.7,1,0,0,1,0,1,21,0,0,6,8,6,12.166666666666666,0,0,6,11,3,11.666666666666666,0,10.8,1.4,1.74,Dropout,Female,Local
1138,1,17,4,9500,1,1,141.0,1,38,37,3,3,126.3,1,0,0,1,0,0,18,0,0,8,8,7,13.297142857142855,0,0,8,8,7,13.297142857142855,0,10.8,1.4,1.74,Graduate,Female,Local
1139,1,1,1,9085,1,1,149.0,1,19,19,4,6,147.6,1,0,0,1,0,0,20,0,0,6,14,6,13.923076923076923,0,0,6,9,6,14.25,0,15.5,2.8,-4.06,Graduate,Female,Local
1140,1,1,6,9500,1,1,130.0,1,38,19,5,6,125.1,1,0,0,1,0,0,18,0,0,7,11,7,13.37,0,0,8,13,7,12.833333333333334,0,15.5,2.8,-4.06,Graduate,Female,Local
1141,1,17,6,9147,1,1,121.0,1,19,38,7,9,123.8,0,0,0,1,0,1,19,0,0,5,5,5,12.4,0,0,5,8,3,11.0,0,12.7,3.7,-1.7,Enrolled,Female,Local
1142,1,1,1,9670,1,1,128.0,1,1,1,2,2,130.8,1,0,0,1,0,0,20,0,0,5,5,4,15.0,0,0,5,5,4,13.75,0,7.6,2.6,0.32,Dropout,Female,Local
1143,1,1,1,9853,1,1,152.0,1,19,19,9,5,154.1,0,0,1,1,0,1,18,0,0,6,6,6,13.333333333333334,0,0,6,7,6,12.571428571428571,0,12.7,3.7,-1.7,Graduate,Female,Local
1144,1,16,2,9147,1,1,132.0,1,37,37,9,9,122.6,1,0,0,1,0,1,20,0,0,5,8,3,12.0,0,0,5,9,4,12.625,0,10.8,1.4,1.74,Enrolled,Female,Local
1145,1,1,2,8014,0,1,107.0,1,19,11,0,0,103.5,1,0,0,1,0,0,22,0,0,6,7,5,13.4,0,0,6,9,5,12.2,0,7.6,2.6,0.32,Graduate,Female,Local
1146,1,1,1,171,1,1,131.0,1,19,38,4,5,132.8,1,0,0,1,0,0,18,0,0,0,0,0,0.0,0,0,0,0,0,0.0,0,7.6,2.6,0.32,Enrolled,Female,Local
1147,1,51,1,9991,0,1,141.0,1,19,38,5,7,100.0,0,0,0,1,0,0,21,0,1,5,9,4,11.5,0,1,5,5,5,11.4,0,8.9,1.4,3.51,Graduate,Female,Local
1148,1,18,2,9853,1,1,120.0,1,1,1,9,0,115.8,0,0,0,1,0,0,18,0,0,7,12,6,12.0,0,0,7,11,6,12.166666666666666,0,13.9,-0.3,0.79,Enrolled,Female,Local
1149,1,1,1,9500,1,1,148.0,1,19,19,4,4,133.8,0,0,0,1,0,0,18,0,0,8,8,7,13.485714285714284,0,0,8,8,7,13.485714285714284,0,12.7,3.7,-1.7,Graduate,Female,Local
1150,1,1,1,9070,1,1,130.0,1,12,19,4,5,118.5,0,1,0,1,0,1,18,0,0,6,6,6,12.0,0,0,6,8,6,11.285714285714286,0,8.9,1.4,3.51,Graduate,Female,Local
1151,1,17,1,171,1,1,145.0,1,37,37,9,1,150.3,1,0,0,1,0,0,19,0,0,0,0,0,0.0,0,0,0,0,0,0.0,0,15.5,2.8,-4.06,Dropout,Female,Local
1152,1,17,3,9147,1,1,112.0,1,1,19,3,5,107.8,1,0,0,1,0,0,19,0,0,5,7,3,10.333333333333334,0,0,5,11,3,14.428571428571429,0,10.8,1.4,1.74,Enrolled,Female,Local
1153,1,1,1,9500,1,1,138.0,1,38,1,9,4,127.5,1,0,0,1,0,0,19,0,0,7,10,5,12.94,0,0,7,7,5,13.76,0,16.2,0.3,-0.92,Enrolled,Female,Local
1154,1,1,3,9500,1,1,135.0,1,1,37,7,7,120.5,1,0,0,1,0,0,19,0,0,8,11,7,13.258571428571427,0,0,8,11,7,13.258571428571427,0,10.8,1.4,1.74,Graduate,Female,Local
1155,1,1,1,9147,1,1,118.0,1,1,2,10,10,117.3,1,0,0,1,0,0,19,0,0,5,9,4,12.25,0,0,5,10,4,12.0,0,8.9,1.4,3.51,Enrolled,Female,Local
1156,1,17,1,9254,1,1,123.0,1,38,37,9,7,120.6,1,0,0,0,0,0,19,0,0,6,9,3,11.666666666666666,0,0,6,15,1,10.0,0,10.8,1.4,1.74,Dropout,Female,Local
1157,1,16,4,9254,1,1,126.0,1,38,37,9,7,118.7,1,0,0,1,0,1,21,0,0,6,7,6,13.571428571428571,0,0,6,6,6,12.5,0,8.9,1.4,3.51,Graduate,Female,Local
1158,1,1,2,9773,1,1,150.0,41,1,37,9,7,130.8,0,0,0,1,0,1,20,1,0,6,9,5,11.8,0,0,6,9,5,11.833333333333334,0,15.5,2.8,-4.06,Graduate,Female,International
1159,1,1,1,9147,1,1,121.0,1,19,19,3,9,112.6,1,0,0,1,0,1,20,0,0,5,7,5,14.2,0,0,5,7,5,13.285714285714286,0,11.1,0.6,2.02,Graduate,Female,Local
1160,1,39,1,9991,0,19,133.1,1,37,37,9,9,117.2,0,0,0,1,0,0,41,0,0,5,8,5,11.0,0,0,5,6,5,11.8,1,7.6,2.6,0.32,Graduate,Female,Local
1161,4,7,1,9500,1,40,130.0,1,37,37,3,3,130.0,1,0,0,1,0,0,32,0,0,7,16,4,13.625,0,0,7,8,7,12.6375,0,12.4,0.5,1.79,Enrolled,Female,Local
1162,1,17,3,9500,1,1,139.0,1,38,1,9,5,131.8,1,0,0,1,0,0,18,0,0,8,8,7,14.652857142857142,0,0,8,8,7,14.652857142857142,0,10.8,1.4,1.74,Graduate,Female,Local
1163,4,39,1,8014,0,1,160.0,1,37,37,3,4,97.0,0,0,0,1,0,1,35,0,0,6,9,6,11.333333333333334,0,0,6,6,6,11.333333333333334,0,15.5,2.8,-4.06,Graduate,Female,Local
1164,1,39,1,9500,1,1,110.0,1,37,37,9,9,130.0,0,0,1,0,0,0,32,0,0,7,12,4,13.7,0,0,7,7,0,0.0,0,16.2,0.3,-0.92,Dropout,Female,Local
1165,1,39,1,8014,0,40,140.0,1,19,37,5,9,148.0,0,0,0,1,0,0,37,0,7,11,11,11,13.727272727272728,0,4,8,8,8,14.75,0,12.4,0.5,1.79,Graduate,Female,Local
1166,2,39,2,9147,1,3,130.0,1,3,37,9,9,103.4,0,0,0,1,0,0,30,0,4,7,9,7,11.75,0,3,8,12,7,11.142857142857142,0,12.7,3.7,-1.7,Dropout,Female,Local
1167,1,43,2,9773,1,1,132.0,1,19,19,0,0,127.1,0,0,0,1,1,0,23,0,0,6,9,6,12.333333333333334,0,0,6,11,5,13.0,0,7.6,2.6,0.32,Graduate,Male,Local
1168,1,17,2,9773,1,1,139.0,1,3,1,2,7,124.0,1,0,0,1,0,1,20,0,0,6,6,6,14.0,0,0,6,7,6,13.857142857142858,0,15.5,2.8,-4.06,Dropout,Female,Local
1169,1,1,1,9670,1,1,135.0,1,19,37,5,7,121.4,0,0,0,1,1,0,21,0,0,5,7,4,11.5,0,0,5,6,4,11.75,0,9.4,-0.8,-3.12,Graduate,Male,Local
1170,1,1,1,9147,1,1,117.0,1,38,19,5,7,118.1,0,0,0,1,1,0,19,0,0,5,6,5,11.2,0,0,5,5,5,13.2,0,12.4,0.5,1.79,Graduate,Male,Local
1171,1,17,4,9500,1,1,137.0,1,1,19,4,3,121.3,1,0,0,1,1,1,18,0,0,8,8,7,15.07,0,0,8,8,7,15.07,0,10.8,1.4,1.74,Graduate,Male,Local
1172,1,42,1,9119,1,1,144.0,1,34,34,0,0,119.5,0,0,0,1,1,0,18,0,0,5,6,1,10.0,0,0,5,7,1,12.0,0,10.8,1.4,1.74,Dropout,Male,Local
1173,1,39,1,9991,0,1,130.0,1,1,1,4,10,115.2,0,0,0,1,1,0,24,0,0,5,5,4,12.0,0,0,5,6,5,12.666666666666666,0,12.4,0.5,1.79,Enrolled,Male,Local
1174,1,18,1,9670,1,1,140.0,1,1,37,9,9,130.2,1,0,0,1,1,0,22,0,0,6,11,4,13.0,0,0,6,11,4,12.6,0,12.7,3.7,-1.7,Graduate,Male,Local
1175,1,17,4,9254,1,1,130.0,1,19,1,5,5,130.0,1,0,0,1,1,0,18,0,0,6,7,4,11.0,0,0,6,7,3,11.25,0,16.2,0.3,-0.92,Dropout,Male,Local
1176,1,16,2,9238,1,1,130.0,1,37,37,5,6,126.9,1,0,0,1,0,0,18,0,0,6,8,6,13.571428571428571,0,0,6,11,5,12.166666666666666,0,9.4,-0.8,-3.12,Graduate,Female,Local
1177,1,1,2,9070,1,1,152.0,101,2,1,9,1,168.5,1,0,0,1,1,0,21,1,0,6,7,5,14.6,0,0,6,6,5,14.2,0,16.2,0.3,-0.92,Graduate,Male,International
1178,4,39,1,9500,1,1,133.1,1,37,37,9,9,130.0,0,0,1,1,0,0,38,0,0,7,13,3,11.833333333333334,0,0,7,14,2,10.0,0,16.2,0.3,-0.92,Dropout,Female,Local
1179,1,18,1,9556,1,1,140.0,1,38,37,9,9,122.8,0,0,0,1,0,1,19,0,0,7,11,7,12.625,0,0,8,11,8,12.5125,0,12.7,3.7,-1.7,Graduate,Female,Local
1180,6,39,1,9500,1,1,133.1,1,37,37,9,9,110.0,0,0,0,1,0,0,36,0,0,7,12,4,11.5,0,0,7,14,3,12.333333333333334,0,16.2,0.3,-0.92,Dropout,Female,Local
1181,1,16,1,9085,1,1,140.0,1,1,1,9,9,127.1,1,0,0,1,0,0,18,0,0,5,8,4,13.25,1,0,5,10,4,10.5,0,12.7,3.7,-1.7,Graduate,Female,Local
1182,1,1,3,9500,1,1,133.1,1,19,19,5,5,108.5,1,0,0,1,0,0,19,0,0,7,9,7,12.60625,0,0,8,12,6,11.9,0,12.4,0.5,1.79,Graduate,Female,Local
1183,1,53,1,9085,1,42,140.0,1,19,38,9,9,138.2,0,0,1,0,0,0,21,0,7,10,15,8,13.75,0,4,9,17,5,13.2,0,8.9,1.4,3.51,Dropout,Female,Local
1184,1,1,2,9500,1,1,133.1,1,19,38,192,192,96.0,1,0,0,1,0,0,19,0,0,7,10,6,13.598333333333334,0,0,8,11,6,11.933333333333332,0,11.1,0.6,2.02,Enrolled,Female,Local
1185,1,1,1,9238,1,1,135.0,1,19,19,9,9,124.5,0,0,0,1,0,1,18,0,0,6,11,5,11.142857142857142,0,0,6,8,6,12.285714285714286,0,16.2,0.3,-0.92,Graduate,Female,Local
1186,2,7,1,9500,1,3,120.0,1,37,19,9,7,120.0,1,0,0,1,0,0,45,0,7,11,11,11,12.7,0,6,10,12,10,12.96818181818182,0,13.9,-0.3,0.79,Enrolled,Female,Local
1187,1,17,1,9147,1,1,140.0,1,37,37,9,7,132.3,1,0,0,1,0,0,20,0,0,5,9,1,10.0,0,0,5,10,1,11.0,0,7.6,2.6,0.32,Dropout,Female,Local
1188,1,17,1,9254,1,1,128.0,1,19,1,5,7,120.7,1,0,1,1,0,0,18,0,0,6,8,6,11.666666666666666,0,0,6,10,4,11.5,0,13.9,-0.3,0.79,Graduate,Female,Local
1189,1,1,1,9670,1,1,141.0,1,1,19,4,4,132.6,0,0,0,1,0,1,18,0,0,6,8,6,14.0,0,0,6,7,6,13.142857142857142,0,11.1,0.6,2.02,Graduate,Female,Local
1190,1,7,2,9130,1,3,140.0,1,34,34,0,0,140.0,0,0,0,1,0,0,25,0,0,5,9,0,0.0,4,0,5,9,0,0.0,3,10.8,1.4,1.74,Dropout,Female,Local
1191,1,1,6,9500,1,1,139.0,1,1,1,4,4,124.5,1,0,0,1,0,0,19,0,0,8,9,7,12.04142857142857,0,0,8,9,7,12.04142857142857,0,10.8,1.4,1.74,Graduate,Female,Local
1192,1,1,1,171,1,1,142.0,1,19,19,7,7,142.0,1,0,0,1,0,1,18,0,0,0,0,0,0.0,0,0,0,0,0,0.0,0,13.9,-0.3,0.79,Graduate,Female,Local
1193,1,7,1,9254,1,40,130.0,1,1,1,3,6,130.0,0,0,0,1,0,0,39,0,12,13,14,13,13.76923076923077,0,9,12,16,12,14.583333333333334,0,13.9,-0.3,0.79,Graduate,Female,Local
1194,2,39,1,9003,1,1,130.0,1,38,37,9,9,144.0,0,0,0,1,0,0,29,0,13,18,20,18,15.444444444444445,0,11,13,13,13,15.307692307692308,0,15.5,2.8,-4.06,Graduate,Female,Local
1195,1,17,1,9853,1,1,125.0,1,19,19,4,7,128.5,1,0,0,1,0,0,18,0,0,7,9,6,11.5,0,0,7,8,7,12.714285714285714,0,13.9,-0.3,0.79,Enrolled,Female,Local
1196,1,7,1,9070,1,3,140.0,1,37,2,9,3,140.0,0,0,0,0,0,0,23,0,0,3,3,2,10.0,0,0,6,0,0,0.0,0,10.8,1.4,1.74,Dropout,Female,Local
1197,1,42,1,9853,1,1,120.0,1,1,37,5,5,113.9,1,0,0,1,0,0,21,0,0,6,8,4,12.25,0,0,6,13,3,10.333333333333334,0,12.7,3.7,-1.7,Dropout,Female,Local
1198,1,1,1,9238,1,1,147.0,1,1,19,4,4,137.2,0,0,0,0,0,0,18,0,0,6,6,6,14.5,0,0,6,6,6,15.166666666666666,0,10.8,1.4,1.74,Graduate,Female,Local
1199,1,7,1,9085,1,40,140.0,1,1,19,5,5,140.0,1,0,0,1,0,0,23,0,0,6,7,6,15.571428571428571,0,0,6,8,6,16.375,0,12.4,0.5,1.79,Graduate,Female,Local
1200,1,1,1,9130,1,1,161.0,1,1,19,4,4,152.3,0,0,0,1,0,0,18,0,0,6,7,6,15.571428571428571,0,0,6,7,6,14.714285714285714,0,11.1,0.6,2.02,Graduate,Female,Local
1201,2,39,1,8014,0,19,133.1,1,37,37,4,8,112.5,0,0,0,1,0,0,32,0,0,6,8,5,13.8,0,0,6,7,6,12.166666666666666,0,9.4,-0.8,-3.12,Graduate,Female,Local
1202,2,39,2,9147,1,1,150.0,1,19,37,9,7,101.0,0,0,1,0,0,0,29,0,0,5,8,3,10.666666666666666,0,0,5,14,2,14.8,0,10.8,1.4,1.74,Dropout,Female,Local
1203,1,1,6,9238,1,1,113.0,1,1,38,194,163,112.3,1,0,1,1,0,1,20,0,0,6,8,5,11.6,0,0,6,8,4,11.75,0,8.9,1.4,3.51,Graduate,Female,Local
1204,1,39,1,9238,1,1,140.0,1,34,34,0,0,114.0,1,0,0,0,0,0,28,0,0,6,11,1,13.0,0,0,6,12,0,0.0,0,9.4,-0.8,-3.12,Dropout,Female,Local
1205,1,7,1,9147,1,3,130.0,1,38,38,1,9,130.0,0,0,0,1,0,0,27,0,0,5,9,3,12.0,0,0,5,11,4,13.625,0,10.8,1.4,1.74,Graduate,Female,Local
1206,1,43,2,9500,1,1,120.0,1,37,34,90,0,121.5,0,0,1,1,0,0,22,0,11,14,14,12,12.333333333333334,2,11,14,14,12,12.333333333333334,2,7.6,2.6,0.32,Graduate,Female,Local
1207,2,39,1,9003,1,19,133.1,1,19,37,9,10,120.0,0,0,1,1,0,0,37,0,0,6,10,6,12.875,0,0,6,12,6,12.9,0,16.2,0.3,-0.92,Enrolled,Female,Local
1208,1,7,1,8014,0,3,130.0,1,37,38,0,5,130.0,0,0,0,0,0,0,28,0,0,6,12,1,11.0,0,0,6,0,0,0.0,0,12.7,3.7,-1.7,Dropout,Female,Local
1209,2,39,1,9003,1,1,120.0,1,37,37,9,9,125.7,0,0,1,0,0,0,43,0,0,6,10,4,12.25,0,0,6,13,4,10.5,0,8.9,1.4,3.51,Dropout,Female,Local
1210,1,43,1,9556,1,1,140.0,1,37,37,9,9,128.0,1,0,0,0,0,0,32,0,0,7,7,0,0.0,7,0,8,8,0,0.0,7,10.8,1.4,1.74,Dropout,Female,Local
1211,1,17,1,9238,1,1,123.0,1,1,1,9,9,113.2,0,0,0,1,0,1,20,0,0,6,11,4,10.75,0,0,6,13,5,11.5,0,15.5,2.8,-4.06,Enrolled,Female,Local
1212,4,39,1,9500,1,19,133.1,1,38,1,9,4,120.0,0,0,0,1,0,1,35,0,0,8,9,8,13.63,1,0,8,9,8,13.63,1,9.4,-0.8,-3.12,Graduate,Female,Local
1213,1,1,1,9670,1,1,130.0,1,37,37,0,0,117.8,1,0,0,1,0,0,21,0,0,5,8,3,13.0,0,0,5,7,4,11.5,1,7.6,2.6,0.32,Graduate,Female,Local
1214,1,1,4,9500,1,1,126.0,1,19,19,7,9,121.3,1,0,0,1,0,1,18,0,0,7,9,6,13.533333333333331,0,0,7,7,7,12.228571428571428,0,12.4,0.5,1.79,Enrolled,Female,Local
1215,1,1,1,9500,1,1,176.0,1,3,38,3,7,169.7,0,0,0,1,0,1,18,0,0,7,7,7,16.9,0,0,8,9,8,16.37777777777778,0,16.2,0.3,-0.92,Graduate,Female,Local
1216,1,17,4,9238,1,1,124.0,1,19,19,5,8,117.7,1,0,0,1,0,0,18,0,0,6,10,5,12.0,0,0,6,11,4,12.0,0,16.2,0.3,-0.92,Graduate,Female,Local
1217,1,44,1,8014,0,39,120.0,1,19,37,7,6,121.8,1,0,0,1,0,0,22,0,3,6,6,6,12.5,0,2,6,7,6,13.285714285714286,0,12.4,0.5,1.79,Graduate,Female,Local
1218,1,1,2,9500,1,1,140.0,1,1,1,4,10,128.3,1,0,0,1,0,0,19,0,0,8,8,7,12.764285714285714,0,0,8,8,7,12.764285714285714,0,10.8,1.4,1.74,Graduate,Female,Local
1219,1,18,2,9147,1,1,143.0,1,19,38,9,7,132.2,1,0,0,1,0,1,18,0,0,5,8,5,13.75,0,0,5,6,5,12.166666666666666,0,13.9,-0.3,0.79,Graduate,Female,Local
1220,1,1,2,171,1,1,136.0,1,39,1,3,4,134.3,1,0,1,1,0,0,19,0,0,0,0,0,0.0,0,0,0,0,0,0.0,0,12.4,0.5,1.79,Dropout,Female,Local
1221,1,1,1,9500,1,1,132.0,1,19,1,9,5,123.4,0,0,0,1,0,1,18,0,0,7,7,7,14.604285714285712,0,0,8,9,8,15.68333333333333,0,11.1,0.6,2.02,Graduate,Female,Local
1222,2,39,1,9991,0,19,133.1,1,19,39,5,3,121.7,0,0,1,0,0,0,31,0,0,5,7,0,0.0,0,0,5,7,0,0.0,0,16.2,0.3,-0.92,Dropout,Female,Local
1223,2,39,1,8014,0,19,100.0,1,1,19,1,5,130.0,0,0,1,1,0,1,33,0,0,6,9,5,13.833333333333334,0,0,6,7,6,12.5,0,9.4,-0.8,-3.12,Graduate,Female,Local
1224,1,1,3,9500,1,1,137.0,1,19,38,7,7,126.5,1,0,0,1,0,1,19,0,0,8,8,8,13.57625,0,0,8,8,8,13.57625,0,9.4,-0.8,-3.12,Graduate,Female,Local
1225,1,17,1,9238,1,1,153.0,1,38,38,7,7,159.7,1,0,0,1,0,1,18,0,0,6,7,6,15.142857142857142,0,0,6,6,6,15.833333333333334,0,12.7,3.7,-1.7,Graduate,Female,Local
1226,1,1,1,9147,1,1,160.0,1,9,19,4,3,151.3,0,0,0,1,0,0,23,0,0,5,8,3,10.666666666666666,0,0,5,8,5,11.6,0,7.6,2.6,0.32,Graduate,Female,Local
1227,1,17,1,9238,1,1,145.0,1,38,38,5,7,138.0,1,0,0,1,0,0,20,0,0,6,11,5,11.2,0,0,6,6,6,12.0,0,9.4,-0.8,-3.12,Graduate,Female,Local
1228,1,1,5,9500,1,1,137.0,1,38,38,4,8,126.5,1,0,0,1,0,0,18,0,0,8,8,8,13.76375,0,0,8,8,8,13.76375,0,9.4,-0.8,-3.12,Graduate,Female,Local
1229,1,53,1,9085,1,42,140.0,1,1,1,4,3,140.0,1,0,1,1,0,0,21,0,7,9,10,8,13.25,0,4,9,14,5,12.2,0,8.9,1.4,3.51,Enrolled,Female,Local
1230,1,1,1,9238,1,1,120.0,1,19,38,5,6,112.3,0,0,0,1,0,1,22,0,0,6,10,5,10.714285714285714,0,0,6,10,5,12.2,0,12.7,3.7,-1.7,Graduate,Female,Local
1231,1,1,1,9238,1,1,122.0,1,1,19,4,4,127.3,1,0,1,1,0,0,20,0,0,6,6,6,12.166666666666666,0,0,6,7,6,11.666666666666666,0,9.4,-0.8,-3.12,Graduate,Female,Local
1232,1,7,1,9500,1,3,130.0,1,19,38,4,10,130.0,1,0,0,1,0,0,23,0,1,7,8,6,14.357142857142858,0,1,7,8,6,14.357142857142858,0,7.6,2.6,0.32,Graduate,Female,Local
1233,1,17,2,9773,1,1,133.1,1,3,1,4,5,115.0,1,0,0,1,0,0,19,0,0,6,6,6,12.833333333333334,0,0,6,6,6,12.666666666666666,0,16.2,0.3,-0.92,Graduate,Female,Local
1234,1,17,6,9500,1,1,150.0,1,1,37,1,1,131.5,1,0,0,1,0,0,19,0,0,8,8,7,13.925714285714283,0,0,8,8,7,13.925714285714283,0,10.8,1.4,1.74,Graduate,Female,Local
1235,1,39,1,9991,0,1,133.1,1,19,38,7,4,125.7,0,0,0,1,0,0,26,0,0,5,9,2,12.0,0,0,5,9,3,11.0,0,10.8,1.4,1.74,Dropout,Female,Local
1236,1,1,6,9500,1,1,141.0,1,1,37,4,3,126.8,1,0,0,1,0,0,18,0,0,7,7,7,13.44285714285714,0,0,8,9,8,13.744444444444444,0,16.2,0.3,-0.92,Graduate,Female,Local
1237,1,18,1,9119,1,1,146.0,1,1,37,7,7,132.4,1,0,0,1,1,0,18,0,0,5,5,1,16.0,0,0,5,5,0,0.0,0,9.4,-0.8,-3.12,Dropout,Male,Local
1238,1,44,1,9003,1,39,150.0,1,38,37,9,9,150.0,1,0,0,1,1,0,20,0,0,6,8,6,13.125,0,0,6,10,6,13.2,0,16.2,0.3,-0.92,Graduate,Male,Local
1239,1,1,1,9670,1,1,133.1,1,3,1,4,4,95.0,0,0,0,1,1,0,19,0,0,6,7,0,0.0,0,0,6,6,0,0.0,0,15.5,2.8,-4.06,Dropout,Male,Local
1240,1,43,1,9991,0,1,120.0,1,37,37,9,9,128.2,0,0,0,0,1,0,32,0,5,9,9,5,11.4,0,4,4,4,4,11.0,0,10.8,1.4,1.74,Dropout,Male,Local
1241,2,39,1,9130,1,1,150.0,1,19,19,4,4,130.0,0,0,0,0,1,0,31,0,0,4,12,2,11.0,2,0,5,9,3,11.666666666666666,0,9.4,-0.8,-3.12,Dropout,Male,Local
1242,1,39,1,9119,1,19,133.1,1,1,19,4,5,100.0,0,0,0,1,1,0,25,0,0,5,13,1,11.0,0,0,5,11,1,10.0,0,13.9,-0.3,0.79,Enrolled,Male,Local
1243,1,42,1,9085,1,39,140.0,1,19,3,9,1,159.9,1,0,0,1,0,0,21,0,2,6,14,5,13.666666666666666,0,2,6,10,5,13.0,0,16.2,0.3,-0.92,Graduate,Female,Local
1244,2,43,1,9991,0,1,140.0,1,37,37,4,9,100.0,0,0,0,0,0,0,31,0,2,6,10,4,11.75,0,0,5,6,1,10.0,0,12.7,3.7,-1.7,Dropout,Female,Local
1245,2,39,1,9853,1,1,133.1,1,37,37,5,5,116.5,0,0,0,1,0,0,34,0,0,7,11,1,10.0,0,0,7,7,1,13.0,0,16.2,0.3,-0.92,Dropout,Female,Local
1246,1,1,1,9238,1,1,128.0,1,19,19,9,9,120.0,0,0,0,1,0,1,18,0,0,6,8,6,13.5,0,0,6,9,6,12.833333333333334,0,11.1,0.6,2.02,Graduate,Female,Local
1247,1,1,3,9238,1,1,117.0,1,19,19,9,9,117.0,1,0,1,1,0,0,19,0,0,6,0,0,0.0,0,0,6,0,0,0.0,0,12.4,0.5,1.79,Dropout,Female,Local
1248,1,53,1,9670,1,42,140.0,1,19,37,3,6,140.0,1,0,1,1,0,0,21,0,0,6,12,1,12.0,0,0,6,11,1,11.0,0,8.9,1.4,3.51,Enrolled,Female,Local
1249,1,1,2,9853,1,1,124.0,1,38,37,5,3,118.1,1,0,0,0,0,0,18,0,0,6,11,3,13.0,0,0,6,10,5,11.8,0,9.4,-0.8,-3.12,Dropout,Female,Local
1250,1,1,1,9254,1,1,158.0,1,19,39,4,8,153.5,1,0,0,1,0,0,20,0,0,6,7,6,14.833333333333334,0,0,6,6,6,16.0,0,11.1,0.6,2.02,Graduate,Female,Local
1251,1,43,1,9773,1,1,137.0,1,38,37,9,5,127.9,1,0,0,1,0,0,20,0,0,6,6,6,11.833333333333334,0,0,6,7,6,12.857142857142858,0,15.5,2.8,-4.06,Graduate,Female,Local
1252,1,17,3,9670,1,1,123.0,1,38,38,7,8,118.8,1,1,0,1,0,1,18,0,0,6,10,5,12.0,0,0,6,11,5,12.333333333333334,0,11.1,0.6,2.02,Graduate,Female,Local
1253,1,1,1,9238,1,1,126.0,1,38,38,7,8,126.7,1,0,0,1,0,0,19,0,0,6,11,4,12.75,0,0,6,7,6,11.333333333333334,0,7.6,2.6,0.32,Graduate,Female,Local
1254,1,43,1,9085,1,1,170.0,1,19,19,5,1,170.0,1,0,0,1,0,0,19,0,0,5,5,0,0.0,5,0,5,7,4,14.75,1,12.7,3.7,-1.7,Enrolled,Female,Local
1255,4,39,1,9130,1,1,133.1,1,3,1,5,5,110.0,1,0,0,1,0,1,30,0,0,6,7,0,0.0,0,0,6,16,1,10.0,0,11.1,0.6,2.02,Dropout,Female,Local
1256,1,17,1,9238,1,1,115.0,1,19,38,5,5,115.0,1,0,0,1,0,0,19,0,0,6,6,6,12.0,0,0,6,7,6,12.857142857142858,0,11.1,0.6,2.02,Graduate,Female,Local
1257,1,1,3,9556,1,1,132.0,1,38,37,7,7,119.0,1,0,0,1,0,0,19,0,0,7,9,7,11.677777777777775,0,0,8,8,8,13.8,0,12.7,3.7,-1.7,Graduate,Female,Local
1258,1,1,4,9500,1,1,132.0,1,1,37,4,7,121.8,1,0,0,1,0,1,19,0,0,8,8,7,13.6,0,0,8,8,7,13.6,0,12.7,3.7,-1.7,Graduate,Female,Local
1259,1,1,1,9085,1,1,143.0,1,19,38,9,9,133.4,1,0,0,1,0,0,19,0,0,6,7,6,16.0,0,0,6,8,6,15.875,0,12.4,0.5,1.79,Graduate,Female,Local
1260,1,1,3,9238,1,1,137.0,1,1,1,3,3,131.4,1,0,0,1,0,0,20,0,0,6,9,5,11.8,0,0,6,7,6,11.5,0,7.6,2.6,0.32,Graduate,Female,Local
1261,1,42,1,9119,1,1,130.0,1,19,37,9,3,135.0,0,0,1,1,1,0,25,0,0,5,5,0,0.0,0,2,6,7,2,14.0,0,13.9,-0.3,0.79,Dropout,Male,Local
1262,1,1,2,9773,1,1,121.0,1,19,19,9,9,122.8,0,0,0,1,1,0,19,0,0,6,0,0,0.0,0,0,6,0,0,0.0,0,12.4,0.5,1.79,Dropout,Male,Local
1263,2,39,1,9853,1,1,130.0,1,37,19,7,3,140.0,0,0,1,1,0,1,34,0,0,6,7,6,16.142857142857142,0,0,6,10,6,16.2,0,9.4,-0.8,-3.12,Graduate,Female,Local
1264,1,18,2,9500,1,1,135.0,1,38,37,9,5,125.3,1,0,0,1,0,1,18,0,0,8,8,7,11.785714285714286,0,0,8,8,7,11.785714285714286,0,12.7,3.7,-1.7,Graduate,Female,Local
1265,1,1,6,9500,1,1,137.0,1,1,1,4,5,126.3,1,0,0,1,0,1,18,0,0,8,8,8,13.42375,0,0,8,8,8,13.42375,0,9.4,-0.8,-3.12,Graduate,Female,Local
1266,1,1,1,9670,1,1,100.0,1,38,38,9,10,100.0,0,0,0,1,0,0,20,0,0,6,8,6,12.5,0,0,6,10,5,14.166666666666666,0,11.1,0.6,2.02,Graduate,Female,Local
1267,1,17,2,9500,1,1,127.0,1,19,37,9,7,121.3,1,0,0,1,0,1,20,0,0,8,8,7,12.464285714285714,0,0,8,8,7,12.464285714285714,0,10.8,1.4,1.74,Graduate,Female,Local
1268,1,53,1,9991,0,1,140.0,1,38,38,191,193,135.0,0,0,1,1,0,0,23,0,6,11,18,8,12.375,0,3,9,15,5,12.6,0,8.9,1.4,3.51,Enrolled,Female,Local
1269,1,39,1,9670,1,1,140.0,1,37,37,6,6,120.0,0,0,0,1,0,0,28,0,0,6,8,1,10.0,0,0,6,9,0,0.0,0,10.8,1.4,1.74,Dropout,Female,Local
1270,1,17,1,9773,1,1,121.0,1,37,19,9,10,113.7,0,0,0,1,0,0,18,0,0,6,8,5,12.6,0,0,6,10,6,12.428571428571429,0,15.5,2.8,-4.06,Enrolled,Female,Local
1271,1,43,1,9147,1,1,131.0,1,19,38,9,9,129.7,1,0,0,1,0,0,19,0,0,5,5,5,12.6,0,0,5,6,4,12.4,0,16.2,0.3,-0.92,Graduate,Female,Local
1272,2,1,1,9147,1,1,151.0,1,38,37,9,8,132.1,1,0,0,1,0,0,34,0,0,5,7,2,10.0,0,0,5,6,4,12.0,0,7.6,2.6,0.32,Dropout,Female,Local
1273,2,51,1,9853,1,1,130.0,1,37,37,7,8,120.3,0,0,0,1,0,0,35,0,0,7,7,0,0.0,0,0,6,0,0,0.0,0,8.9,1.4,3.51,Dropout,Female,Local
1274,1,7,1,9991,0,40,120.0,1,37,37,9,7,120.0,0,0,0,1,0,0,32,0,0,5,7,5,11.6,0,0,5,8,5,12.333333333333334,0,12.4,0.5,1.79,Graduate,Female,Local
1275,1,17,2,9254,1,1,136.0,1,19,19,4,7,123.1,1,0,0,1,0,0,19,0,0,6,8,6,12.166666666666666,0,0,6,6,6,13.5,0,11.1,0.6,2.02,Graduate,Female,Local
1276,1,17,5,9670,1,1,125.0,1,1,19,9,7,119.4,1,0,0,1,0,0,18,0,0,6,10,4,13.6,0,0,6,7,5,12.666666666666666,0,11.1,0.6,2.02,Graduate,Female,Local
1277,2,39,1,9147,1,1,133.1,1,37,37,9,9,140.0,0,0,0,0,0,0,35,0,0,5,8,4,12.5,1,0,5,8,5,11.8,0,9.4,-0.8,-3.12,Dropout,Female,Local
1278,1,39,1,8014,0,1,133.1,1,1,12,4,5,116.5,0,0,0,1,1,1,24,0,0,6,6,4,12.25,0,0,6,10,4,11.5,0,12.4,0.5,1.79,Enrolled,Male,Local
1279,1,17,1,9238,1,1,120.0,1,19,37,9,9,113.0,1,0,0,1,0,1,20,0,0,6,7,6,11.714285714285714,0,0,6,8,6,12.625,0,13.9,-0.3,0.79,Graduate,Female,Local
1280,1,1,3,9773,1,1,143.0,11,19,19,4,9,133.9,1,0,0,1,1,1,18,1,0,6,7,6,13.5,0,0,6,7,6,13.0,0,16.2,0.3,-0.92,Graduate,Male,International
1281,1,1,3,9500,1,1,133.1,1,38,19,7,9,115.5,1,0,0,1,1,1,20,0,0,8,8,7,13.024285714285714,0,0,8,8,7,13.024285714285714,0,10.8,1.4,1.74,Graduate,Male,Local
1282,1,17,5,9254,1,1,121.0,1,1,19,4,7,116.5,1,0,0,0,1,0,18,0,0,6,12,0,0.0,0,0,6,0,0,0.0,0,9.4,-0.8,-3.12,Dropout,Male,Local
1283,1,1,1,9119,1,1,168.0,1,19,19,4,4,171.2,0,0,0,1,1,1,18,0,0,5,6,5,17.333333333333332,0,0,5,8,5,18.571428571428573,0,12.4,0.5,1.79,Graduate,Male,Local
1284,1,1,1,9670,1,1,124.0,1,19,37,5,7,119.1,0,0,0,1,1,1,20,0,0,5,7,4,11.0,0,0,5,7,4,11.5,0,9.4,-0.8,-3.12,Graduate,Male,Local
1285,1,17,2,9853,1,1,127.0,1,19,38,3,3,121.1,1,0,0,1,1,0,19,0,0,7,10,6,13.666666666666666,0,0,7,9,6,12.5,0,12.4,0.5,1.79,Dropout,Male,Local
1286,1,1,2,9070,1,1,129.0,1,1,1,4,9,132.9,1,0,0,1,1,1,20,0,0,6,9,6,11.375,0,0,6,6,5,13.8,0,7.6,2.6,0.32,Enrolled,Male,Local
1287,1,1,1,9238,1,1,137.0,1,19,1,9,9,132.8,0,0,0,1,1,0,19,0,0,6,6,6,12.833333333333334,0,0,6,8,6,11.833333333333334,0,10.8,1.4,1.74,Graduate,Male,Local
1288,1,1,1,9773,1,1,120.0,1,36,37,0,0,126.7,1,0,0,1,1,0,20,0,0,6,9,5,12.6,0,0,6,11,4,11.5,0,7.6,2.6,0.32,Graduate,Male,Local
1289,1,1,1,9500,1,1,110.0,1,19,19,9,7,105.8,1,0,0,1,1,0,22,0,0,7,8,6,14.333333333333334,0,0,8,9,7,13.771428571428572,0,11.1,0.6,2.02,Graduate,Male,Local
1290,1,17,2,9119,1,1,120.0,1,1,19,9,8,117.2,0,0,0,1,1,1,18,0,0,5,8,4,13.5,0,0,6,10,6,13.625,0,11.1,0.6,2.02,Enrolled,Male,Local
1291,1,1,1,9500,1,1,143.0,1,38,38,9,9,140.0,0,0,0,1,1,0,19,0,0,8,8,7,14.285714285714286,0,0,8,8,7,14.285714285714286,0,12.7,3.7,-1.7,Graduate,Male,Local
1292,1,44,1,9003,1,39,120.0,1,1,19,9,7,120.0,0,0,0,1,1,0,22,0,2,6,15,3,11.75,0,0,6,12,2,10.0,0,13.9,-0.3,0.79,Dropout,Male,Local
1293,1,17,5,9119,1,1,124.0,11,4,12,2,9,119.5,1,0,0,1,1,0,20,1,0,5,5,5,14.8,0,0,5,5,5,17.6,0,8.9,1.4,3.51,Graduate,Male,International
1294,2,39,1,9003,1,1,168.0,1,1,41,9,3,153.9,0,0,1,0,1,0,34,0,0,6,7,0,0.0,0,0,6,0,0,0.0,0,12.4,0.5,1.79,Dropout,Male,Local
1295,2,39,1,8014,0,19,133.1,1,1,1,4,4,130.0,0,0,0,1,1,0,24,0,0,6,14,1,10.0,0,0,5,5,0,0.0,0,16.2,0.3,-0.92,Dropout,Male,Local
1296,1,39,2,9670,1,1,150.0,1,34,34,0,0,107.0,1,0,0,1,1,0,26,0,0,5,5,0,0.0,0,0,5,5,0,0.0,0,7.6,2.6,0.32,Dropout,Male,Local
1297,1,39,1,9500,1,1,140.0,1,37,37,9,6,132.8,0,0,0,1,1,0,35,0,0,7,10,4,12.6,0,0,7,9,5,12.38,0,12.4,0.5,1.79,Dropout,Male,Local
1298,1,1,1,9991,0,1,145.0,1,2,37,4,9,127.5,1,0,0,1,1,0,22,0,0,5,9,5,12.428571428571429,1,0,5,7,5,11.8,0,7.6,2.6,0.32,Graduate,Male,Local
1299,1,18,1,9254,1,1,118.0,1,38,38,5,5,123.3,1,0,0,1,1,0,26,0,0,6,10,4,10.0,0,0,6,11,3,12.0,0,9.4,-0.8,-3.12,Enrolled,Male,Local
1300,1,17,1,9147,1,1,123.0,1,1,19,3,4,122.0,0,0,0,1,1,0,19,0,0,5,7,3,12.333333333333334,0,0,5,5,0,0.0,0,8.9,1.4,3.51,Dropout,Male,Local
1301,1,1,5,9254,1,1,120.0,1,3,19,3,9,114.8,1,0,0,0,1,0,19,0,0,6,0,0,0.0,0,0,6,0,0,0.0,0,8.9,1.4,3.51,Dropout,Male,Local
1302,1,44,1,171,1,39,140.0,1,3,3,2,2,140.0,0,0,1,1,1,0,20,0,0,0,0,0,0.0,0,0,0,0,0,0.0,0,15.5,2.8,-4.06,Graduate,Male,Local
1303,1,51,1,9670,1,1,126.0,1,3,3,1,10,111.0,0,0,1,1,1,0,21,0,5,11,12,10,12.1,0,2,8,9,8,13.333333333333334,0,11.1,0.6,2.02,Graduate,Male,Local
1304,1,1,2,9773,1,1,137.0,1,1,19,7,7,133.2,1,0,0,1,0,1,19,0,0,6,7,6,14.714285714285714,0,0,6,6,6,15.0,0,13.9,-0.3,0.79,Graduate,Female,Local
1305,1,1,3,9773,1,1,130.0,1,19,19,9,9,123.0,1,0,0,1,0,0,18,0,0,6,6,6,12.666666666666666,0,0,6,7,6,12.833333333333334,0,12.7,3.7,-1.7,Graduate,Female,Local
1306,1,53,1,9003,1,42,150.0,1,1,38,8,8,150.0,0,0,0,1,0,1,23,0,7,12,14,12,14.384615384615383,0,5,10,12,10,13.3,0,8.9,1.4,3.51,Graduate,Female,Local
1307,1,17,3,9147,1,1,147.0,1,19,38,5,7,132.3,1,0,0,1,0,1,18,0,0,5,5,5,13.4,0,0,5,6,5,12.2,0,12.7,3.7,-1.7,Graduate,Female,Local
1308,1,18,1,9500,1,1,140.0,1,37,38,5,7,126.0,1,0,0,1,0,0,18,0,0,8,8,7,13.314285714285717,0,0,8,8,7,13.314285714285717,0,12.7,3.7,-1.7,Graduate,Female,Local
1309,1,1,3,9500,1,1,132.0,1,38,38,9,9,119.3,1,0,0,1,0,0,19,0,0,8,8,7,11.98857142857143,0,0,8,8,7,11.98857142857143,0,10.8,1.4,1.74,Graduate,Female,Local
1310,1,53,1,9147,1,42,130.0,1,1,19,143,172,133.8,1,0,0,1,0,0,21,0,6,11,17,11,11.545454545454543,0,3,9,13,8,12.88888888888889,0,8.9,1.4,3.51,Graduate,Female,Local
1311,1,1,1,9085,1,1,130.0,1,37,37,9,6,126.5,1,0,0,1,0,1,18,0,0,6,13,6,16.46153846153846,0,0,6,8,6,13.875,0,15.5,2.8,-4.06,Graduate,Female,Local
1312,1,1,1,9773,1,1,151.0,1,38,37,9,5,138.4,1,0,0,1,0,1,24,0,0,6,7,6,13.666666666666666,0,0,6,6,6,12.833333333333334,0,10.8,1.4,1.74,Graduate,Female,Local
1313,1,1,4,9500,1,1,144.0,1,3,39,2,3,129.0,1,0,0,1,0,0,18,0,0,7,8,7,12.65,0,0,8,9,8,13.411111111111111,0,16.2,0.3,-0.92,Dropout,Female,Local
1314,1,1,1,9670,1,1,127.0,1,19,1,5,7,118.3,1,0,0,1,0,0,18,0,0,6,7,6,12.333333333333334,0,0,6,10,3,12.0,0,13.9,-0.3,0.79,Enrolled,Female,Local
1315,1,17,2,9500,1,1,131.0,1,19,37,9,7,129.8,1,0,0,1,0,0,20,0,0,7,8,6,14.37,0,0,8,10,7,14.65,0,12.4,0.5,1.79,Graduate,Female,Local
1316,1,17,2,9085,1,1,123.0,1,1,19,4,9,113.6,1,0,0,1,0,0,19,0,0,5,13,3,12.0,2,0,5,8,4,11.75,0,9.4,-0.8,-3.12,Enrolled,Female,Local
1317,1,1,5,9773,1,1,130.0,1,34,38,0,8,128.3,1,0,0,0,0,1,18,0,0,6,12,3,12.0,0,0,6,15,3,10.666666666666666,0,7.6,2.6,0.32,Dropout,Female,Local
1318,1,43,1,9254,1,1,130.0,1,1,19,5,7,130.0,0,0,0,1,0,1,19,0,0,6,11,4,12.0,0,0,6,14,3,11.0,0,10.8,1.4,1.74,Dropout,Female,Local
1319,1,17,2,9853,1,1,131.0,1,1,38,4,8,121.9,1,0,0,1,0,0,19,0,0,6,10,5,12.6,0,0,6,7,5,11.2,0,10.8,1.4,1.74,Graduate,Female,Local
1320,1,1,5,9238,1,3,135.0,1,1,38,9,3,129.4,0,0,1,1,0,0,18,0,0,6,6,6,12.166666666666666,0,0,6,6,6,12.333333333333334,0,10.8,1.4,1.74,Graduate,Female,Local
1321,1,1,2,9853,1,1,123.0,1,19,1,194,103,115.3,1,0,0,1,0,0,20,0,0,7,8,6,13.5,0,0,7,8,6,14.0,0,11.1,0.6,2.02,Enrolled,Female,Local
1322,1,1,5,9500,1,1,145.0,1,38,38,9,9,125.5,1,0,0,1,0,1,18,0,0,8,8,8,13.76375,0,0,8,8,8,13.76375,0,9.4,-0.8,-3.12,Graduate,Female,Local
1323,1,17,6,9556,1,1,118.0,1,38,38,5,5,117.8,1,0,0,1,0,1,19,0,0,7,11,6,12.4,0,0,7,8,6,12.8,0,11.1,0.6,2.02,Graduate,Female,Local
1324,1,17,3,9147,1,1,125.0,1,3,38,2,10,118.7,1,0,0,1,0,0,18,0,0,5,16,4,10.666666666666666,0,0,5,11,2,12.0,0,13.9,-0.3,0.79,Enrolled,Female,Local
1325,1,1,2,9500,1,1,152.0,1,37,37,9,9,139.0,1,0,0,1,0,0,18,0,0,7,7,6,14.333333333333334,0,0,7,7,6,14.333333333333334,0,7.6,2.6,0.32,Graduate,Female,Local
1326,1,1,1,9085,1,1,101.0,1,1,37,4,9,98.9,1,0,0,1,0,0,21,0,0,6,12,4,12.5,0,0,6,13,2,12.666666666666666,0,11.1,0.6,2.02,Enrolled,Female,Local
1327,1,17,1,9254,1,1,137.0,1,34,38,0,7,137.7,1,0,1,0,0,0,19,0,0,6,14,1,10.0,0,0,6,13,0,0.0,0,7.6,2.6,0.32,Dropout,Female,Local
1328,1,1,4,9500,1,1,123.0,1,1,1,3,3,113.6,1,0,0,1,0,0,21,0,0,7,8,7,14.69625,0,0,8,9,8,14.622222222222224,0,12.4,0.5,1.79,Graduate,Female,Local
1329,1,1,1,9085,1,1,120.0,1,4,1,2,9,113.4,0,0,0,1,0,0,18,0,0,6,14,4,11.5,0,0,6,17,3,13.75,0,11.1,0.6,2.02,Enrolled,Female,Local
1330,1,17,3,9556,1,1,131.0,1,19,38,9,7,128.5,0,0,0,1,0,1,18,0,0,7,9,7,12.855555555555556,0,0,8,8,8,13.9125,0,12.7,3.7,-1.7,Graduate,Female,Local
1331,1,1,1,9500,1,1,141.0,1,1,1,3,10,142.8,0,0,0,1,0,0,18,0,0,7,7,7,13.7,0,0,8,9,8,13.994444444444444,0,11.1,0.6,2.02,Graduate,Female,Local
1332,1,1,1,9130,1,1,144.0,1,3,1,1,3,137.7,0,0,0,0,0,0,23,0,0,5,9,0,0.0,3,1,5,10,1,12.0,3,10.8,1.4,1.74,Dropout,Female,Local
1333,1,1,1,9238,1,1,107.0,1,19,37,7,7,103.5,1,0,0,1,0,0,20,0,0,6,13,3,11.2,0,0,6,9,4,12.0,0,16.2,0.3,-0.92,Enrolled,Female,Local
1334,1,1,1,9500,1,1,133.0,1,38,38,5,5,123.2,0,0,0,1,0,0,18,0,0,7,7,7,13.285714285714286,0,0,8,9,8,13.333333333333334,0,16.2,0.3,-0.92,Graduate,Female,Local
1335,1,17,2,9853,1,1,126.0,1,1,19,2,10,126.0,1,0,0,1,0,0,19,0,0,6,9,5,13.0,0,0,6,8,5,10.4,0,7.6,2.6,0.32,Enrolled,Female,Local
1336,1,39,1,9500,1,1,133.1,1,1,38,3,7,121.7,0,0,0,1,0,1,27,0,0,7,8,6,12.6,0,0,7,9,6,11.685714285714283,0,12.4,0.5,1.79,Enrolled,Female,Local
1337,1,17,1,9147,1,1,147.0,1,37,37,9,6,142.8,1,0,1,0,0,1,19,0,0,5,5,5,12.8,0,0,5,5,4,12.0,0,11.1,0.6,2.02,Enrolled,Female,Local
1338,1,43,1,9130,1,1,120.0,1,1,19,9,9,120.0,1,0,0,1,0,0,21,0,0,6,14,5,11.5,1,0,6,13,5,11.0,1,15.5,2.8,-4.06,Dropout,Female,Local
1339,1,18,1,9500,1,1,130.0,1,37,38,7,8,119.3,1,0,0,1,0,1,19,0,0,8,8,7,11.4,0,0,8,8,7,11.4,0,10.8,1.4,1.74,Graduate,Female,Local
1340,1,44,1,9238,1,1,120.0,1,37,37,6,9,121.0,0,0,0,1,0,1,21,0,3,6,6,6,12.333333333333334,0,2,6,8,6,11.333333333333334,0,13.9,-0.3,0.79,Graduate,Female,Local
1341,1,1,5,9773,1,1,138.0,1,19,19,9,9,139.4,1,0,0,1,0,0,18,0,0,6,7,5,12.8,0,0,6,10,4,12.2,0,10.8,1.4,1.74,Graduate,Female,Local
1342,1,17,1,9085,1,1,124.0,1,19,38,7,7,113.9,1,0,0,1,0,1,20,0,0,5,8,5,12.0,1,0,5,8,4,15.0,1,12.7,3.7,-1.7,Graduate,Female,Local
1343,1,1,1,9853,1,1,133.0,1,37,37,9,7,124.6,1,0,0,1,0,1,18,0,0,6,8,5,13.0,0,0,6,9,5,13.5,0,9.4,-0.8,-3.12,Graduate,Female,Local
1344,1,17,1,9070,1,1,122.0,1,1,1,4,8,123.8,1,0,1,0,0,1,18,0,0,6,6,6,11.833333333333334,0,0,6,8,6,11.0,0,12.7,3.7,-1.7,Dropout,Female,Local
1345,1,1,3,9085,1,1,138.0,1,1,3,4,4,126.3,1,0,0,1,0,0,18,0,0,6,8,6,14.0,0,0,6,9,6,13.333333333333334,0,8.9,1.4,3.51,Graduate,Female,Local
1346,1,17,4,9773,1,1,134.0,1,1,1,3,3,120.4,1,0,0,1,0,1,18,0,0,6,6,6,12.333333333333334,0,0,6,6,6,13.5,0,16.2,0.3,-0.92,Graduate,Female,Local
1347,1,1,3,9500,1,1,128.0,1,1,1,7,7,120.5,1,0,0,1,0,1,19,0,0,7,10,5,13.04,0,0,7,7,7,12.5,0,12.4,0.5,1.79,Enrolled,Female,Local
1348,1,53,1,9085,1,42,140.0,1,19,38,8,9,144.9,1,0,1,0,0,0,23,0,7,11,18,11,13.166666666666666,0,4,9,15,8,13.333333333333334,0,8.9,1.4,3.51,Enrolled,Female,Local
1349,1,39,1,9085,1,19,133.1,1,19,19,4,9,139.9,1,0,0,1,0,1,24,0,1,6,7,6,12.5,0,0,6,11,6,12.833333333333334,0,8.9,1.4,3.51,Graduate,Female,Local
1350,1,1,1,171,1,1,142.0,1,1,1,3,3,133.3,1,0,0,1,0,0,19,0,0,0,0,0,0.0,0,0,0,0,0,0.0,0,10.8,1.4,1.74,Graduate,Female,Local
1351,1,1,3,9500,1,1,141.0,1,19,19,9,9,126.0,1,0,0,1,0,0,18,0,0,8,8,7,15.657142857142857,0,0,8,8,7,15.657142857142857,0,12.7,3.7,-1.7,Graduate,Female,Local
1352,1,1,2,9070,1,1,145.0,1,1,19,4,3,133.5,0,0,0,1,0,0,19,0,0,6,6,6,12.166666666666666,0,0,6,6,6,11.333333333333334,0,12.7,3.7,-1.7,Graduate,Female,Local
1353,1,17,2,9853,1,1,145.0,1,38,19,4,9,127.9,1,0,0,1,0,0,19,0,0,6,0,0,0.0,0,0,6,0,0,0.0,0,10.8,1.4,1.74,Dropout,Female,Local
1354,1,1,1,9238,1,1,108.0,1,1,38,5,8,105.9,0,0,0,1,0,1,20,0,0,6,11,5,10.6,0,0,6,9,5,11.166666666666666,0,11.1,0.6,2.02,Enrolled,Female,Local
1355,1,1,1,9085,1,1,132.0,1,1,12,4,5,124.3,0,0,0,1,0,0,20,0,0,6,10,6,13.428571428571429,0,0,6,11,5,12.666666666666666,0,13.9,-0.3,0.79,Enrolled,Female,Local
1356,1,39,1,9773,1,1,140.0,1,34,37,0,0,102.5,0,0,0,1,0,0,26,0,0,6,8,4,11.75,0,0,6,12,0,0.0,0,7.6,2.6,0.32,Dropout,Female,Local
1357,1,39,1,9254,1,19,133.1,1,19,1,9,5,97.0,0,0,1,0,1,0,36,0,0,5,10,0,0.0,0,0,5,5,0,0.0,0,15.5,2.8,-4.06,Dropout,Male,Local
1358,1,17,1,171,1,1,128.0,1,1,1,4,10,134.7,0,0,0,0,1,0,19,0,0,0,0,0,0.0,0,0,0,0,0,0.0,0,10.8,1.4,1.74,Dropout,Male,Local
1359,1,42,1,9119,1,1,120.0,1,19,37,9,9,113.8,0,0,0,0,1,0,27,0,0,5,0,0,0.0,0,0,5,0,0,0.0,0,15.5,2.8,-4.06,Dropout,Male,Local
1360,1,1,4,9119,1,1,120.0,1,3,1,123,152,116.9,0,0,0,1,1,0,18,0,0,5,9,1,13.0,0,0,5,5,0,0.0,0,8.9,1.4,3.51,Dropout,Male,Local
1361,1,1,4,9500,1,1,139.0,1,37,38,9,9,124.0,1,0,0,1,1,1,18,0,0,8,8,7,13.331428571428573,0,0,8,8,7,13.331428571428573,0,10.8,1.4,1.74,Graduate,Male,Local
1362,1,39,1,9070,1,1,139.3,1,38,38,5,5,117.5,0,0,0,1,1,0,28,0,0,6,0,0,0.0,0,0,6,0,0,0.0,0,12.4,0.5,1.79,Dropout,Male,Local
1363,1,44,1,171,1,39,150.0,1,19,1,9,9,154.8,1,0,0,1,1,0,21,0,0,0,0,0,0.0,0,0,0,0,0,0.0,0,12.4,0.5,1.79,Graduate,Male,Local
1364,1,1,1,9500,1,1,138.0,1,19,37,4,9,141.0,0,0,0,1,1,0,19,0,0,7,7,6,13.7,0,0,7,7,6,13.7,0,7.6,2.6,0.32,Graduate,Male,Local
1365,1,39,1,9670,1,9,133.1,1,6,22,3,3,120.0,0,0,1,0,1,0,26,0,0,5,5,0,0.0,0,0,5,5,0,0.0,5,9.4,-0.8,-3.12,Dropout,Male,Local
1366,1,51,1,9119,1,1,136.0,1,1,19,3,5,133.6,1,0,0,1,1,0,20,0,4,9,12,9,13.454545454545457,0,2,7,9,6,13.875,0,11.1,0.6,2.02,Dropout,Male,Local
1367,1,1,6,9500,1,1,134.0,1,38,38,9,9,122.0,1,0,0,1,1,0,19,0,0,8,8,7,12.2,0,0,8,8,7,12.2,0,12.7,3.7,-1.7,Graduate,Male,Local
1368,1,1,1,9147,1,1,140.0,1,19,19,7,3,120.0,1,0,0,1,1,0,21,0,0,5,8,3,10.0,0,0,5,10,4,11.0,0,12.7,3.7,-1.7,Dropout,Male,Local
1369,1,53,1,9670,1,42,110.0,1,1,19,9,9,114.2,0,0,0,1,1,1,23,0,0,6,7,5,13.0,0,0,6,7,6,12.857142857142858,0,8.9,1.4,3.51,Graduate,Male,Local
1370,1,39,1,8014,0,38,133.1,1,38,37,4,8,95.5,0,0,0,1,1,0,29,0,0,6,11,6,12.0,0,0,6,6,6,14.0,0,11.1,0.6,2.02,Graduate,Male,Local
1371,1,1,1,9500,1,1,129.0,1,1,1,9,9,120.0,0,0,0,1,1,0,20,0,0,8,8,7,15.028571428571428,0,0,8,8,7,15.028571428571428,0,12.7,3.7,-1.7,Graduate,Male,Local
1372,1,1,1,9238,1,1,116.0,1,1,19,5,9,111.1,0,0,0,1,1,0,18,0,0,6,8,6,12.0,0,0,6,7,6,11.714285714285714,0,15.5,2.8,-4.06,Graduate,Male,Local
1373,1,1,1,9773,1,1,130.0,1,1,38,3,5,128.6,1,0,0,1,1,0,19,0,0,6,8,5,12.0,0,0,6,8,5,12.4,0,9.4,-0.8,-3.12,Graduate,Male,Local
1374,1,7,1,9556,1,3,130.0,1,1,37,4,8,130.0,0,0,0,0,1,0,23,0,3,7,7,3,13.666666666666666,0,3,8,8,3,11.333333333333334,4,10.8,1.4,1.74,Dropout,Male,Local
1375,1,1,1,171,1,1,116.0,1,38,1,5,1,111.1,0,0,0,1,1,0,21,0,0,0,0,0,0.0,0,0,0,0,0,0.0,0,13.9,-0.3,0.79,Dropout,Male,Local
1376,1,17,1,9147,1,1,136.0,1,1,1,9,3,122.7,1,0,0,1,1,0,18,0,0,5,6,5,12.0,0,0,5,7,4,12.5,0,15.5,2.8,-4.06,Enrolled,Male,Local
1377,1,1,1,171,1,1,147.0,1,37,19,7,7,134.4,1,0,0,1,1,1,18,0,0,0,0,0,0.0,0,0,0,0,0,0.0,0,10.8,1.4,1.74,Graduate,Male,Local
1378,1,1,5,9070,1,1,117.0,1,19,37,5,5,131.0,1,0,1,0,1,0,21,0,0,6,6,1,14.0,0,0,6,7,0,0.0,7,9.4,-0.8,-3.12,Dropout,Male,Local
1379,1,51,1,9238,1,1,141.0,1,1,1,5,9,125.0,0,0,0,1,1,0,22,0,0,6,6,0,0.0,0,0,6,7,0,0.0,0,11.1,0.6,2.02,Dropout,Male,Local
1380,1,18,1,9556,1,1,133.1,1,3,19,2,8,106.0,1,0,0,1,1,0,21,0,0,7,8,7,12.375,0,0,7,11,5,12.583333333333334,0,8.9,1.4,3.51,Graduate,Male,Local
1381,1,39,1,9500,1,1,133.1,1,38,19,9,9,128.0,1,0,0,0,1,0,32,0,0,7,0,0,0.0,0,0,8,0,0,0.0,0,16.2,0.3,-0.92,Dropout,Male,Local
1382,1,7,1,9003,1,3,120.0,1,1,19,4,1,120.0,1,0,0,1,1,0,27,0,14,18,21,18,11.421052631578949,0,10,13,16,13,11.076923076923077,1,15.5,2.8,-4.06,Graduate,Male,Local
1383,1,1,1,9500,1,1,148.0,1,19,38,9,8,134.8,1,0,0,1,1,0,18,0,0,7,7,6,13.35,0,0,7,7,6,13.35,0,7.6,2.6,0.32,Graduate,Male,Local
1384,1,39,1,9070,1,1,130.0,1,1,1,5,3,112.0,1,0,0,1,1,1,24,0,0,6,6,6,15.0,0,0,6,6,2,16.0,0,15.5,2.8,-4.06,Graduate,Male,Local
1385,1,1,1,9130,1,1,120.0,1,19,37,1,9,116.1,1,0,0,1,1,0,22,0,0,5,9,2,10.5,0,0,5,5,0,0.0,0,12.7,3.7,-1.7,Dropout,Male,Local
1386,1,43,1,9130,1,1,120.0,1,2,3,3,2,120.0,1,0,0,0,1,0,22,0,0,6,0,0,0.0,0,0,4,6,0,0.0,2,10.8,1.4,1.74,Dropout,Male,Local
1387,1,1,3,9147,1,1,133.0,1,37,37,9,5,119.7,1,0,0,1,1,0,19,0,0,5,8,5,13.25,0,0,5,6,5,11.833333333333334,0,13.9,-0.3,0.79,Graduate,Male,Local
1388,1,17,6,9119,1,1,129.0,1,37,13,4,90,117.1,1,0,0,1,1,0,19,0,0,5,10,0,0.0,0,0,5,5,0,0.0,0,7.6,2.6,0.32,Dropout,Male,Local
1389,1,1,2,9085,1,1,118.0,1,1,19,3,3,112.4,1,0,0,1,1,0,21,0,0,5,7,4,11.5,0,0,5,15,3,10.6,4,10.8,1.4,1.74,Enrolled,Male,Local
1390,1,1,2,9500,1,1,140.0,1,1,1,2,7,131.0,1,0,0,1,0,1,18,0,0,8,8,8,13.88125,0,0,8,8,8,13.88125,0,9.4,-0.8,-3.12,Graduate,Female,Local
1391,1,1,2,9254,1,1,127.0,1,3,19,3,10,130.9,1,0,0,1,0,0,18,0,0,6,8,6,11.333333333333334,0,0,6,8,5,12.6,0,9.4,-0.8,-3.12,Graduate,Female,Local
1392,1,1,1,171,1,1,131.0,1,19,19,9,9,134.9,1,0,1,1,0,0,20,0,0,0,0,0,0.0,0,0,0,0,0,0.0,0,16.2,0.3,-0.92,Dropout,Female,Local
1393,1,17,1,9238,1,1,132.0,1,1,19,4,9,127.1,1,0,0,1,0,0,19,0,0,6,7,6,12.857142857142858,0,0,6,7,6,13.666666666666666,0,13.9,-0.3,0.79,Graduate,Female,Local
1394,1,17,5,9773,1,1,113.0,1,38,38,191,175,110.2,1,0,1,1,0,0,19,0,0,6,6,5,11.6,0,0,6,6,6,12.5,0,8.9,1.4,3.51,Graduate,Female,Local
1395,1,17,1,9254,1,1,115.0,1,12,1,9,3,108.7,1,0,0,1,0,1,18,0,0,6,9,5,11.4,0,0,6,6,6,11.333333333333334,0,12.4,0.5,1.79,Graduate,Female,Local
1396,1,1,1,9130,1,1,133.1,1,1,1,3,9,138.0,1,0,0,1,0,0,20,0,0,6,11,6,13.333333333333334,0,0,6,10,6,13.0,0,16.2,0.3,-0.92,Enrolled,Female,Local
1397,1,44,1,9070,1,39,150.0,1,12,37,3,9,147.7,0,0,1,1,0,1,22,0,2,7,7,7,13.571428571428571,0,5,9,9,9,13.77777777777778,0,12.4,0.5,1.79,Graduate,Female,Local
1398,2,39,1,9556,1,19,133.1,1,37,38,9,9,123.0,0,0,0,1,0,0,31,0,0,7,13,6,11.833333333333334,0,0,7,8,7,12.228571428571428,0,12.4,0.5,1.79,Graduate,Female,Local
1399,1,17,1,9853,1,1,141.0,1,19,19,9,8,142.8,0,0,0,1,0,1,19,0,0,7,7,7,14.428571428571429,0,0,7,7,7,14.142857142857142,0,16.2,0.3,-0.92,Graduate,Female,Local
1400,1,1,2,171,1,1,140.0,1,1,3,3,3,138.3,1,0,0,1,0,0,18,0,0,0,0,0,0.0,0,0,0,0,0,0.0,0,12.4,0.5,1.79,Enrolled,Female,Local
1401,1,1,2,9254,1,1,136.0,1,38,38,9,7,125.2,1,0,0,1,0,1,18,0,0,6,8,6,12.285714285714286,0,0,6,9,5,12.4,0,8.9,1.4,3.51,Graduate,Female,Local
1402,1,1,1,9085,1,1,140.0,1,12,1,1,90,141.8,0,0,0,1,0,0,21,0,0,5,7,5,14.4,0,0,5,5,5,13.8,0,7.6,2.6,0.32,Graduate,Female,Local
1403,1,17,5,9500,1,1,143.0,1,38,1,9,7,130.6,1,0,0,1,0,1,18,0,0,7,8,7,13.15,0,0,8,9,8,15.06875,0,13.9,-0.3,0.79,Graduate,Female,Local
1404,1,44,1,9147,1,39,130.0,22,2,37,2,8,130.0,0,0,1,0,1,0,25,1,0,5,6,0,0.0,0,0,5,5,0,0.0,0,15.5,2.8,-4.06,Dropout,Male,International
1405,1,15,1,9119,1,1,133.1,41,1,3,5,8,100.0,0,0,1,1,1,0,21,1,0,5,5,0,0.0,0,0,6,8,0,0.0,0,11.1,0.6,2.02,Dropout,Male,International
1406,1,18,2,9500,1,1,129.0,1,38,37,5,5,119.0,1,0,0,1,0,1,19,0,0,8,8,7,12.342857142857143,0,0,8,8,7,12.342857142857143,0,10.8,1.4,1.74,Graduate,Female,Local
1407,1,1,2,9773,1,1,132.0,1,38,1,9,9,124.3,1,0,0,1,0,0,19,0,0,6,6,5,12.2,0,0,6,7,5,10.8,0,10.8,1.4,1.74,Enrolled,Female,Local
1408,1,17,1,9254,1,1,118.0,1,11,34,5,0,122.2,1,0,0,1,0,0,22,0,0,6,10,4,10.5,0,0,6,14,1,11.0,0,7.6,2.6,0.32,Dropout,Female,Local
1409,1,15,1,9147,1,1,150.0,1,38,1,9,1,150.0,0,0,0,1,1,0,19,0,0,5,5,5,10.6,0,0,5,8,5,11.6,0,12.4,0.5,1.79,Graduate,Male,Local
1410,1,39,1,8014,0,19,133.1,1,37,37,9,5,135.5,0,0,0,1,0,0,58,0,0,6,6,0,0.0,0,0,6,6,0,0.0,0,11.1,0.6,2.02,Dropout,Female,Local
1411,1,16,2,9238,1,1,122.0,1,19,37,9,7,127.3,1,0,0,1,0,1,19,0,0,6,8,4,11.25,0,0,6,6,6,12.0,0,10.8,1.4,1.74,Graduate,Female,Local
1412,1,43,1,9670,1,1,127.0,22,37,37,9,9,127.0,1,0,0,1,1,0,23,1,3,9,11,6,10.5,0,4,10,10,10,11.7,0,9.4,-0.8,-3.12,Graduate,Male,International
1413,1,1,2,9773,1,1,122.0,1,37,37,9,9,126.9,1,0,0,1,0,1,19,0,0,6,11,4,11.0,0,0,6,11,3,11.666666666666666,0,9.4,-0.8,-3.12,Enrolled,Female,Local
1414,1,18,3,9500,1,1,131.0,1,19,1,4,7,127.5,1,0,0,1,0,0,18,0,0,7,7,7,13.457142857142856,0,0,8,8,8,14.5125,0,13.9,-0.3,0.79,Graduate,Female,Local
1415,1,1,2,9085,1,1,130.0,1,19,19,90,90,122.0,0,0,0,1,0,0,20,0,0,5,6,5,12.6,0,0,5,8,4,12.333333333333334,0,7.6,2.6,0.32,Graduate,Female,Local
1416,1,17,5,9085,1,1,130.0,1,19,19,90,7,115.8,0,0,0,0,0,0,18,0,0,6,0,0,0.0,0,0,6,0,0,0.0,0,12.7,3.7,-1.7,Dropout,Female,Local
1417,1,17,1,9670,1,1,130.0,1,3,19,5,5,121.6,0,0,0,1,0,0,18,0,0,6,6,6,13.666666666666666,0,0,6,8,5,13.6,0,8.9,1.4,3.51,Graduate,Female,Local
1418,1,17,4,9147,1,1,122.0,1,19,19,5,7,116.4,1,0,1,1,0,1,18,0,0,5,5,5,11.6,0,0,5,5,5,11.8,0,11.1,0.6,2.02,Graduate,Female,Local
1419,1,39,1,9130,1,1,114.0,1,38,38,9,10,120.0,0,0,0,1,0,0,24,0,0,6,9,6,12.571428571428571,0,0,6,10,5,12.833333333333334,0,11.1,0.6,2.02,Dropout,Female,Local
1420,1,17,4,9853,1,1,143.0,1,37,37,9,5,127.3,1,0,0,1,0,0,18,0,0,6,7,5,11.8,0,0,6,7,5,11.4,0,10.8,1.4,1.74,Dropout,Female,Local
1421,1,1,3,9147,1,1,127.0,1,1,38,5,7,123.5,1,0,0,1,0,1,19,0,0,5,5,5,11.6,0,0,5,11,3,12.666666666666666,0,9.4,-0.8,-3.12,Enrolled,Female,Local
1422,1,17,3,9238,1,1,141.0,1,19,38,9,7,125.6,1,0,0,1,0,1,19,0,0,6,8,6,11.333333333333334,0,0,6,6,6,11.833333333333334,0,8.9,1.4,3.51,Graduate,Female,Local
1423,1,1,1,9254,1,1,129.0,1,38,38,6,6,118.5,1,0,0,1,0,0,18,0,0,6,6,6,10.666666666666666,0,0,6,6,6,11.5,0,7.6,2.6,0.32,Graduate,Female,Local
1424,1,1,2,9130,1,1,140.0,1,19,37,9,9,129.5,1,0,0,1,0,0,18,0,0,5,10,4,13.5,1,0,5,5,5,13.4,0,12.7,3.7,-1.7,Enrolled,Female,Local
1425,1,1,1,171,1,1,137.0,1,19,19,5,5,134.6,1,0,0,1,0,1,19,0,0,0,0,0,0.0,0,0,0,0,0,0.0,0,10.8,1.4,1.74,Graduate,Female,Local
1426,1,44,1,9085,1,1,140.0,1,4,4,2,6,140.0,0,0,0,1,0,0,22,0,2,6,9,6,13.333333333333334,0,1,6,9,4,11.5,0,13.9,-0.3,0.79,Graduate,Female,Local
1427,1,1,1,9254,1,1,143.0,1,2,37,1,1,133.2,1,0,0,1,0,0,19,0,0,6,9,5,13.4,0,0,6,16,2,13.5,0,10.8,1.4,1.74,Enrolled,Female,Local
1428,3,17,1,9238,1,1,138.0,1,37,37,9,9,133.5,1,0,0,1,0,1,21,0,0,6,8,3,10.2,0,0,6,13,4,12.25,0,12.7,3.7,-1.7,Enrolled,Female,Local
1429,1,17,1,9773,1,1,120.0,1,19,38,9,7,117.9,1,0,0,1,0,1,21,0,0,6,6,5,13.0,0,0,6,7,6,12.833333333333334,0,8.9,1.4,3.51,Graduate,Female,Local
1430,1,1,3,9500,1,1,144.0,1,38,38,5,7,128.0,1,0,0,1,0,1,18,0,0,8,11,7,12.90857142857143,0,0,8,11,7,12.90857142857143,0,10.8,1.4,1.74,Graduate,Female,Local
1431,1,1,5,9853,1,1,123.0,1,1,12,4,9,113.2,1,0,0,1,0,0,20,0,0,6,12,4,12.0,0,0,6,11,1,10.0,0,10.8,1.4,1.74,Dropout,Female,Local
1432,1,1,3,9254,1,1,129.0,1,37,38,7,7,122.0,1,0,0,1,0,1,18,0,0,6,9,6,10.833333333333334,0,0,6,8,5,11.0,0,7.6,2.6,0.32,Enrolled,Female,Local
1433,1,16,3,9070,1,1,152.0,1,1,38,4,8,156.9,1,0,0,1,0,0,19,0,0,6,6,6,15.333333333333334,0,0,6,9,6,15.833333333333334,0,12.7,3.7,-1.7,Graduate,Female,Local
1434,1,1,2,9500,1,1,130.0,1,1,38,9,9,125.1,1,0,0,1,0,1,18,0,0,7,9,6,12.816666666666668,0,0,8,11,6,12.875,0,11.1,0.6,2.02,Enrolled,Female,Local
1435,1,15,1,9147,1,1,133.1,41,41,1,3,4,100.0,0,0,1,0,1,0,26,1,6,7,7,6,13.0,0,2,6,6,2,14.0,0,11.1,0.6,2.02,Dropout,Male,International
1436,1,15,1,9119,1,1,160.0,32,1,3,143,152,160.0,0,0,1,1,0,0,19,1,0,6,11,2,13.5,1,0,5,11,2,11.0,0,8.9,1.4,3.51,Enrolled,Female,International
1437,2,39,1,8014,0,1,140.0,1,37,37,9,9,101.0,0,0,0,1,0,0,35,0,0,6,7,6,12.5,0,0,6,6,6,12.166666666666666,0,15.5,2.8,-4.06,Graduate,Female,Local
1438,1,18,1,9670,1,1,133.0,1,1,1,9,9,121.5,1,0,0,1,0,1,19,0,0,6,7,6,13.0,0,0,6,6,6,14.333333333333334,0,12.4,0.5,1.79,Graduate,Female,Local
1439,1,1,1,9085,1,1,138.0,1,38,37,9,6,126.8,1,0,0,1,1,0,18,0,0,5,6,4,11.75,0,0,5,10,5,12.571428571428571,1,10.8,1.4,1.74,Graduate,Male,Local
1440,1,1,5,9670,1,1,142.0,1,19,19,7,3,132.9,0,0,0,1,1,0,19,0,0,5,5,4,12.5,0,0,5,5,4,14.25,0,7.6,2.6,0.32,Graduate,Male,Local
1441,1,1,1,171,1,1,115.0,1,1,1,9,9,134.3,1,0,0,1,1,0,25,0,16,17,19,17,11.61111111111111,0,14,17,22,17,12.055555555555555,0,12.4,0.5,1.79,Graduate,Male,Local
1442,1,17,6,9254,1,1,125.0,1,1,1,4,3,120.5,1,0,0,1,1,0,18,0,0,6,6,6,14.0,0,0,6,6,6,14.666666666666666,0,11.1,0.6,2.02,Graduate,Male,Local
1443,1,17,1,9003,1,1,170.0,1,1,4,9,5,144.1,1,0,1,0,1,0,26,0,0,6,8,0,0.0,0,0,6,10,0,0.0,0,16.2,0.3,-0.92,Dropout,Male,Local
1444,1,43,1,9991,0,1,140.0,1,1,1,6,6,100.0,0,0,0,1,1,0,34,0,0,5,5,5,13.8,0,0,5,6,5,13.833333333333334,0,9.4,-0.8,-3.12,Graduate,Male,Local
1445,1,1,2,9254,1,1,110.0,1,4,19,4,3,114.8,1,0,0,0,1,0,18,0,0,5,6,0,0.0,0,0,5,5,0,0.0,0,12.7,3.7,-1.7,Dropout,Male,Local
1446,1,1,1,171,1,1,114.0,1,3,29,3,5,111.9,0,0,0,0,1,0,18,0,0,0,0,0,0.0,0,0,0,0,0,0.0,0,9.4,-0.8,-3.12,Dropout,Male,Local
1447,1,17,3,9119,1,1,138.0,1,1,19,4,3,125.4,1,0,0,1,1,1,18,0,0,5,9,4,12.25,0,0,5,9,3,12.333333333333334,0,8.9,1.4,3.51,Dropout,Male,Local
1448,1,44,1,9003,1,39,140.0,1,37,37,9,4,140.0,0,0,0,1,1,0,20,0,0,6,12,3,11.5,0,0,6,12,3,13.666666666666666,0,12.4,0.5,1.79,Dropout,Male,Local
1449,1,44,1,9070,1,39,140.0,1,1,19,4,4,140.0,0,0,0,1,1,0,25,0,2,7,9,6,12.571428571428571,0,5,9,9,9,12.555555555555555,0,16.2,0.3,-0.92,Graduate,Male,Local
1450,1,17,1,9130,1,1,132.0,1,2,1,4,1,127.8,0,0,0,1,1,0,18,0,0,6,9,6,12.0,0,0,6,10,5,12.166666666666666,0,11.1,0.6,2.02,Dropout,Male,Local
1451,1,1,1,9003,1,1,148.0,1,19,37,9,9,131.6,1,0,0,1,1,0,19,0,8,12,17,11,12.0,2,4,12,21,12,12.307692307692308,0,15.5,2.8,-4.06,Graduate,Male,Local
1452,1,1,1,171,1,1,132.0,1,1,1,4,1,119.4,1,0,0,1,1,0,20,0,0,0,0,0,0.0,0,0,0,0,0,0.0,0,10.8,1.4,1.74,Dropout,Male,Local
1453,1,18,2,9238,1,1,126.0,1,19,37,5,7,129.9,1,0,0,1,1,1,20,0,1,7,9,6,12.0,0,2,6,6,6,11.166666666666666,0,10.8,1.4,1.74,Graduate,Male,Local
1454,1,1,1,9119,1,1,121.0,1,3,1,2,3,114.0,0,0,0,1,1,0,20,0,0,5,9,4,11.6,0,0,5,7,4,12.25,2,7.6,2.6,0.32,Enrolled,Male,Local
1455,1,1,2,9147,1,1,120.0,1,1,37,4,9,113.4,1,0,0,1,1,1,19,0,0,5,5,0,0.0,0,0,5,5,0,0.0,0,11.1,0.6,2.02,Dropout,Male,Local
1456,1,1,1,9147,1,1,123.0,1,1,19,4,5,117.8,0,0,0,1,1,0,20,0,0,5,9,5,12.0,0,0,5,9,4,13.0,0,8.9,1.4,3.51,Enrolled,Male,Local
1457,1,1,6,9500,1,1,122.0,1,1,1,3,7,114.3,1,0,0,1,1,0,18,0,0,7,8,6,13.976666666666668,0,0,8,12,6,12.041666666666666,1,11.1,0.6,2.02,Enrolled,Male,Local
1458,1,1,1,9670,1,1,136.0,1,2,38,143,163,129.7,1,0,0,1,1,0,19,0,0,6,10,4,12.5,0,0,6,12,1,10.0,3,16.2,0.3,-0.92,Enrolled,Male,Local
1459,1,18,1,9147,1,1,119.0,1,37,37,7,7,112.0,1,0,0,0,1,0,20,0,0,5,5,0,0.0,0,0,5,0,0,0.0,0,9.4,-0.8,-3.12,Dropout,Male,Local
1460,1,39,1,9670,1,1,120.0,1,38,37,7,7,140.0,0,0,0,1,1,0,24,0,0,6,15,4,10.5,0,0,6,16,4,12.5,0,15.5,2.8,-4.06,Dropout,Male,Local
1461,1,44,1,9003,1,39,150.0,1,38,38,9,8,150.0,1,0,0,1,1,0,20,0,0,6,8,5,12.857142857142858,0,0,6,11,6,12.3,0,16.2,0.3,-0.92,Graduate,Male,Local
1462,1,1,3,9670,1,1,121.0,1,3,19,2,8,122.4,1,0,0,1,1,0,19,0,0,5,7,3,11.666666666666666,0,0,5,5,4,12.0,0,9.4,-0.8,-3.12,Enrolled,Male,Local
1463,1,51,1,9119,1,1,140.0,1,1,19,4,4,150.0,0,0,0,1,1,0,23,0,0,5,7,2,13.0,0,0,5,11,1,10.0,0,8.9,1.4,3.51,Dropout,Male,Local
1464,1,17,2,9254,1,1,135.0,1,19,19,4,3,135.0,1,0,0,1,1,0,20,0,0,6,8,6,11.833333333333334,0,0,6,9,5,10.4,0,7.6,2.6,0.32,Enrolled,Male,Local
1465,1,43,4,8014,0,1,116.0,1,34,34,0,0,116.2,0,0,0,1,1,0,21,0,9,11,11,11,12.454545454545457,0,3,11,17,8,12.75,0,9.4,-0.8,-3.12,Graduate,Male,Local
1466,1,17,2,9119,1,1,120.0,1,10,12,9,9,120.4,1,0,0,1,1,0,20,0,0,5,6,3,11.0,0,0,5,6,0,0.0,0,10.8,1.4,1.74,Dropout,Male,Local
1467,2,17,5,9119,1,1,126.0,1,37,38,4,4,122.9,1,0,0,1,1,0,21,0,0,5,10,4,13.2,0,0,5,7,4,14.25,2,7.6,2.6,0.32,Enrolled,Male,Local
1468,1,1,1,9773,1,1,170.0,1,1,19,9,7,155.0,0,0,0,1,1,1,18,0,0,6,6,6,15.5,0,0,6,6,6,14.166666666666666,0,11.1,0.6,2.02,Graduate,Male,Local
1469,1,1,3,9254,1,1,123.0,1,1,1,4,3,123.4,1,0,0,1,1,0,18,0,0,6,8,6,12.333333333333334,0,0,6,6,6,13.666666666666666,0,11.1,0.6,2.02,Graduate,Male,Local
1470,1,17,1,9147,1,1,120.0,1,3,38,3,7,124.2,1,0,0,1,1,0,18,0,0,5,13,5,12.0,0,0,5,9,4,11.4,0,13.9,-0.3,0.79,Enrolled,Male,Local
1471,1,44,1,9003,1,39,130.0,1,3,3,7,1,130.0,1,0,0,1,1,0,20,0,0,6,12,4,11.6,0,0,6,11,5,11.5,0,15.5,2.8,-4.06,Enrolled,Male,Local
1472,1,17,1,9773,1,1,130.0,1,19,38,4,9,126.2,0,0,0,1,1,1,18,0,0,6,7,6,11.333333333333334,0,0,6,8,6,12.285714285714286,0,16.2,0.3,-0.92,Graduate,Male,Local
1473,1,17,1,9773,1,1,117.0,1,37,37,0,4,120.5,1,0,0,1,1,0,19,0,0,6,12,0,0.0,1,0,6,0,0,0.0,0,9.4,-0.8,-3.12,Dropout,Male,Local
1474,1,17,1,9119,1,1,131.0,1,1,3,9,10,123.7,1,0,0,1,1,0,20,0,0,5,7,4,12.0,0,0,5,8,2,12.5,0,10.8,1.4,1.74,Enrolled,Male,Local
1475,1,17,1,9130,1,1,130.0,1,19,38,4,7,122.5,0,0,0,1,1,0,19,0,0,5,11,4,12.0,1,0,5,9,5,12.6,0,9.4,-0.8,-3.12,Graduate,Male,Local
1476,1,39,1,9991,0,1,133.0,1,37,37,9,5,139.2,1,0,1,1,1,0,33,0,0,5,11,2,12.5,0,0,5,9,2,11.5,1,12.7,3.7,-1.7,Dropout,Male,Local
1477,1,51,1,171,1,1,128.0,1,2,1,3,3,131.2,1,0,0,1,1,0,21,0,6,12,12,12,13.666666666666666,0,4,11,16,11,13.0,0,8.9,1.4,3.51,Graduate,Male,Local
1478,2,39,1,9003,1,1,133.1,1,1,19,4,4,120.0,0,0,1,0,1,0,25,0,0,6,17,2,14.5,2,0,6,13,0,0.0,1,15.5,2.8,-4.06,Dropout,Male,Local
1479,1,1,1,9085,1,1,123.0,1,1,1,4,9,116.7,1,0,0,1,1,1,20,0,0,6,10,4,13.2,0,0,6,8,0,0.0,0,12.4,0.5,1.79,Dropout,Male,Local
1480,1,53,1,9085,1,42,150.0,1,1,1,9,4,150.0,1,0,0,1,1,1,22,0,1,7,11,5,12.166666666666666,0,4,8,14,5,14.8,0,8.9,1.4,3.51,Dropout,Male,Local
1481,4,39,1,9773,1,19,133.1,1,37,37,9,1,117.5,0,0,0,1,0,0,39,0,0,6,10,4,11.25,0,0,6,6,6,11.333333333333334,0,10.8,1.4,1.74,Graduate,Female,Local
1482,1,1,2,9670,1,1,140.0,1,3,1,2,6,137.6,1,0,0,1,1,1,21,0,0,6,8,6,15.166666666666666,0,0,6,7,6,14.428571428571429,0,8.9,1.4,3.51,Graduate,Male,Local
1483,1,17,1,9254,1,1,126.0,1,1,1,9,9,124.3,0,0,0,1,0,1,19,0,0,6,8,6,11.166666666666666,0,0,6,7,4,13.4,0,16.2,0.3,-0.92,Graduate,Female,Local
1484,1,39,1,9500,1,19,133.1,1,37,37,9,7,116.0,0,0,0,1,0,1,26,0,0,7,8,6,10.983333333333334,0,0,7,8,6,10.983333333333334,0,7.6,2.6,0.32,Graduate,Female,Local
1485,1,18,2,9238,1,1,121.0,1,19,1,4,3,121.4,1,0,0,1,0,1,19,0,0,6,8,4,10.75,0,0,6,11,5,11.5,0,15.5,2.8,-4.06,Graduate,Female,Local
1486,1,53,1,9085,1,42,140.0,1,1,3,4,2,142.8,1,0,0,0,0,1,20,0,7,12,15,11,13.384615384615383,0,4,9,13,7,14.285714285714286,0,8.9,1.4,3.51,Graduate,Female,Local
1487,1,17,1,9670,1,1,133.1,1,1,37,4,9,96.0,1,0,0,1,0,1,25,0,0,6,8,6,11.285714285714286,0,0,6,10,5,12.2,0,15.5,2.8,-4.06,Enrolled,Female,Local
1488,1,43,1,8014,0,1,131.0,1,19,37,8,5,125.0,0,0,0,1,1,0,24,0,0,6,13,0,0.0,3,0,6,6,0,0.0,0,16.2,0.3,-0.92,Dropout,Male,Local
1489,1,17,6,9119,1,1,124.0,1,19,19,4,0,126.1,1,0,0,1,1,0,20,0,0,5,7,4,13.0,0,0,5,9,5,14.833333333333334,3,7.6,2.6,0.32,Graduate,Male,Local
1490,2,39,1,9003,1,1,120.0,1,37,37,9,9,155.8,0,0,0,1,1,0,29,0,0,6,9,6,16.11111111111111,0,0,6,7,6,13.5,0,13.9,-0.3,0.79,Graduate,Male,Local
1491,1,1,1,9773,1,1,133.1,1,1,3,9,9,116.0,0,0,0,1,1,0,20,0,0,6,8,6,11.5,0,0,6,8,6,11.0,0,16.2,0.3,-0.92,Graduate,Male,Local
1492,1,44,1,9130,1,39,110.0,1,3,4,2,2,110.0,1,0,0,1,1,0,20,0,0,6,15,4,10.75,0,0,6,12,2,10.5,0,13.9,-0.3,0.79,Dropout,Male,Local
1493,1,39,1,9670,1,19,133.1,1,19,1,5,8,97.2,1,0,0,1,1,1,24,0,0,6,10,4,11.6,0,0,6,8,5,13.0,0,11.1,0.6,2.02,Graduate,Male,Local
1494,1,39,1,9500,1,19,133.1,1,1,3,2,2,100.0,0,0,1,1,1,0,24,0,0,7,21,0,0.0,3,0,7,7,0,0.0,0,16.2,0.3,-0.92,Dropout,Male,Local
1495,1,7,1,9119,1,40,140.0,1,3,1,2,5,140.0,0,0,0,1,1,0,23,0,0,5,5,5,13.8,0,0,5,7,5,14.142857142857142,0,11.1,0.6,2.02,Graduate,Male,Local
1496,1,43,1,9556,1,1,130.0,1,1,37,5,5,128.0,1,0,0,1,1,0,20,0,0,7,8,7,13.585714285714284,0,0,8,8,8,14.6875,0,15.5,2.8,-4.06,Graduate,Male,Local
1497,1,17,2,9670,1,1,110.0,1,1,1,4,10,115.3,1,0,0,1,1,0,19,0,0,6,8,6,13.857142857142858,0,0,6,8,5,13.0,0,15.5,2.8,-4.06,Graduate,Male,Local
1498,4,39,1,9003,1,1,140.0,1,37,37,9,8,150.0,0,0,0,1,1,0,28,0,0,6,12,5,12.0,0,0,6,10,6,12.333333333333334,0,11.1,0.6,2.02,Enrolled,Male,Local
1499,1,44,1,9003,1,39,160.0,1,1,38,4,4,160.0,1,0,0,1,1,1,20,0,0,6,9,6,13.444444444444445,0,0,6,9,5,12.6,0,13.9,-0.3,0.79,Graduate,Male,Local
1500,1,1,1,9070,1,1,138.0,1,38,37,3,3,133.1,0,0,0,1,1,0,18,0,0,6,6,6,14.0,0,0,6,7,6,13.857142857142858,0,8.9,1.4,3.51,Graduate,Male,Local
1501,1,1,1,9670,1,1,126.0,1,1,1,90,90,119.0,1,0,1,1,1,0,20,0,0,6,10,1,12.0,1,0,6,0,0,0.0,0,10.8,1.4,1.74,Dropout,Male,Local
1502,2,39,1,9991,0,1,120.0,1,37,19,5,3,156.0,1,0,0,1,1,0,33,0,0,5,5,5,14.2,0,0,5,6,5,13.833333333333334,0,10.8,1.4,1.74,Graduate,Male,Local
1503,2,39,1,9500,1,1,130.0,1,37,37,191,183,163.7,0,0,0,1,0,0,35,0,0,7,11,5,13.34,0,0,7,9,5,10.84,0,12.4,0.5,1.79,Enrolled,Female,Local
1504,1,39,1,9500,1,40,130.0,1,37,37,9,7,130.0,0,0,0,1,0,0,27,0,3,8,12,7,12.457142857142856,0,3,8,12,7,12.457142857142856,0,12.7,3.7,-1.7,Enrolled,Female,Local
1505,1,17,5,9773,1,1,122.0,1,38,38,7,7,123.1,1,0,0,0,0,0,19,0,0,6,12,3,11.0,0,0,6,12,3,12.0,0,9.4,-0.8,-3.12,Dropout,Female,Local
1506,1,39,1,9991,0,1,160.0,41,37,19,9,9,160.0,0,0,0,1,0,1,31,1,0,5,13,4,10.5,0,0,5,10,4,10.5,0,15.5,2.8,-4.06,Enrolled,Female,International
1507,1,1,1,171,1,1,134.0,1,19,37,7,7,136.1,1,0,0,1,1,0,19,0,0,0,0,0,0.0,0,0,0,0,0,0.0,0,9.4,-0.8,-3.12,Graduate,Male,Local
1508,1,43,1,9070,1,1,134.0,1,19,37,7,7,132.7,1,0,0,1,1,0,22,0,9,13,13,13,14.0,0,7,12,13,12,13.0,0,15.5,2.8,-4.06,Graduate,Male,Local
1509,1,43,1,9500,1,1,140.0,100,1,1,6,6,128.2,0,0,0,1,0,0,39,1,0,7,0,0,0.0,0,0,8,0,0,0.0,0,12.7,3.7,-1.7,Dropout,Female,International
1510,1,17,1,9254,1,1,127.0,1,1,1,4,8,126.7,1,0,0,0,1,0,22,0,0,1,1,0,0.0,0,0,6,0,0,0.0,0,12.4,0.5,1.79,Dropout,Male,Local
1511,2,39,1,9991,0,1,133.1,1,37,19,9,10,150.0,0,0,0,1,1,0,47,0,0,5,8,4,10.0,0,0,5,8,4,12.5,0,9.4,-0.8,-3.12,Enrolled,Male,Local
1512,1,17,1,171,1,1,143.0,1,19,37,5,9,156.3,1,0,0,1,1,1,19,0,0,0,0,0,0.0,0,0,0,0,0,0.0,0,11.1,0.6,2.02,Graduate,Male,Local
1513,1,10,1,9254,1,1,115.0,24,3,1,9,9,116.1,1,0,0,1,0,0,19,1,0,6,6,6,13.5,0,0,6,6,6,14.333333333333334,0,12.4,0.5,1.79,Graduate,Female,International
1514,1,17,1,9500,1,1,131.0,1,19,37,9,9,123.8,1,0,0,1,0,0,19,0,0,7,0,0,0.0,0,0,8,0,0,0.0,0,15.5,2.8,-4.06,Dropout,Female,Local
1515,1,1,1,171,1,1,146.0,1,19,37,9,7,153.0,1,0,0,1,0,1,21,0,15,17,18,17,13.38888888888889,0,15,17,18,17,14.88888888888889,0,11.1,0.6,2.02,Graduate,Female,Local
1516,1,7,1,9500,1,5,140.0,1,19,1,4,1,140.0,1,0,0,0,0,0,39,0,0,7,0,0,0.0,0,0,8,0,0,0.0,0,12.4,0.5,1.79,Dropout,Female,Local
1517,1,17,1,171,1,1,135.0,1,19,1,4,1,131.9,1,0,0,1,1,0,19,0,6,12,12,12,13.583333333333334,0,4,11,12,11,13.583333333333334,0,8.9,1.4,3.51,Graduate,Male,Local
1518,1,1,1,171,1,1,133.0,1,37,19,9,8,141.4,0,0,0,1,1,1,20,0,0,0,0,0,0.0,0,0,0,0,0,0.0,0,13.9,-0.3,0.79,Enrolled,Male,Local
1519,1,39,1,9147,1,12,133.1,1,1,1,9,4,140.0,1,0,1,0,1,0,24,0,0,5,5,0,0.0,0,0,5,5,0,0.0,0,12.7,3.7,-1.7,Dropout,Male,Local
1520,1,39,1,9991,0,1,120.0,1,19,19,9,9,115.0,1,0,0,1,1,0,27,0,0,5,9,1,10.0,0,0,5,5,0,0.0,0,12.7,3.7,-1.7,Dropout,Male,Local
1521,2,39,1,9991,0,1,133.1,1,37,37,9,9,168.0,0,0,0,1,1,0,29,0,0,5,5,5,15.2,0,0,5,5,5,15.2,0,11.1,0.6,2.02,Graduate,Male,Local
1522,1,17,1,9085,1,1,130.0,1,19,1,9,4,101.3,1,0,0,1,1,0,20,0,0,6,12,4,12.8,0,0,6,17,0,0.0,0,12.4,0.5,1.79,Dropout,Male,Local
1523,1,1,1,9670,1,1,125.0,1,19,1,7,4,122.6,0,0,0,1,1,0,21,0,0,5,7,5,11.166666666666666,0,0,5,5,4,11.0,0,9.4,-0.8,-3.12,Dropout,Male,Local
1524,1,1,1,171,1,1,134.0,1,3,2,2,2,141.7,1,0,0,1,1,0,18,0,0,0,0,0,0.0,0,0,0,0,0,0.0,0,7.6,2.6,0.32,Enrolled,Male,Local
1525,1,1,1,9500,1,1,151.0,1,1,1,4,3,132.3,0,0,0,1,1,0,19,0,0,8,9,7,12.828571428571427,0,0,8,9,7,12.828571428571427,0,12.7,3.7,-1.7,Graduate,Male,Local
1526,1,17,1,9773,1,1,112.0,1,1,1,5,1,111.7,0,0,1,0,1,0,19,0,0,6,6,6,12.5,0,0,6,10,4,12.6,0,15.5,2.8,-4.06,Dropout,Male,Local
1527,1,39,1,9119,1,1,120.0,1,37,37,9,9,98.7,0,0,0,1,1,1,28,0,0,5,12,3,10.0,0,0,5,10,3,12.4,0,12.4,0.5,1.79,Graduate,Male,Local
1528,1,15,1,9254,1,1,140.0,26,19,1,9,7,140.0,1,0,0,0,0,0,21,1,0,6,6,6,11.5,0,0,6,10,4,13.25,0,13.9,-0.3,0.79,Graduate,Female,International
1529,1,10,1,9500,1,1,140.0,24,3,3,2,9,140.0,1,0,1,0,0,0,23,1,0,8,11,7,11.328571428571427,0,0,8,11,7,11.328571428571427,0,12.7,3.7,-1.7,Dropout,Female,International
1530,4,39,1,9003,1,1,133.1,1,19,19,9,4,100.7,0,0,0,1,0,0,39,0,0,6,15,2,13.0,2,0,6,13,3,13.0,1,15.5,2.8,-4.06,Enrolled,Female,Local
1531,1,17,3,9500,1,1,143.0,1,38,1,9,5,133.8,1,0,0,1,0,0,18,0,0,7,7,6,13.033333333333331,0,0,7,7,6,13.033333333333331,0,7.6,2.6,0.32,Graduate,Female,Local
1532,2,15,1,9773,1,1,133.1,41,37,37,9,6,100.0,0,0,0,1,0,0,59,1,0,6,8,6,12.166666666666666,0,0,6,7,4,11.75,0,11.1,0.6,2.02,Graduate,Female,International
1533,1,7,1,9119,1,4,180.0,1,4,3,2,7,180.0,0,0,1,1,1,0,30,0,0,5,6,4,14.5,0,0,5,10,3,16.2,0,13.9,-0.3,0.79,Enrolled,Male,Local
1534,1,1,1,9085,1,1,136.0,1,1,38,9,9,130.8,1,0,0,1,0,0,18,0,0,5,7,5,14.4,1,0,5,5,5,13.6,0,12.7,3.7,-1.7,Graduate,Female,Local
1535,2,44,1,9991,0,39,140.0,1,37,37,9,9,140.0,0,0,0,1,0,0,41,0,2,6,10,4,12.25,0,3,7,9,6,12.5,0,9.4,-0.8,-3.12,Enrolled,Female,Local
1536,1,39,1,9500,1,1,130.0,1,37,19,9,8,106.2,1,0,0,1,0,0,27,0,0,7,14,0,0.0,0,0,7,14,0,0.0,0,11.1,0.6,2.02,Dropout,Female,Local
1537,1,1,1,9238,1,1,141.0,1,38,19,9,10,125.6,1,0,0,1,0,1,18,0,0,6,6,6,12.666666666666666,0,0,6,6,6,12.0,0,9.4,-0.8,-3.12,Graduate,Female,Local
1538,1,18,5,9853,1,1,121.0,1,38,19,7,7,117.5,1,0,1,0,0,0,20,0,0,6,14,2,12.0,0,0,6,14,3,11.666666666666666,0,10.8,1.4,1.74,Dropout,Female,Local
1539,2,39,1,9119,1,3,120.0,1,37,37,4,7,122.5,0,0,0,0,0,0,32,0,0,5,6,0,0.0,0,0,5,5,0,0.0,0,12.7,3.7,-1.7,Dropout,Female,Local
1540,1,17,1,9147,1,1,129.0,1,38,37,3,5,132.9,1,0,0,1,0,0,19,0,0,5,5,3,11.666666666666666,0,0,5,10,4,10.8,0,9.4,-0.8,-3.12,Dropout,Female,Local
1541,2,39,1,9853,1,12,133.1,1,37,37,7,8,103.0,0,0,0,1,0,0,41,0,0,6,0,0,0.0,0,0,6,0,0,0.0,0,16.2,0.3,-0.92,Dropout,Female,Local
1542,4,17,5,8014,0,1,100.0,1,19,19,90,90,107.0,0,0,0,1,0,0,38,0,0,5,12,1,10.0,0,0,5,10,0,0.0,0,10.8,1.4,1.74,Dropout,Female,Local
1543,1,7,1,9130,1,2,133.1,6,42,1,4,9,100.0,0,0,0,1,1,0,35,1,0,7,8,0,0.0,1,0,6,9,0,0.0,0,8.9,1.4,3.51,Dropout,Male,International
1544,1,39,1,8014,0,1,133.1,1,34,34,0,0,100.0,1,0,0,1,0,0,27,0,0,6,11,4,12.25,0,0,6,16,3,12.0,0,7.6,2.6,0.32,Dropout,Female,Local
1545,1,17,1,9070,1,1,139.0,1,1,37,4,9,131.3,1,0,0,1,0,0,19,0,0,6,10,4,12.0,1,0,6,6,6,12.5,0,7.6,2.6,0.32,Graduate,Female,Local
1546,1,18,1,9773,1,1,125.0,1,19,37,9,5,122.2,0,0,0,0,0,0,18,0,0,6,7,5,12.6,0,0,6,6,5,11.8,0,11.1,0.6,2.02,Enrolled,Female,Local
1547,2,39,1,9991,0,9,133.1,1,34,34,0,0,118.4,0,0,0,0,0,0,39,0,0,5,5,0,0.0,0,0,5,5,0,0.0,0,7.6,2.6,0.32,Dropout,Female,Local
1548,2,7,1,9254,1,2,100.0,1,37,37,9,9,100.0,0,0,0,0,0,0,37,0,0,5,5,0,0.0,0,0,5,10,0,0.0,0,10.8,1.4,1.74,Dropout,Female,Local
1549,5,39,1,9500,1,1,110.0,1,38,38,9,9,110.0,0,0,0,0,0,0,37,0,0,8,8,0,0.0,1,0,8,8,0,0.0,1,12.7,3.7,-1.7,Dropout,Female,Local
1550,2,43,1,8014,0,1,133.1,1,34,34,0,0,100.0,0,0,0,1,0,1,35,0,11,16,16,16,12.6875,0,11,13,13,13,12.0,0,9.4,-0.8,-3.12,Graduate,Female,Local
1551,1,43,1,9147,1,1,123.0,1,37,37,9,9,106.2,0,0,0,1,0,0,49,0,9,13,22,10,10.4,0,4,9,18,6,10.666666666666666,0,12.7,3.7,-1.7,Graduate,Female,Local
1552,1,7,1,9147,1,40,110.0,1,37,37,9,9,110.0,0,0,0,1,0,0,52,0,11,15,26,14,10.466666666666669,0,9,12,16,12,10.923076923076923,0,13.9,-0.3,0.79,Graduate,Female,Local
1553,1,1,2,9085,1,1,130.0,1,1,38,5,5,122.3,1,0,0,1,0,0,18,0,0,5,10,5,14.333333333333334,2,0,5,8,5,13.0,1,9.4,-0.8,-3.12,Graduate,Female,Local
1554,1,39,1,8014,0,1,133.1,1,37,37,9,9,112.5,0,0,0,1,0,1,30,0,0,7,7,6,14.666666666666666,1,0,6,7,6,14.333333333333334,0,10.8,1.4,1.74,Graduate,Female,Local
1555,1,1,2,9500,1,1,97.0,1,1,19,2,7,98.1,1,0,0,1,0,0,21,0,0,7,7,7,12.835714285714284,0,0,8,8,8,14.23125,0,11.1,0.6,2.02,Graduate,Female,Local
1556,1,1,1,9119,1,1,130.0,1,37,19,9,5,140.2,1,0,0,1,1,0,20,0,0,5,5,0,0.0,0,0,5,0,0,0.0,0,9.4,-0.8,-3.12,Dropout,Male,Local
1557,1,17,1,9147,1,1,139.0,1,1,38,6,6,143.6,1,0,1,1,1,0,18,0,0,5,9,0,0.0,0,0,5,5,0,0.0,0,7.6,2.6,0.32,Enrolled,Male,Local
1558,1,16,1,171,1,1,150.0,1,37,37,9,9,134.6,1,0,0,1,1,0,19,0,0,0,0,0,0.0,0,0,0,0,0,0.0,0,7.6,2.6,0.32,Dropout,Male,Local
1559,1,1,3,9500,1,1,141.0,1,3,19,2,10,126.8,1,0,0,1,1,0,18,0,0,8,8,8,13.24875,0,0,8,8,8,13.24875,0,9.4,-0.8,-3.12,Graduate,Male,Local
1560,1,15,1,33,1,1,133.1,41,2,3,2,4,100.0,0,0,0,1,1,0,20,1,0,7,10,7,12.857142857142858,0,0,7,7,4,12.75,0,8.9,1.4,3.51,Enrolled,Male,International
1561,1,17,1,9130,1,1,137.0,1,38,19,5,7,130.0,1,0,0,1,0,0,21,0,0,6,12,5,13.6,0,0,6,10,4,14.25,0,12.4,0.5,1.79,Enrolled,Female,Local
1562,1,1,4,9147,1,1,116.0,1,1,1,3,4,113.6,1,0,0,1,0,1,22,0,0,5,6,3,14.0,0,0,5,8,5,12.4,0,11.1,0.6,2.02,Graduate,Female,Local
1563,1,44,1,9130,1,39,140.0,1,19,19,5,5,140.0,1,0,1,0,0,0,20,0,1,6,11,3,12.0,0,0,6,11,2,11.0,0,12.4,0.5,1.79,Enrolled,Female,Local
1564,1,17,4,9085,1,1,106.0,1,37,1,3,9,106.0,0,0,0,1,0,0,20,0,0,6,9,6,13.166666666666666,0,0,6,8,4,14.0,0,13.9,-0.3,0.79,Enrolled,Female,Local
1565,1,17,6,9238,1,1,135.0,1,1,19,7,7,126.6,1,0,0,1,0,1,19,0,0,6,8,6,13.625,0,0,6,7,6,12.166666666666666,0,12.7,3.7,-1.7,Graduate,Female,Local
1566,1,17,5,9500,1,1,144.0,1,19,38,9,5,130.7,1,0,0,1,0,1,18,0,0,7,8,7,14.85,0,0,8,9,8,15.61111111111111,0,13.9,-0.3,0.79,Graduate,Female,Local
1567,1,1,2,9147,1,1,108.0,1,1,19,4,4,105.9,1,0,0,1,1,0,21,0,0,5,9,4,10.75,0,0,5,6,5,11.4,0,11.1,0.6,2.02,Graduate,Male,Local
1568,1,15,1,9556,1,1,137.0,26,19,1,9,4,137.0,0,0,1,1,0,0,19,1,0,7,11,0,0.0,4,0,7,11,2,11.666666666666666,0,8.9,1.4,3.51,Enrolled,Female,International
1569,1,43,1,9130,1,1,133.1,6,37,37,9,6,100.0,0,0,0,1,0,0,37,1,0,6,0,0,0.0,0,0,6,0,0,0.0,0,13.9,-0.3,0.79,Dropout,Female,International
1570,2,1,1,8014,0,1,121.0,1,37,37,9,9,114.4,1,0,0,1,0,0,45,0,8,12,14,12,14.0,0,2,7,12,7,13.857142857142858,0,7.6,2.6,0.32,Enrolled,Female,Local
1571,1,39,1,9003,1,19,133.1,1,37,37,9,10,120.0,0,0,1,0,1,0,38,0,0,6,8,0,0.0,0,0,6,10,0,0.0,0,16.2,0.3,-0.92,Dropout,Male,Local
1572,6,39,1,9991,0,12,130.0,1,37,37,90,90,119.0,1,0,0,0,1,0,55,0,0,5,5,0,0.0,0,0,5,5,0,0.0,0,7.6,2.6,0.32,Dropout,Male,Local
1573,5,39,1,9003,1,1,133.1,1,37,37,9,7,110.0,0,0,1,0,0,0,28,0,0,6,17,5,13.0,0,0,6,11,4,11.75,0,13.9,-0.3,0.79,Dropout,Female,Local
1574,5,7,1,9991,0,2,120.0,1,37,37,6,6,120.0,0,0,0,1,0,0,46,0,6,8,12,8,12.375,0,4,9,11,5,12.4,0,8.9,1.4,3.51,Graduate,Female,Local
1575,1,1,4,171,1,1,131.0,1,19,19,4,4,119.8,1,1,0,1,0,0,22,0,0,0,0,0,0.0,0,0,0,0,0,0.0,0,16.2,0.3,-0.92,Graduate,Female,Local
1576,2,39,2,9670,1,19,133.1,1,37,37,9,9,135.6,0,0,0,1,0,0,46,0,0,6,10,5,11.4,0,0,6,9,4,13.75,0,12.4,0.5,1.79,Dropout,Female,Local
1577,1,39,1,9991,0,1,100.0,1,19,37,5,5,120.7,0,0,0,1,0,0,28,0,0,5,9,4,11.25,0,0,5,7,4,13.0,0,7.6,2.6,0.32,Enrolled,Female,Local
1578,1,1,3,9085,1,1,131.0,1,37,19,9,8,136.3,1,0,1,0,0,0,18,0,0,5,7,3,13.0,0,0,5,8,3,12.0,0,7.6,2.6,0.32,Dropout,Female,Local
1579,1,16,1,171,1,1,158.0,1,38,37,9,9,164.3,1,0,0,1,1,1,18,0,0,0,0,0,0.0,0,0,0,0,0,0.0,0,10.8,1.4,1.74,Enrolled,Male,Local
1580,1,1,1,9773,1,1,146.0,1,37,37,9,7,149.2,1,0,0,1,1,1,21,0,0,6,6,6,13.5,0,0,6,6,6,14.166666666666666,0,12.7,3.7,-1.7,Graduate,Male,Local
1581,1,16,2,9070,1,1,133.0,1,1,3,4,2,122.5,1,0,0,1,0,0,18,0,0,6,11,1,11.0,1,0,6,11,4,11.0,4,7.6,2.6,0.32,Enrolled,Female,Local
1582,1,43,1,9991,0,1,120.0,1,19,37,3,9,100.0,0,0,0,1,0,0,34,0,0,5,9,0,0.0,0,0,5,10,1,11.0,0,13.9,-0.3,0.79,Dropout,Female,Local
1583,1,17,1,9853,1,1,119.0,1,37,38,9,9,125.0,1,0,0,1,0,1,21,0,0,6,9,5,12.0,0,0,6,8,5,11.2,0,10.8,1.4,1.74,Dropout,Female,Local
1584,1,1,1,9773,1,1,132.0,1,37,19,9,9,131.0,1,0,0,1,0,1,18,0,0,6,8,5,13.0,0,0,6,7,6,13.0,0,15.5,2.8,-4.06,Graduate,Female,Local
1585,1,1,1,171,1,1,130.0,1,29,38,9,8,122.0,1,0,0,1,1,0,20,0,0,0,0,0,0.0,0,0,0,0,0,0.0,0,7.6,2.6,0.32,Graduate,Male,Local
1586,1,1,1,9147,1,1,132.0,1,38,37,7,7,131.3,1,0,0,1,0,0,18,0,0,5,8,4,12.0,0,0,5,8,4,12.25,0,9.4,-0.8,-3.12,Enrolled,Female,Local
1587,1,17,2,9119,1,1,133.1,1,1,2,3,3,117.0,1,0,0,1,1,0,21,0,0,5,10,5,11.166666666666666,0,0,5,10,3,10.8,0,12.4,0.5,1.79,Enrolled,Male,Local
1588,1,17,1,9254,1,1,119.0,1,37,37,5,4,118.0,1,0,0,1,1,0,19,0,0,6,13,2,10.5,0,0,6,11,1,12.0,0,10.8,1.4,1.74,Dropout,Male,Local
1589,1,17,2,8014,0,1,134.0,1,1,19,4,99,126.0,1,0,0,1,1,0,22,0,0,6,7,6,12.666666666666666,0,0,6,6,6,12.166666666666666,0,7.6,2.6,0.32,Graduate,Male,Local
1590,1,44,1,9003,1,39,120.0,1,1,19,4,7,120.0,0,0,0,1,1,0,23,0,1,6,6,1,11.0,0,0,6,8,0,0.0,0,15.5,2.8,-4.06,Dropout,Male,Local
1591,1,17,4,171,1,1,172.0,1,3,1,2,10,155.6,1,0,0,1,1,0,19,0,0,0,0,0,0.0,0,0,0,0,0,0.0,0,9.4,-0.8,-3.12,Dropout,Male,Local
1592,1,1,4,9147,1,1,120.0,1,19,38,5,5,122.8,1,0,0,1,1,0,18,0,0,5,6,4,11.5,0,0,5,12,2,10.333333333333334,0,10.8,1.4,1.74,Enrolled,Male,Local
1593,1,1,3,171,1,1,129.0,1,38,37,9,3,127.3,1,0,1,0,1,1,19,0,0,0,0,0,0.0,0,0,0,0,0,0.0,0,9.4,-0.8,-3.12,Dropout,Male,Local
1594,1,17,1,9147,1,1,118.0,1,1,38,9,9,118.4,1,0,0,1,1,0,19,0,0,5,10,2,10.5,0,0,5,5,4,11.75,0,12.4,0.5,1.79,Enrolled,Male,Local
1595,1,1,1,9670,1,1,127.0,1,1,37,4,9,128.1,0,0,0,1,1,0,19,0,0,5,8,4,12.5,0,0,5,6,4,11.0,0,7.6,2.6,0.32,Enrolled,Male,Local
1596,1,1,2,9500,1,1,133.1,1,37,37,9,9,99.0,1,0,0,1,1,0,22,0,0,7,9,6,12.833333333333334,0,0,8,12,6,12.5,0,16.2,0.3,-0.92,Enrolled,Male,Local
1597,1,1,1,9773,1,1,164.0,1,19,1,9,9,161.2,0,0,0,1,1,1,18,0,0,6,7,6,15.571428571428571,0,0,6,7,6,16.142857142857142,0,13.9,-0.3,0.79,Graduate,Male,Local
1598,1,17,1,9238,1,1,136.0,1,37,37,7,7,140.9,1,0,0,1,1,0,18,0,0,6,10,4,12.0,0,0,6,7,5,11.8,0,9.4,-0.8,-3.12,Dropout,Male,Local
1599,1,17,1,9773,1,1,117.0,1,38,38,9,9,111.1,0,0,1,1,1,0,19,0,0,6,6,4,11.25,0,0,6,6,3,11.333333333333334,0,16.2,0.3,-0.92,Dropout,Male,Local
1600,1,1,4,171,1,1,131.0,1,1,1,0,3,149.9,1,0,0,1,1,0,18,0,0,0,0,0,0.0,0,0,0,0,0,0.0,0,11.1,0.6,2.02,Graduate,Male,Local
1601,1,17,6,9670,1,1,110.0,1,1,19,4,10,111.3,0,0,0,1,1,0,21,0,0,6,10,6,12.285714285714286,0,0,6,11,4,14.25,0,15.5,2.8,-4.06,Enrolled,Male,Local
1602,1,1,2,9254,1,1,125.0,1,1,19,4,1,121.5,1,0,0,1,1,0,18,0,0,6,12,5,11.0,0,0,6,11,3,10.333333333333334,0,9.4,-0.8,-3.12,Enrolled,Male,Local
1603,1,44,1,9003,1,39,120.0,1,19,38,6,6,120.0,1,0,0,1,1,0,19,0,0,6,8,6,12.142857142857142,0,0,6,11,5,13.6,0,12.4,0.5,1.79,Graduate,Male,Local
1604,1,39,1,9003,1,19,133.1,1,1,19,9,8,120.0,0,0,1,0,1,0,27,0,0,6,11,2,11.5,0,0,6,7,0,0.0,0,8.9,1.4,3.51,Dropout,Male,Local
1605,1,53,1,9003,1,42,130.0,1,38,38,9,9,130.0,1,0,1,1,1,0,20,0,7,12,16,11,12.545454545454543,0,5,10,12,8,11.625,0,8.9,1.4,3.51,Enrolled,Male,Local
1606,1,1,5,9254,1,1,101.0,1,3,19,3,9,98.9,1,0,0,1,1,0,20,0,0,6,10,4,13.0,0,0,6,6,6,13.0,0,12.4,0.5,1.79,Graduate,Male,Local
1607,1,1,6,9500,1,1,141.0,1,4,3,2,1,136.3,1,0,0,1,1,0,18,0,0,8,9,8,12.8875,1,0,8,9,8,12.8875,1,9.4,-0.8,-3.12,Graduate,Male,Local
1608,1,17,1,9773,1,1,128.0,1,38,19,9,10,125.2,1,0,0,1,1,0,18,0,0,6,6,6,12.666666666666666,0,0,6,7,5,13.6,0,12.4,0.5,1.79,Enrolled,Male,Local
1609,1,1,2,9070,1,1,145.0,1,38,19,7,7,130.0,1,0,0,1,1,0,18,0,0,6,7,6,12.833333333333334,0,0,6,7,6,12.571428571428571,0,8.9,1.4,3.51,Graduate,Male,Local
1610,1,1,1,9147,1,1,160.0,1,1,38,4,7,141.5,1,0,0,1,1,0,18,0,0,5,10,3,10.666666666666666,1,0,5,11,2,12.5,0,9.4,-0.8,-3.12,Dropout,Male,Local
1611,1,16,5,9085,1,1,134.0,1,19,37,8,8,123.9,1,0,0,1,1,0,18,0,0,5,11,5,13.0,2,0,5,7,5,12.4,0,9.4,-0.8,-3.12,Enrolled,Male,Local
1612,1,17,2,9500,1,1,125.0,1,19,19,5,5,114.5,1,0,0,1,0,0,18,0,0,7,11,6,11.983333333333334,0,0,8,12,8,12.28125,0,16.2,0.3,-0.92,Graduate,Female,Local
1613,1,39,1,8014,0,15,133.1,1,34,34,0,0,100.0,1,0,0,0,0,0,37,0,0,5,9,0,0.0,0,0,5,5,0,0.0,5,9.4,-0.8,-3.12,Dropout,Female,Local
1614,2,39,1,8014,0,1,120.0,1,38,37,5,3,110.5,0,0,0,1,0,1,36,0,0,6,6,6,11.833333333333334,0,0,6,6,6,11.5,0,10.8,1.4,1.74,Graduate,Female,Local
1615,2,39,1,9085,1,19,133.1,1,19,19,9,5,101.0,1,0,0,1,0,0,26,0,0,6,21,3,12.666666666666666,0,0,6,15,2,11.0,0,15.5,2.8,-4.06,Dropout,Female,Local
1616,1,1,1,9085,1,1,121.0,1,37,38,6,9,121.0,0,0,0,1,0,0,19,0,0,5,9,4,13.75,1,0,5,8,4,14.5,0,7.6,2.6,0.32,Graduate,Female,Local
1617,1,39,1,8014,0,1,120.0,1,37,1,7,4,95.0,1,0,0,1,0,0,24,0,0,6,8,5,11.4,0,0,6,8,5,11.8,0,15.5,2.8,-4.06,Dropout,Female,Local
1618,1,1,2,9773,1,1,130.0,109,19,1,9,9,126.9,1,0,0,1,0,1,19,1,0,6,8,6,13.166666666666666,0,0,6,6,6,13.0,0,11.1,0.6,2.02,Dropout,Female,International
1619,1,42,1,9670,1,1,130.0,1,1,1,9,10,116.3,1,0,0,1,0,1,20,0,3,7,10,6,12.833333333333334,0,2,8,8,5,11.8,0,12.7,3.7,-1.7,Graduate,Female,Local
1620,1,18,1,9670,1,1,128.0,1,19,3,9,7,120.0,1,0,0,1,0,0,19,0,0,6,8,6,14.125,0,0,6,10,5,14.5,0,11.1,0.6,2.02,Graduate,Female,Local
1621,1,1,1,9085,1,1,126.0,1,38,37,9,9,123.6,1,0,0,1,0,0,21,0,0,5,10,3,11.666666666666666,0,0,5,5,5,13.0,0,10.8,1.4,1.74,Graduate,Female,Local
1622,2,39,1,9556,1,1,120.0,1,37,37,9,4,150.0,0,0,0,0,0,0,50,0,0,7,18,6,10.25,0,0,7,14,4,11.25,0,12.7,3.7,-1.7,Dropout,Female,Local
1623,2,39,1,9556,1,1,100.0,1,37,37,9,9,120.0,0,0,0,1,0,0,47,0,1,7,16,6,12.514285714285716,0,0,7,15,4,11.75,0,12.7,3.7,-1.7,Dropout,Female,Local
1624,1,42,1,9853,1,1,120.0,1,1,19,4,7,111.3,0,0,0,1,0,0,24,0,9,13,17,10,11.5,0,7,13,18,9,10.444444444444445,0,16.2,0.3,-0.92,Dropout,Female,Local
1625,1,39,1,9991,0,1,110.0,1,37,37,7,10,150.0,0,0,0,0,0,0,48,0,0,5,5,1,10.0,0,0,5,5,0,0.0,0,15.5,2.8,-4.06,Dropout,Female,Local
1626,1,1,1,9085,1,1,127.0,1,37,2,9,4,123.2,1,0,0,1,0,1,18,0,0,6,7,6,15.714285714285714,0,0,6,17,5,12.77777777777778,0,12.4,0.5,1.79,Graduate,Female,Local
1627,1,44,1,9991,0,39,130.0,1,37,37,5,5,130.0,1,0,0,1,1,0,32,0,2,6,9,4,12.5,0,3,7,7,4,11.0,0,9.4,-0.8,-3.12,Dropout,Male,Local
1628,1,1,1,9670,1,1,141.0,1,19,3,4,0,137.9,1,0,0,0,1,0,20,0,0,5,6,3,12.0,0,0,5,5,4,12.75,0,7.6,2.6,0.32,Dropout,Male,Local
1629,1,39,1,9119,1,1,120.0,1,37,38,9,8,100.0,0,0,1,1,1,0,24,0,0,5,11,0,0.0,0,0,5,5,0,0.0,0,16.2,0.3,-0.92,Dropout,Male,Local
1630,2,39,1,9130,1,19,133.1,1,37,38,9,9,120.0,0,0,0,1,1,0,53,0,0,5,9,4,12.25,2,0,5,8,4,11.75,0,9.4,-0.8,-3.12,Graduate,Male,Local
1631,2,39,1,9773,1,19,133.1,1,19,19,9,4,131.0,0,0,1,0,1,0,42,0,0,4,5,0,0.0,0,0,4,4,0,0.0,0,13.9,-0.3,0.79,Dropout,Male,Local
1632,2,39,1,9991,0,12,133.1,1,37,37,9,9,133.8,1,0,0,1,1,0,52,0,0,5,5,5,13.6,0,0,5,5,5,14.2,0,7.6,2.6,0.32,Graduate,Male,Local
1633,1,43,1,8014,0,1,130.0,1,38,3,132,122,100.0,0,0,0,1,1,0,54,0,9,13,14,13,13.307692307692308,0,7,11,12,11,12.818181818181818,0,12.7,3.7,-1.7,Enrolled,Male,Local
1634,2,39,1,9991,0,1,110.0,1,37,37,9,10,150.0,0,0,0,1,1,0,49,0,0,5,6,5,12.2,0,0,5,9,5,11.8,0,15.5,2.8,-4.06,Graduate,Male,Local
1635,1,17,1,9670,1,1,125.0,1,38,37,7,5,126.4,0,0,0,1,1,1,18,0,0,6,7,6,12.285714285714286,0,0,6,7,6,13.333333333333334,1,16.2,0.3,-0.92,Graduate,Male,Local
1636,2,39,1,9130,1,1,130.0,1,1,19,6,6,154.0,1,0,0,1,1,0,37,0,1,5,12,3,12.0,2,1,5,8,4,13.0,1,10.8,1.4,1.74,Graduate,Male,Local
1637,1,1,1,9500,1,1,121.0,1,1,1,4,4,114.9,0,0,0,1,1,1,21,0,0,7,9,6,13.342857142857143,0,0,8,10,7,11.65,0,12.4,0.5,1.79,Graduate,Male,Local
1638,1,39,1,9670,1,9,133.1,1,37,37,5,3,110.0,0,0,1,1,1,0,26,0,0,5,5,0,0.0,0,0,5,5,0,0.0,0,9.4,-0.8,-3.12,Dropout,Male,Local
1639,1,1,1,9070,1,1,147.0,1,3,1,2,3,149.8,1,0,0,1,1,0,20,0,5,12,12,11,14.272727272727272,0,5,12,12,11,14.818181818181818,0,16.2,0.3,-0.92,Graduate,Male,Local
1640,1,1,4,9500,1,1,128.0,1,1,37,4,3,117.9,1,0,0,1,0,1,19,0,0,7,9,7,12.1375,0,0,8,9,8,12.91111111111111,0,12.4,0.5,1.79,Graduate,Female,Local
1641,1,1,2,9070,1,1,164.0,1,38,38,9,7,165.8,1,0,0,1,0,0,18,0,0,6,7,6,14.166666666666666,0,0,6,7,6,14.857142857142858,0,9.4,-0.8,-3.12,Graduate,Female,Local
1642,1,17,5,9500,1,1,137.0,1,1,1,4,4,127.6,1,0,0,1,0,0,18,0,0,7,7,7,13.528571428571428,0,0,8,9,8,14.655555555555557,0,12.4,0.5,1.79,Graduate,Female,Local
1643,1,17,2,8014,0,1,122.0,1,37,19,9,9,123.8,0,0,0,1,0,0,20,0,0,6,8,5,12.0,0,0,6,8,6,11.0,0,10.8,1.4,1.74,Graduate,Female,Local
1644,1,17,4,9254,1,1,124.0,1,3,3,3,3,126.1,1,0,0,1,0,0,20,0,0,5,5,5,11.4,0,0,6,11,1,11.0,0,10.8,1.4,1.74,Dropout,Female,Local
1645,1,1,2,171,1,1,120.0,1,3,19,4,7,119.7,1,0,0,1,0,0,21,0,0,0,0,0,0.0,0,0,0,0,0,0.0,0,8.9,1.4,3.51,Dropout,Female,Local
1646,1,1,2,171,1,1,117.0,1,1,19,3,3,121.6,1,0,0,1,0,0,22,0,6,12,12,12,12.916666666666666,0,4,11,16,11,14.5,0,8.9,1.4,3.51,Graduate,Female,Local
1647,1,43,1,9500,1,1,140.0,1,1,38,4,7,100.0,0,0,0,1,0,1,18,0,0,7,8,7,13.6375,0,0,8,8,8,14.3875,0,13.9,-0.3,0.79,Graduate,Female,Local
1648,1,1,5,9500,1,1,130.0,1,19,37,9,7,127.6,1,0,0,1,0,0,18,0,0,7,10,7,12.9,0,0,8,15,7,12.142857142857142,0,15.5,2.8,-4.06,Dropout,Female,Local
1649,1,1,1,9500,1,1,138.0,1,1,38,4,9,132.5,1,0,0,1,0,1,19,0,0,8,8,7,14.36,0,0,8,8,7,14.36,0,10.8,1.4,1.74,Graduate,Female,Local
1650,1,1,1,9500,1,1,141.0,1,3,1,9,9,124.3,0,0,0,1,0,0,19,0,0,8,8,7,14.514285714285714,0,0,8,8,7,14.514285714285714,0,12.7,3.7,-1.7,Enrolled,Female,Local
1651,1,1,3,9500,1,1,142.0,1,1,1,4,7,131.0,1,0,0,1,0,0,18,0,0,8,8,7,14.7,0,0,8,8,7,14.7,0,10.8,1.4,1.74,Graduate,Female,Local
1652,1,7,1,9991,0,40,120.0,1,43,3,3,3,120.0,0,0,0,1,0,0,27,0,0,5,5,5,15.2,0,0,5,6,5,14.0,0,11.1,0.6,2.02,Enrolled,Female,Local
1653,1,1,3,9556,1,1,122.0,1,19,19,3,10,113.3,1,0,0,1,0,1,20,0,0,7,7,7,13.0,0,0,8,8,8,15.0625,0,12.4,0.5,1.79,Graduate,Female,Local
1654,1,1,2,9853,1,1,131.0,1,1,1,2,9,121.9,1,0,0,1,0,0,20,0,0,6,6,6,13.5,0,0,6,6,0,0.0,0,12.7,3.7,-1.7,Dropout,Female,Local
1655,1,1,2,9085,1,1,120.0,1,38,1,9,3,118.3,1,0,0,1,0,0,20,0,0,5,11,5,12.333333333333334,2,0,5,7,5,12.6,0,9.4,-0.8,-3.12,Graduate,Female,Local
1656,1,1,1,9147,1,1,131.0,1,3,19,1,4,118.8,0,0,0,1,0,0,19,0,0,5,6,5,13.4,0,0,5,6,5,13.0,0,16.2,0.3,-0.92,Graduate,Female,Local
1657,1,1,2,9085,1,1,130.0,1,37,19,9,8,129.0,0,0,0,1,0,0,20,0,0,5,7,4,11.75,0,0,5,9,2,10.5,0,7.6,2.6,0.32,Enrolled,Female,Local
1658,1,43,3,171,1,1,120.0,1,37,37,9,9,143.3,1,0,0,1,0,1,20,0,0,0,0,0,0.0,0,0,0,0,0,0.0,0,7.6,2.6,0.32,Graduate,Female,Local
1659,1,1,1,171,1,1,136.0,1,3,3,1,2,152.5,1,0,0,1,0,0,20,0,0,0,0,0,0.0,0,0,0,0,0,0.0,0,13.9,-0.3,0.79,Enrolled,Female,Local
1660,1,53,1,9085,1,42,160.0,1,1,19,4,6,155.7,1,0,0,1,0,0,27,0,7,12,17,11,14.727272727272728,0,4,9,10,7,14.142857142857142,0,8.9,1.4,3.51,Graduate,Female,Local
1661,1,1,2,9085,1,1,157.0,1,3,3,5,2,153.9,1,0,0,1,0,0,18,0,0,6,7,6,16.571428571428573,0,0,6,6,6,15.666666666666666,0,13.9,-0.3,0.79,Graduate,Female,Local
1662,1,1,1,9500,1,1,150.0,1,19,1,4,4,137.8,0,0,0,1,0,0,18,0,0,7,10,7,15.145,0,0,8,8,8,15.7425,0,15.5,2.8,-4.06,Graduate,Female,Local
1663,1,17,1,9500,1,1,148.0,1,1,37,9,7,143.3,0,0,0,1,0,1,18,0,0,7,7,7,13.44285714285714,0,0,8,8,8,15.075,0,13.9,-0.3,0.79,Graduate,Female,Local
1664,1,1,1,9085,1,1,120.0,1,37,37,9,1,123.2,0,0,0,1,0,0,20,0,0,5,8,5,14.166666666666666,2,0,5,6,4,11.75,2,9.4,-0.8,-3.12,Graduate,Female,Local
1665,1,1,1,9773,1,1,150.0,1,1,1,4,4,138.1,1,0,0,1,0,0,19,0,0,6,7,6,14.0,0,0,6,7,5,15.0,0,11.1,0.6,2.02,Enrolled,Female,Local
1666,1,17,1,9238,1,1,158.0,1,1,1,5,6,140.5,0,0,0,1,0,1,20,0,0,6,9,6,11.333333333333334,0,0,6,6,6,12.333333333333334,0,10.8,1.4,1.74,Graduate,Female,Local
1667,1,1,4,9500,1,1,145.0,1,3,19,1,5,130.0,1,0,0,1,0,0,18,0,0,8,8,8,13.76125,0,0,8,8,8,13.76125,0,9.4,-0.8,-3.12,Graduate,Female,Local
1668,1,44,1,9070,1,39,100.0,1,1,38,4,6,104.8,0,0,1,0,0,0,22,0,2,7,9,5,11.6,0,5,9,9,5,10.0,0,12.4,0.5,1.79,Dropout,Female,Local
1669,1,17,1,8014,0,1,136.0,1,37,37,5,8,132.5,0,0,1,1,0,1,22,0,1,6,7,4,12.75,0,1,6,8,5,13.0,0,13.9,-0.3,0.79,Graduate,Female,Local
1670,1,39,1,9991,0,1,133.1,1,1,1,4,2,127.7,0,0,0,1,0,0,25,0,0,5,12,4,12.5,0,0,5,10,4,11.0,0,13.9,-0.3,0.79,Enrolled,Female,Local
1671,1,1,1,9085,1,1,148.0,1,19,3,4,2,136.5,0,0,0,1,0,0,19,0,0,6,13,6,15.307692307692308,0,0,6,9,6,14.0,0,15.5,2.8,-4.06,Graduate,Female,Local
1672,1,44,1,9130,1,39,130.0,1,3,1,4,1,130.0,1,0,0,0,0,0,21,0,1,6,12,5,13.285714285714286,0,0,6,10,4,12.0,0,16.2,0.3,-0.92,Dropout,Female,Local
1673,1,39,1,9500,1,40,130.0,1,1,1,4,4,190.0,1,0,0,1,0,0,27,0,1,7,7,7,14.757142857142856,0,1,8,9,8,14.077777777777778,0,16.2,0.3,-0.92,Graduate,Female,Local
1674,1,17,4,9500,1,1,136.0,1,1,1,4,9,128.5,1,0,0,1,0,0,18,0,0,7,7,6,12.766666666666666,0,0,7,7,6,12.766666666666666,0,7.6,2.6,0.32,Graduate,Female,Local
1675,1,17,3,9254,1,1,122.0,1,1,1,4,4,126.6,0,0,0,0,0,0,18,0,0,5,5,5,10.4,0,0,6,13,0,0.0,0,10.8,1.4,1.74,Dropout,Female,Local
1676,1,17,1,9556,1,1,140.0,1,3,3,1,7,131.6,1,0,0,1,1,0,19,0,0,7,0,0,0.0,0,0,7,0,0,0.0,0,11.1,0.6,2.02,Dropout,Male,Local
1677,5,39,1,9991,0,1,110.0,1,1,1,3,3,119.0,0,0,0,1,1,1,35,0,0,5,10,4,10.5,0,0,5,6,5,12.6,0,8.9,1.4,3.51,Graduate,Male,Local
1678,1,17,1,9085,1,1,130.0,1,37,36,4,90,127.6,0,0,0,1,1,0,23,0,0,5,6,4,14.25,0,0,5,6,5,13.4,0,7.6,2.6,0.32,Graduate,Male,Local
1679,1,39,1,9500,1,1,133.1,1,1,37,9,9,100.0,0,0,0,1,1,0,28,0,0,7,11,3,11.916666666666666,1,0,7,17,0,0.0,0,16.2,0.3,-0.92,Dropout,Male,Local
1680,1,1,1,9119,1,1,128.0,1,38,38,9,7,124.5,1,0,0,1,1,0,19,0,0,5,10,3,10.666666666666666,0,0,5,9,2,14.0,2,7.6,2.6,0.32,Enrolled,Male,Local
1681,1,1,1,9773,1,1,117.0,1,1,19,4,4,109.3,0,0,0,1,1,0,19,0,0,6,11,4,12.25,0,0,6,10,3,12.666666666666666,0,7.6,2.6,0.32,Enrolled,Male,Local
1682,1,1,2,9670,1,1,124.0,1,19,1,9,4,117.7,1,0,1,1,1,0,20,0,0,5,5,4,12.0,0,0,5,6,5,11.6,0,9.4,-0.8,-3.12,Dropout,Male,Local
1683,1,1,1,9670,1,1,124.0,1,2,2,3,3,124.7,1,0,0,1,1,0,21,0,0,5,7,3,11.0,0,0,5,5,4,12.75,0,7.6,2.6,0.32,Dropout,Male,Local
1684,1,17,3,9070,1,1,128.0,1,37,37,5,5,124.5,1,0,0,1,1,0,18,0,0,6,6,6,14.166666666666666,0,0,6,8,5,13.0,0,10.8,1.4,1.74,Graduate,Male,Local
1685,1,1,5,9070,1,1,125.0,1,3,3,2,2,140.8,1,0,0,1,1,0,22,0,0,6,6,6,14.666666666666666,0,0,6,6,6,15.0,0,9.4,-0.8,-3.12,Graduate,Male,Local
1686,1,17,3,9085,1,1,121.0,1,38,1,9,9,111.9,1,0,0,1,1,0,21,0,0,5,11,0,0.0,0,0,5,10,5,12.285714285714286,1,10.8,1.4,1.74,Graduate,Male,Local
1687,1,7,1,9556,1,3,140.0,1,3,3,2,2,140.0,0,0,1,0,1,0,38,0,0,7,8,3,12.666666666666666,0,0,5,5,0,0.0,0,13.9,-0.3,0.79,Dropout,Male,Local
1688,1,1,1,171,1,1,124.0,1,19,1,9,9,121.2,1,0,0,1,1,0,20,0,0,0,0,0,0.0,0,0,0,0,0,0.0,0,10.8,1.4,1.74,Enrolled,Male,Local
1689,1,43,4,171,1,1,136.0,1,37,37,9,9,123.8,1,0,0,1,1,0,19,0,0,0,0,0,0.0,0,0,0,0,0,0.0,0,7.6,2.6,0.32,Dropout,Male,Local
1690,1,7,1,9119,1,1,140.8,1,34,34,0,0,134.0,0,0,0,1,1,0,24,0,0,5,0,0,0.0,0,0,5,0,0,0.0,0,7.6,2.6,0.32,Dropout,Male,Local
1691,1,18,3,9070,1,1,142.0,1,1,37,4,7,130.8,1,0,0,0,1,0,19,0,0,6,0,0,0.0,0,0,6,0,0,0.0,0,12.7,3.7,-1.7,Dropout,Male,Local
1692,1,1,1,9500,1,1,133.0,1,37,38,9,9,130.2,1,0,0,1,1,1,19,0,0,7,7,7,13.7,0,0,8,9,8,14.022222222222222,0,16.2,0.3,-0.92,Graduate,Male,Local
1693,1,1,1,9147,1,1,131.0,1,3,19,3,10,123.3,0,0,0,1,1,0,19,0,0,5,7,5,11.8,0,0,5,8,4,12.4,2,16.2,0.3,-0.92,Enrolled,Male,Local
1694,1,39,1,9119,1,3,130.0,1,3,3,3,10,147.6,0,0,0,1,1,0,31,0,0,5,0,0,0.0,0,0,5,0,0,0.0,0,10.8,1.4,1.74,Dropout,Male,Local
1695,1,17,1,9670,1,1,120.0,1,38,37,9,8,113.4,1,0,0,1,1,1,19,0,0,6,6,6,13.333333333333334,0,0,6,7,6,13.285714285714286,0,8.9,1.4,3.51,Graduate,Male,Local
1696,1,17,1,9070,1,1,141.0,1,19,38,4,5,133.7,1,0,0,1,1,0,22,0,0,6,7,5,11.4,0,0,6,6,6,12.166666666666666,0,7.6,2.6,0.32,Graduate,Male,Local
1697,1,39,1,9085,1,1,130.0,1,34,1,0,2,128.2,0,0,0,1,1,0,25,0,0,5,5,0,0.0,0,0,5,5,0,0.0,0,7.6,2.6,0.32,Dropout,Male,Local
1698,1,1,1,9500,1,1,168.0,1,1,1,5,5,161.0,1,0,0,1,1,0,18,0,0,7,7,7,16.142857142857142,0,0,8,9,0,0.0,0,16.2,0.3,-0.92,Dropout,Male,Local
1699,1,7,1,9500,1,3,130.0,1,37,37,90,90,130.0,1,0,0,1,1,0,30,0,0,8,8,0,0.0,8,0,8,8,0,0.0,8,9.4,-0.8,-3.12,Dropout,Male,Local
1700,1,1,1,9500,1,1,156.0,1,38,37,9,9,156.3,0,0,0,1,1,1,18,0,0,8,8,8,15.63375,0,0,8,8,8,15.63375,0,9.4,-0.8,-3.12,Graduate,Male,Local
1701,1,1,1,9773,1,1,137.0,1,1,1,5,5,129.3,1,0,0,1,1,0,18,0,0,6,6,6,13.666666666666666,0,0,6,6,6,14.5,0,12.7,3.7,-1.7,Graduate,Male,Local
1702,1,17,6,9773,1,1,131.0,1,34,34,0,0,129.3,0,0,0,1,1,0,18,0,0,6,0,0,0.0,0,0,6,0,0,0.0,0,7.6,2.6,0.32,Dropout,Male,Local
1703,1,1,1,9238,1,1,130.0,1,38,38,7,7,136.3,1,0,0,1,1,0,18,0,0,6,8,6,12.5,0,0,6,7,6,11.5,0,10.8,1.4,1.74,Graduate,Male,Local
1704,1,39,1,9670,1,1,133.1,1,1,19,4,9,140.0,0,0,0,1,1,1,25,0,0,6,8,6,12.285714285714286,0,0,6,6,6,13.0,0,15.5,2.8,-4.06,Graduate,Male,Local
1705,1,1,1,9119,1,1,131.0,1,3,1,4,1,135.9,0,0,0,1,1,0,18,0,0,5,10,2,14.0,0,0,5,7,3,11.0,1,7.6,2.6,0.32,Enrolled,Male,Local
1706,1,1,5,171,1,1,160.0,1,1,1,4,4,139.7,0,0,0,1,1,0,18,0,0,0,0,0,0.0,0,0,0,0,0,0.0,0,12.7,3.7,-1.7,Dropout,Male,Local
1707,1,1,4,9147,1,1,117.0,1,1,38,8,9,117.0,1,0,0,1,1,0,19,0,0,5,5,4,10.75,0,0,5,6,4,12.25,0,12.4,0.5,1.79,Enrolled,Male,Local
1708,1,39,1,9556,1,19,133.1,1,19,1,7,10,105.0,0,0,0,1,1,0,25,0,0,7,14,4,12.95,1,0,7,11,4,13.125,1,15.5,2.8,-4.06,Dropout,Male,Local
1709,1,1,3,9500,1,1,130.0,1,37,38,9,5,130.5,1,0,0,1,0,0,19,0,0,7,7,6,12.45,0,0,7,7,6,12.45,0,7.6,2.6,0.32,Graduate,Female,Local
1710,1,44,1,9991,0,39,130.0,1,37,37,9,9,130.0,0,0,0,1,0,0,31,0,2,6,12,4,12.25,0,3,7,9,7,12.0,0,9.4,-0.8,-3.12,Enrolled,Female,Local
1711,1,1,3,9500,1,1,137.0,1,19,19,5,4,131.5,1,0,0,1,0,1,20,0,0,8,8,8,13.38125,0,0,8,8,8,13.38125,0,9.4,-0.8,-3.12,Graduate,Female,Local
1712,1,42,1,9500,1,1,133.1,41,3,1,3,10,100.0,1,0,0,0,0,0,33,1,1,7,10,5,12.16,0,0,6,7,5,11.34,0,12.4,0.5,1.79,Dropout,Female,International
1713,1,44,1,9085,1,39,140.0,1,1,3,9,4,140.0,0,0,1,0,0,0,24,0,2,6,11,4,12.5,0,1,6,18,2,11.5,0,12.4,0.5,1.79,Enrolled,Female,Local
1714,1,17,4,9238,1,1,140.0,1,19,37,9,9,130.2,1,0,0,1,0,1,18,0,0,6,8,6,12.75,0,0,6,10,6,12.166666666666666,0,12.7,3.7,-1.7,Graduate,Female,Local
1715,1,17,2,9500,1,1,135.0,1,1,19,4,10,133.5,1,0,0,1,0,0,19,0,0,8,8,8,13.3425,0,0,8,8,8,13.3425,0,9.4,-0.8,-3.12,Graduate,Female,Local
1716,1,1,4,9500,1,1,140.0,1,38,38,7,7,133.2,1,0,0,1,0,1,20,0,0,7,10,7,14.175,0,0,8,14,6,13.03125,0,15.5,2.8,-4.06,Graduate,Female,Local
1717,2,39,1,9500,1,1,100.0,1,37,38,4,4,130.0,0,0,0,1,1,1,33,0,0,8,16,1,10.0,1,0,8,16,1,10.0,1,12.7,3.7,-1.7,Enrolled,Male,Local
1718,1,39,1,9119,1,1,160.0,1,38,37,7,7,129.0,0,0,0,1,1,0,24,0,0,5,9,0,0.0,0,0,5,8,2,14.5,2,7.6,2.6,0.32,Dropout,Male,Local
1719,1,39,1,9991,0,19,133.1,1,2,1,2,4,100.0,0,0,0,1,1,0,24,0,0,5,7,0,0.0,0,0,5,7,0,0.0,0,16.2,0.3,-0.92,Dropout,Male,Local
1720,1,17,1,9085,1,1,128.0,1,38,37,9,9,116.5,1,0,0,1,1,0,18,0,0,5,6,5,12.0,0,0,5,8,5,12.142857142857142,0,10.8,1.4,1.74,Graduate,Male,Local
1721,1,1,2,9254,1,1,121.0,1,37,37,9,9,124.2,1,0,0,1,0,1,18,0,0,6,8,6,10.571428571428571,0,0,6,9,5,11.4,0,16.2,0.3,-0.92,Graduate,Female,Local
1722,1,51,1,9085,1,1,127.0,1,3,3,2,8,138.8,1,0,0,1,0,0,22,0,4,12,19,11,14.153846153846152,0,5,12,20,12,15.428571428571429,0,8.9,1.4,3.51,Graduate,Female,Local
1723,1,1,1,9773,1,1,132.0,1,2,1,9,9,126.4,1,1,0,1,0,1,18,0,0,6,9,6,11.166666666666666,0,0,6,11,5,12.4,0,10.8,1.4,1.74,Graduate,Female,Local
1724,1,1,1,171,1,1,147.0,1,19,19,3,10,151.9,1,0,0,1,0,0,21,0,13,17,20,17,12.0,0,14,17,18,17,12.666666666666666,0,11.1,0.6,2.02,Graduate,Female,Local
1725,2,39,1,9991,0,1,110.0,1,37,37,5,1,120.0,1,0,0,1,0,0,38,0,0,5,11,3,11.333333333333334,0,0,5,9,4,12.0,0,9.4,-0.8,-3.12,Dropout,Female,Local
1726,1,43,1,9238,1,1,142.0,1,34,34,99,99,131.9,0,0,0,1,0,1,29,0,9,16,17,16,12.588235294117649,0,10,13,14,13,13.357142857142858,0,9.4,-0.8,-3.12,Graduate,Female,Local
1727,1,44,1,9130,1,39,130.0,1,38,37,4,9,130.0,1,0,0,1,0,1,20,0,0,6,11,4,12.0,0,0,6,9,4,10.75,0,16.2,0.3,-0.92,Enrolled,Female,Local
1728,1,17,1,9254,1,1,131.0,1,38,37,4,9,131.7,1,0,0,0,0,0,18,0,0,6,0,0,0.0,0,0,6,0,0,0.0,0,12.7,3.7,-1.7,Dropout,Female,Local
1729,2,43,1,9991,0,1,110.0,1,37,37,9,9,132.5,0,0,0,1,1,0,37,0,7,12,13,12,12.25,0,8,13,13,13,12.846153846153848,0,9.4,-0.8,-3.12,Graduate,Male,Local
1730,1,1,3,9147,1,1,128.0,1,3,3,5,10,116.5,0,0,0,1,1,0,20,0,0,5,7,5,11.6,0,0,5,5,5,12.8,0,12.4,0.5,1.79,Graduate,Male,Local
1731,1,1,1,9130,1,1,136.0,1,19,19,90,8,133.9,1,0,0,0,1,0,20,0,0,5,7,4,13.0,0,0,5,11,3,12.0,2,10.8,1.4,1.74,Dropout,Male,Local
1732,2,39,1,9119,1,1,120.0,1,37,38,9,10,145.4,0,0,1,1,1,0,40,0,0,5,11,3,10.666666666666666,0,0,5,5,2,12.5,0,16.2,0.3,-0.92,Dropout,Male,Local
1733,2,39,1,8014,0,1,140.0,1,37,3,9,10,172.0,0,0,0,1,1,0,44,0,5,11,21,9,12.333333333333334,0,8,11,16,9,11.0,0,12.4,0.5,1.79,Enrolled,Male,Local
1734,1,1,1,9147,1,1,118.0,1,1,1,9,9,111.0,0,0,0,0,1,0,21,0,0,5,7,2,11.0,0,0,5,9,3,11.428571428571429,0,10.8,1.4,1.74,Dropout,Male,Local
1735,1,44,1,9070,1,39,120.0,1,2,19,3,8,120.0,0,0,0,1,1,0,21,0,2,7,10,6,13.428571428571429,0,5,9,9,8,13.125,0,16.2,0.3,-0.92,Graduate,Male,Local
1736,1,1,6,9500,1,1,151.0,1,3,1,2,1,129.8,1,0,0,1,1,0,18,0,0,8,10,8,13.05375,2,0,8,10,8,13.05375,2,9.4,-0.8,-3.12,Graduate,Male,Local
1737,1,1,5,9500,1,1,130.0,1,1,3,9,10,118.1,1,0,0,1,1,0,18,0,0,7,10,6,12.035714285714286,0,0,8,9,7,13.75,0,13.9,-0.3,0.79,Enrolled,Male,Local
1738,1,39,1,9003,1,1,140.0,1,3,1,5,9,130.0,0,0,0,1,1,0,27,0,0,6,6,6,14.166666666666666,0,0,6,7,6,13.833333333333334,0,11.1,0.6,2.02,Graduate,Male,Local
1739,2,39,1,9070,1,19,133.1,1,37,37,9,10,126.3,0,0,0,0,1,0,38,0,0,6,6,0,0.0,0,0,6,8,0,0.0,0,10.8,1.4,1.74,Dropout,Male,Local
1740,1,18,1,9130,1,1,146.0,1,3,3,5,2,137.8,0,0,0,1,1,0,18,0,0,6,11,5,13.6,0,0,6,13,3,12.666666666666666,0,13.9,-0.3,0.79,Dropout,Male,Local
1741,1,17,4,9254,1,1,122.0,1,1,1,4,2,116.1,1,0,0,1,1,0,19,0,0,6,7,5,12.2,0,0,6,12,2,12.0,0,7.6,2.6,0.32,Enrolled,Male,Local
1742,1,1,1,9130,1,1,121.0,1,3,19,2,9,115.4,1,0,0,1,1,0,18,0,0,6,8,6,13.714285714285714,0,0,6,7,5,13.333333333333334,0,15.5,2.8,-4.06,Dropout,Male,Local
1743,1,43,1,9773,1,1,127.0,1,1,1,9,6,110.0,0,0,1,0,1,0,19,0,0,6,10,3,11.666666666666666,0,0,6,11,2,10.0,0,16.2,0.3,-0.92,Dropout,Male,Local
1744,1,39,1,9670,1,1,133.1,1,37,37,90,90,97.4,0,0,1,0,1,0,44,0,0,6,9,1,14.0,0,0,6,6,0,0.0,0,12.7,3.7,-1.7,Dropout,Male,Local
1745,1,44,1,9085,1,39,130.0,1,1,1,4,4,130.0,1,1,0,1,1,0,26,0,2,6,20,4,12.5,0,1,6,16,3,10.0,0,15.5,2.8,-4.06,Dropout,Male,Local
1746,1,43,1,9130,1,1,156.0,1,19,1,9,4,156.0,0,0,1,0,1,0,24,0,0,6,11,5,11.833333333333334,0,0,6,11,4,11.5,0,15.5,2.8,-4.06,Dropout,Male,Local
1747,1,39,1,9003,1,1,130.0,1,19,1,9,6,126.1,1,0,0,0,1,0,27,0,0,6,6,0,0.0,0,0,6,8,0,0.0,0,15.5,2.8,-4.06,Dropout,Male,Local
1748,1,39,1,9003,1,1,110.0,1,1,1,9,4,120.0,0,0,1,0,1,0,27,0,0,6,0,0,0.0,0,0,6,0,0,0.0,0,13.9,-0.3,0.79,Dropout,Male,Local
1749,1,43,1,9070,1,1,108.0,1,38,38,7,7,105.2,1,0,0,1,1,0,25,0,11,17,18,13,11.538461538461538,0,10,15,15,10,12.4,0,12.7,3.7,-1.7,Dropout,Male,Local
1750,1,44,1,9003,1,1,120.0,1,3,2,2,6,120.0,1,0,0,1,1,0,21,0,4,9,14,7,11.285714285714286,2,2,8,15,4,12.25,0,12.7,3.7,-1.7,Enrolled,Male,Local
1751,1,1,1,171,1,1,150.0,1,38,19,9,9,137.8,1,0,0,1,1,1,19,0,0,0,0,0,0.0,0,0,0,0,0,0.0,0,13.9,-0.3,0.79,Graduate,Male,Local
1752,1,17,2,9070,1,1,152.0,1,39,39,3,3,134.2,1,0,0,1,1,0,20,0,0,6,7,5,11.8,0,0,6,9,4,12.0,0,15.5,2.8,-4.06,Enrolled,Male,Local
1753,1,44,1,9119,1,39,150.0,1,19,3,5,2,150.0,0,0,0,1,1,0,20,0,0,5,16,0,0.0,0,0,5,12,2,10.5,0,12.7,3.7,-1.7,Enrolled,Male,Local
1754,1,17,5,9119,1,1,123.0,1,3,1,2,9,116.0,1,0,1,0,1,0,20,0,0,5,5,0,0.0,0,0,5,5,0,0.0,0,8.9,1.4,3.51,Dropout,Male,Local
1755,1,1,1,9119,1,1,150.0,1,1,1,3,3,143.4,0,0,0,0,1,1,18,0,0,5,5,5,14.2,0,0,5,5,5,14.2,0,8.9,1.4,3.51,Enrolled,Male,Local
1756,1,17,1,171,1,1,145.0,1,4,4,3,3,143.6,0,0,1,1,1,0,19,0,5,12,12,10,12.7,0,4,11,16,10,12.272727272727272,0,8.9,1.4,3.51,Enrolled,Male,Local
1757,1,44,1,9130,1,39,150.0,1,1,37,4,8,150.0,1,0,0,0,0,0,22,0,1,6,10,3,12.666666666666666,0,0,6,7,0,0.0,0,15.5,2.8,-4.06,Dropout,Female,Local
1758,1,1,4,9670,1,1,125.0,1,4,19,2,5,118.0,1,0,0,1,0,0,19,0,0,6,7,6,14.428571428571429,0,0,6,8,6,15.0,2,16.2,0.3,-0.92,Graduate,Female,Local
1759,1,1,4,9500,1,1,117.0,1,1,1,4,7,109.3,1,0,0,1,0,1,18,0,0,7,7,7,13.117142857142856,0,0,8,9,7,12.6,0,11.1,0.6,2.02,Graduate,Female,Local
1760,1,1,2,9238,1,1,121.0,1,19,19,191,171,119.3,1,0,1,1,0,0,20,0,0,6,7,6,12.666666666666666,0,0,6,7,6,11.833333333333334,0,8.9,1.4,3.51,Graduate,Female,Local
1761,1,17,1,171,1,1,140.0,41,1,1,5,7,146.3,1,0,0,1,0,1,18,1,0,0,0,0,0.0,0,0,0,0,0,0.0,0,12.7,3.7,-1.7,Dropout,Female,International
1762,1,39,1,9773,1,1,130.0,1,1,19,1,3,161.5,0,0,0,1,1,0,36,0,0,6,7,6,15.285714285714286,0,0,6,6,6,16.5,0,10.8,1.4,1.74,Graduate,Male,Local
1763,1,15,1,9147,1,1,140.0,26,37,2,6,4,140.0,0,0,1,1,1,0,19,1,0,5,12,3,10.5,0,0,5,8,4,11.25,0,12.4,0.5,1.79,Graduate,Male,International
1764,1,53,1,9147,1,42,140.0,1,1,1,6,6,142.2,0,0,0,1,1,1,21,0,6,11,11,11,12.636363636363637,0,3,9,11,9,12.6,0,8.9,1.4,3.51,Graduate,Male,Local
1765,1,1,1,9147,1,1,140.0,1,19,38,9,9,129.2,1,0,0,1,0,0,26,0,0,5,6,0,0.0,0,0,5,0,0,0.0,0,15.5,2.8,-4.06,Dropout,Female,Local
1766,1,39,1,9003,1,1,140.0,41,1,1,9,9,100.0,0,0,1,0,0,0,29,1,3,9,9,3,14.333333333333334,0,1,7,8,1,14.0,0,15.5,2.8,-4.06,Dropout,Female,International
1767,1,44,1,9254,1,39,170.0,1,19,2,9,3,170.0,0,0,0,0,1,0,26,0,2,8,14,8,15.125,0,1,6,12,6,13.666666666666666,0,11.1,0.6,2.02,Enrolled,Male,Local
1768,1,7,1,9500,1,3,140.0,1,3,19,2,6,140.0,0,0,0,1,1,0,27,0,0,7,0,0,0.0,0,0,8,0,0,0.0,0,12.4,0.5,1.79,Dropout,Male,Local
1769,1,51,1,9147,1,1,116.0,1,3,3,2,2,115.2,0,0,1,1,1,0,32,0,2,7,16,3,12.0,0,3,8,10,3,10.333333333333334,0,8.9,1.4,3.51,Enrolled,Male,Local
1770,1,16,3,9853,1,1,134.0,1,37,19,9,5,121.4,1,0,0,1,0,1,23,0,0,6,10,4,14.25,1,0,6,8,5,12.0,0,7.6,2.6,0.32,Enrolled,Female,Local
1771,1,39,1,9147,1,1,133.1,41,38,38,9,8,134.8,0,0,0,1,0,0,24,1,0,5,12,2,10.5,0,0,5,9,4,10.0,2,16.2,0.3,-0.92,Enrolled,Female,International
1772,1,1,2,9773,1,1,140.0,1,1,1,9,9,136.9,1,0,0,1,0,1,19,0,0,6,7,6,13.5,0,0,6,7,6,14.428571428571429,0,16.2,0.3,-0.92,Graduate,Female,Local
1773,1,42,1,9003,1,1,140.0,1,19,19,4,4,140.0,1,0,0,1,1,0,25,0,0,6,14,5,11.666666666666666,0,0,6,11,4,12.0,0,15.5,2.8,-4.06,Enrolled,Male,Local
1774,1,17,6,9254,1,1,108.0,1,1,19,4,5,112.2,1,0,0,1,1,0,19,0,0,6,13,5,10.8,0,0,6,12,3,10.0,0,9.4,-0.8,-3.12,Enrolled,Male,Local
1775,1,1,3,9773,1,1,149.0,1,1,3,0,0,148.7,0,0,0,0,1,0,20,0,0,4,4,0,0.0,0,0,4,8,0,0.0,0,10.8,1.4,1.74,Dropout,Male,Local
1776,2,1,1,9254,1,1,140.0,1,19,38,4,7,133.0,0,0,0,1,1,0,33,0,3,9,11,9,12.8,0,2,7,9,7,11.428571428571429,0,12.7,3.7,-1.7,Graduate,Male,Local
1777,2,39,1,9991,0,1,140.0,1,37,12,9,9,150.0,0,0,1,1,1,0,35,0,0,5,6,5,10.8,0,0,5,7,5,12.0,2,9.4,-0.8,-3.12,Dropout,Male,Local
1778,1,1,1,9147,1,1,133.1,1,37,38,7,7,98.0,1,0,0,1,1,0,23,0,0,5,8,4,11.4,0,0,5,7,4,11.0,0,11.1,0.6,2.02,Graduate,Male,Local
1779,1,1,1,9500,1,1,125.0,1,37,19,9,9,122.4,1,0,0,1,1,0,19,0,0,7,7,7,13.725714285714286,0,0,8,8,8,14.5,0,11.1,0.6,2.02,Graduate,Male,Local
1780,1,1,1,9670,1,1,133.1,1,1,37,9,10,139.0,0,0,0,1,1,0,21,0,0,6,6,5,12.8,0,0,6,9,5,12.25,0,10.8,1.4,1.74,Enrolled,Male,Local
1781,1,1,5,9070,1,1,133.1,1,1,19,3,3,112.0,1,0,0,1,1,1,21,0,0,6,6,6,13.5,0,0,6,6,6,11.166666666666666,0,11.1,0.6,2.02,Graduate,Male,Local
1782,1,39,1,9500,1,1,130.0,1,37,37,3,7,143.8,0,0,0,1,1,0,27,0,0,8,8,7,15.57,0,0,8,8,7,15.57,0,10.8,1.4,1.74,Dropout,Male,Local
1783,1,17,3,9147,1,1,122.0,1,3,38,123,171,116.1,1,0,1,1,1,0,19,0,0,5,10,4,11.0,0,0,5,13,2,12.0,0,8.9,1.4,3.51,Enrolled,Male,Local
1784,1,7,2,9500,1,3,140.0,1,37,38,9,9,138.0,0,0,0,1,1,0,28,0,0,7,7,7,14.114285714285714,0,0,8,9,8,15.91111111111111,0,16.2,0.3,-0.92,Dropout,Male,Local
1785,1,43,1,9147,1,1,123.0,1,37,38,7,7,110.0,0,0,0,1,1,0,25,0,0,5,12,3,11.0,1,0,5,12,4,11.5,0,9.4,-0.8,-3.12,Enrolled,Male,Local
1786,2,39,1,9238,1,19,133.1,1,37,37,9,4,103.5,0,0,0,1,1,0,42,0,0,6,0,0,0.0,0,0,6,0,0,0.0,0,15.5,2.8,-4.06,Dropout,Male,Local
1787,1,7,1,9991,0,3,140.0,1,37,37,9,9,140.0,0,0,0,1,1,0,27,0,0,5,6,4,13.5,0,0,5,6,4,13.75,0,7.6,2.6,0.32,Graduate,Male,Local
1788,1,1,1,9070,1,1,116.0,1,3,3,0,1,108.7,1,0,0,1,1,0,23,0,0,6,9,4,11.25,1,0,6,10,0,0.0,4,7.6,2.6,0.32,Dropout,Male,Local
1789,1,17,3,9254,1,1,118.0,1,19,1,4,4,115.9,1,0,0,1,1,1,18,0,0,6,7,6,12.142857142857142,0,0,6,8,6,11.333333333333334,0,8.9,1.4,3.51,Graduate,Male,Local
1790,2,39,1,9500,1,1,140.0,1,37,37,9,4,127.3,0,0,0,1,1,0,26,0,0,8,8,7,13.075714285714286,0,0,8,8,7,13.075714285714286,0,10.8,1.4,1.74,Graduate,Male,Local
1791,1,1,4,9147,1,1,146.0,1,3,1,3,10,138.7,0,0,0,1,1,0,18,0,0,5,0,0,0.0,0,0,5,0,0,0.0,0,8.9,1.4,3.51,Dropout,Male,Local
1792,1,39,1,9991,0,1,150.0,1,3,5,2,2,135.8,0,0,1,1,1,0,29,0,1,5,9,3,11.0,0,0,5,11,2,13.5,0,12.7,3.7,-1.7,Dropout,Male,Local
1793,1,17,1,9085,1,1,137.0,1,1,1,4,7,134.6,1,0,0,1,1,0,22,0,0,6,16,0,0.0,0,0,6,7,0,0.0,0,16.2,0.3,-0.92,Dropout,Male,Local
1794,1,43,1,9500,1,1,136.0,1,19,37,173,183,118.4,1,0,0,1,0,0,21,0,0,7,12,4,13.125,0,0,7,8,6,12.333333333333334,0,13.9,-0.3,0.79,Enrolled,Female,Local
1795,1,1,3,9500,1,1,134.0,1,38,38,7,9,132.8,1,0,0,1,0,1,19,0,0,8,8,7,13.512857142857142,0,0,8,8,7,13.512857142857142,0,10.8,1.4,1.74,Graduate,Female,Local
1796,1,1,1,9238,1,1,160.0,1,38,37,9,7,155.5,1,0,0,1,0,1,18,0,0,6,7,6,12.833333333333334,0,0,6,6,6,12.166666666666666,0,10.8,1.4,1.74,Graduate,Female,Local
1797,1,1,3,9085,1,1,126.0,1,38,1,9,9,132.0,1,0,0,1,0,1,18,0,0,5,8,3,15.0,2,0,5,9,3,11.666666666666666,0,9.4,-0.8,-3.12,Dropout,Female,Local
1798,1,39,1,9003,1,19,133.1,1,37,38,4,9,110.0,0,0,1,0,0,0,40,0,0,6,12,5,12.8,0,0,6,16,3,13.333333333333334,0,11.1,0.6,2.02,Dropout,Female,Local
1799,1,17,3,9254,1,1,114.0,26,38,3,9,3,127.3,1,0,1,0,0,0,20,1,0,6,14,3,12.333333333333334,0,0,6,16,0,0.0,0,10.8,1.4,1.74,Dropout,Female,International
1800,1,1,3,9500,1,1,139.0,1,3,1,4,1,126.0,1,0,0,1,1,0,18,0,0,8,15,5,12.288,1,0,8,15,5,12.288,1,10.8,1.4,1.74,Dropout,Male,Local
1801,1,43,2,8014,0,3,130.0,1,34,34,0,0,130.0,0,0,0,1,1,0,31,0,8,12,21,12,12.333333333333334,0,6,10,13,7,13.285714285714286,2,7.6,2.6,0.32,Graduate,Male,Local
1802,1,1,2,9147,1,1,131.0,1,1,1,9,9,118.8,0,0,0,1,1,1,18,0,0,5,9,4,11.5,0,0,5,5,5,12.8,0,12.4,0.5,1.79,Graduate,Male,Local
1803,1,43,2,9670,1,1,130.0,1,19,1,4,4,127.6,1,0,0,1,1,0,22,0,4,6,6,6,11.833333333333334,0,0,6,11,4,11.142857142857142,0,10.8,1.4,1.74,Dropout,Male,Local
1804,1,51,1,9147,1,19,133.1,1,19,19,9,5,112.1,0,0,1,0,1,0,38,0,0,5,5,0,0.0,0,0,5,5,0,0.0,0,8.9,1.4,3.51,Dropout,Male,Local
1805,1,43,1,9991,0,3,130.0,1,3,1,2,9,130.0,0,0,0,1,1,0,33,0,0,5,5,0,0.0,0,0,5,5,0,0.0,0,12.7,3.7,-1.7,Dropout,Male,Local
1806,1,1,3,9119,1,1,117.0,1,1,1,3,5,111.1,0,0,0,1,1,1,19,0,0,5,10,5,11.8,0,0,5,12,3,11.5,0,11.1,0.6,2.02,Enrolled,Male,Local
1807,1,17,1,9670,1,1,127.0,1,3,3,1,1,121.4,0,0,0,1,1,0,18,0,0,6,0,0,0.0,0,0,6,0,0,0.0,0,15.5,2.8,-4.06,Dropout,Male,Local
1808,1,1,5,9119,1,1,131.0,1,1,19,4,7,126.8,0,0,0,0,1,1,18,0,0,5,6,5,12.2,0,0,5,8,4,12.0,0,8.9,1.4,3.51,Enrolled,Male,Local
1809,1,51,1,9991,0,1,134.0,1,1,1,5,3,120.6,1,0,0,1,1,0,27,0,2,6,6,6,12.333333333333334,0,0,5,5,5,13.0,0,11.1,0.6,2.02,Graduate,Male,Local
1810,1,39,1,9254,1,1,130.0,1,37,37,9,9,126.5,0,0,0,1,1,0,26,0,0,6,7,6,12.428571428571429,0,0,6,6,6,12.833333333333334,0,7.6,2.6,0.32,Graduate,Male,Local
1811,1,1,6,9500,1,1,127.0,1,1,19,3,3,120.2,1,0,0,1,0,1,19,0,0,7,7,7,12.765714285714289,0,0,8,9,8,13.544444444444444,0,12.4,0.5,1.79,Graduate,Female,Local
1812,2,51,1,9500,1,1,130.0,1,37,37,5,5,120.0,0,0,0,1,1,0,44,0,0,7,11,5,12.1,0,0,7,10,5,12.6,0,11.1,0.6,2.02,Dropout,Male,Local
1813,1,1,2,9147,1,1,142.0,1,37,38,9,9,137.5,1,0,0,1,1,0,19,0,0,5,10,5,12.0,0,0,5,9,5,11.5,0,13.9,-0.3,0.79,Graduate,Male,Local
1814,1,18,1,9070,1,1,117.0,1,1,37,4,7,127.9,1,0,0,1,1,0,20,0,0,6,6,0,0.0,0,0,6,6,0,0.0,0,9.4,-0.8,-3.12,Dropout,Male,Local
1815,1,39,1,9003,1,19,133.1,1,19,37,1,1,140.0,0,0,1,1,1,0,24,0,0,6,10,6,14.88888888888889,0,0,6,11,6,13.727272727272728,0,16.2,0.3,-0.92,Enrolled,Male,Local
1816,4,43,1,9991,0,1,164.0,1,37,37,6,6,131.8,0,0,0,1,0,0,31,0,7,14,19,13,11.357142857142858,0,9,14,14,13,12.0,1,9.4,-0.8,-3.12,Graduate,Female,Local
1817,1,43,1,9070,1,1,130.0,1,37,37,9,9,129.0,1,0,0,1,0,0,25,0,0,6,6,6,13.5,0,0,6,6,6,12.5,0,9.4,-0.8,-3.12,Graduate,Female,Local
1818,1,17,4,9773,1,1,127.0,1,2,37,9,9,115.8,1,0,1,0,0,0,19,0,0,6,6,0,0.0,0,0,6,0,0,0.0,0,8.9,1.4,3.51,Dropout,Female,Local
1819,1,17,3,9500,1,1,140.0,1,3,2,3,3,126.4,1,0,0,1,0,0,18,0,0,7,7,7,13.884285714285712,0,0,8,9,8,14.75,0,11.1,0.6,2.02,Dropout,Female,Local
1820,1,43,1,9085,1,1,130.0,1,19,38,4,9,130.0,1,0,0,0,0,0,19,0,0,6,12,5,13.0,0,0,6,12,3,11.666666666666666,0,13.9,-0.3,0.79,Enrolled,Female,Local
1821,1,1,3,9500,1,1,122.0,1,3,1,4,3,114.8,1,0,0,1,0,1,19,0,0,7,11,4,12.65,0,0,7,9,5,11.1,0,12.4,0.5,1.79,Enrolled,Female,Local
1822,1,17,1,9147,1,1,162.0,1,1,38,4,5,138.6,1,0,0,1,0,0,19,0,0,5,10,1,11.0,0,0,5,13,0,0.0,0,12.7,3.7,-1.7,Enrolled,Female,Local
1823,1,39,1,9670,1,1,133.1,1,1,1,4,4,112.9,0,0,0,1,0,0,24,0,0,6,12,2,11.666666666666666,0,0,6,20,2,10.5,6,16.2,0.3,-0.92,Dropout,Female,Local
1824,1,1,1,9238,1,1,120.0,1,3,3,3,3,111.6,0,0,0,1,0,0,20,0,0,6,6,6,14.5,0,0,6,6,6,12.666666666666666,0,12.4,0.5,1.79,Graduate,Female,Local
1825,1,17,1,9254,1,1,160.0,1,19,37,5,3,152.0,0,0,0,1,0,0,18,0,0,6,7,6,14.714285714285714,0,0,6,7,6,14.166666666666666,0,12.7,3.7,-1.7,Graduate,Female,Local
1826,1,1,1,9238,1,1,141.0,1,38,1,5,7,132.6,0,0,0,1,0,1,18,0,0,6,7,6,13.285714285714286,0,0,6,6,6,14.333333333333334,0,12.4,0.5,1.79,Graduate,Female,Local
1827,1,17,1,9085,1,1,125.0,1,1,38,4,9,118.4,1,0,0,1,0,0,21,0,0,5,13,3,11.333333333333334,2,0,5,12,2,10.5,1,9.4,-0.8,-3.12,Enrolled,Female,Local
1828,1,7,1,9500,1,3,120.0,1,37,37,4,5,120.0,0,0,1,0,0,0,28,0,0,7,7,0,0.0,7,0,7,7,0,0.0,7,13.9,-0.3,0.79,Dropout,Female,Local
1829,1,1,1,9147,1,1,128.0,1,38,37,5,6,122.1,0,0,0,1,0,1,18,0,0,5,11,4,11.571428571428571,0,0,5,9,5,12.0,0,13.9,-0.3,0.79,Enrolled,Female,Local
1830,1,1,1,9853,1,1,162.0,1,37,19,9,8,142.8,0,0,1,1,0,0,18,0,0,6,10,5,13.0,0,0,6,10,4,11.5,0,12.7,3.7,-1.7,Dropout,Female,Local
1831,1,1,1,9238,1,1,130.0,1,1,1,4,4,124.8,0,0,0,1,0,1,18,0,0,6,9,6,11.5,0,0,6,11,5,14.0,0,11.1,0.6,2.02,Graduate,Female,Local
1832,1,17,2,9147,1,1,134.0,1,37,19,9,8,126.3,1,0,0,1,0,1,18,0,0,5,8,5,11.8,0,0,5,10,5,11.6,3,16.2,0.3,-0.92,Graduate,Female,Local
1833,1,1,1,9147,1,1,133.1,1,19,19,9,9,119.0,1,0,0,0,0,1,19,0,0,5,7,3,10.666666666666666,0,0,5,10,3,12.285714285714286,0,10.8,1.4,1.74,Dropout,Female,Local
1834,1,17,1,9500,1,1,137.0,1,19,38,3,9,124.9,0,0,0,1,0,1,19,0,0,7,11,6,13.8875,0,0,8,9,8,14.864444444444445,0,15.5,2.8,-4.06,Graduate,Female,Local
1835,1,1,1,9238,1,1,133.1,1,38,38,191,192,118.0,0,0,1,1,0,1,20,0,0,6,7,5,11.4,0,0,6,9,6,11.5,0,8.9,1.4,3.51,Graduate,Female,Local
1836,2,43,1,8014,0,1,110.0,1,37,19,9,3,100.0,0,0,0,1,0,0,34,0,9,11,17,9,12.333333333333334,0,3,7,12,7,12.142857142857142,0,9.4,-0.8,-3.12,Graduate,Female,Local
1837,2,39,1,9500,1,1,133.1,1,37,37,9,9,109.0,1,0,0,1,0,0,39,0,0,7,8,5,12.16,0,0,7,8,5,12.16,0,7.6,2.6,0.32,Enrolled,Female,Local
1838,1,17,3,9500,1,1,133.0,1,3,19,2,5,130.8,1,0,0,1,0,0,19,0,0,8,8,8,13.427499999999998,0,0,8,8,8,13.427499999999998,0,9.4,-0.8,-3.12,Graduate,Female,Local
1839,1,39,1,9070,1,1,130.0,1,1,19,4,4,110.0,1,0,0,1,0,0,24,0,0,6,6,6,15.166666666666666,0,0,6,6,2,15.5,0,15.5,2.8,-4.06,Graduate,Female,Local
1840,1,10,1,9773,1,1,151.0,22,38,37,0,5,151.0,1,0,0,1,0,0,18,1,0,6,12,0,0.0,1,0,6,0,0,0.0,0,9.4,-0.8,-3.12,Dropout,Female,International
1841,1,17,1,9130,1,1,125.0,1,19,19,3,10,131.0,1,0,0,1,1,0,19,0,0,5,11,2,10.5,2,0,5,9,0,0.0,3,10.8,1.4,1.74,Dropout,Male,Local
1842,1,1,1,9147,1,1,158.0,1,1,38,3,6,155.2,0,0,0,1,1,1,18,0,0,5,5,5,11.8,0,0,5,8,3,11.0,0,9.4,-0.8,-3.12,Graduate,Male,Local
1843,1,1,2,9147,1,1,128.0,1,3,1,3,3,121.0,1,1,1,1,1,0,20,0,0,5,6,5,13.2,0,0,5,10,5,11.4,3,16.2,0.3,-0.92,Enrolled,Male,Local
1844,1,1,6,9500,1,1,133.0,1,1,1,9,9,119.7,1,1,1,1,1,0,19,0,2,7,8,7,13.075,0,1,8,11,8,12.36111111111111,0,12.4,0.5,1.79,Graduate,Male,Local
1845,1,1,1,9130,1,1,138.0,1,3,19,2,4,131.0,1,0,0,1,1,0,19,0,0,6,8,4,11.6,0,0,6,14,2,13.0,0,11.1,0.6,2.02,Dropout,Male,Local
1846,1,17,1,9003,1,1,126.0,1,37,3,5,2,116.9,0,0,0,1,1,0,19,0,0,6,10,6,13.666666666666666,0,0,6,10,4,12.25,0,13.9,-0.3,0.79,Dropout,Male,Local
1847,2,39,1,9991,0,1,140.0,1,36,14,9,10,130.0,1,0,0,1,1,0,41,0,0,5,9,4,10.75,0,0,5,7,2,10.0,0,9.4,-0.8,-3.12,Dropout,Male,Local
1848,1,1,2,9500,1,1,143.0,1,5,5,2,2,137.8,0,0,0,1,1,0,19,0,0,7,10,6,13.492857142857144,0,0,8,9,8,12.68888888888889,0,12.4,0.5,1.79,Graduate,Male,Local
1849,1,43,3,9254,1,1,135.0,1,3,3,2,2,122.1,0,0,0,1,1,0,19,0,0,6,14,3,12.5,0,0,6,9,4,11.0,0,12.7,3.7,-1.7,Enrolled,Male,Local
1850,1,7,1,9500,1,3,120.0,1,1,1,7,10,120.0,1,0,0,0,1,0,23,0,0,7,0,0,0.0,0,0,8,0,0,0.0,0,12.7,3.7,-1.7,Dropout,Male,Local
1851,1,1,1,9119,1,1,148.0,1,19,38,9,7,133.0,0,0,0,1,1,0,18,0,0,5,12,5,13.285714285714286,0,0,5,16,5,14.8,0,12.4,0.5,1.79,Dropout,Male,Local
1852,1,1,1,9147,1,1,126.0,1,3,19,3,3,115.2,0,0,0,1,1,0,19,0,0,5,6,5,12.6,0,0,5,13,5,11.8,5,16.2,0.3,-0.92,Graduate,Male,Local
1853,1,44,1,9003,1,39,160.0,1,3,3,2,10,160.0,1,0,0,1,1,0,20,0,0,6,7,6,14.0,0,0,6,7,6,14.666666666666666,0,12.4,0.5,1.79,Graduate,Male,Local
1854,1,39,1,9085,1,1,140.0,1,37,37,90,90,106.3,0,0,1,0,1,0,35,0,0,5,7,2,11.5,0,0,5,8,2,10.5,0,7.6,2.6,0.32,Dropout,Male,Local
1855,4,39,2,9670,1,19,133.1,1,19,1,90,90,103.0,0,0,0,0,1,0,34,0,0,6,6,0,0.0,0,0,6,9,0,0.0,0,10.8,1.4,1.74,Dropout,Male,Local
1856,1,1,1,9070,1,1,136.0,1,3,3,9,9,136.0,1,0,1,0,0,1,19,0,0,6,6,6,11.833333333333334,0,0,6,8,6,12.875,0,10.8,1.4,1.74,Graduate,Female,Local
1857,1,15,1,9238,1,1,150.0,26,19,1,9,9,146.5,1,0,1,0,1,0,22,1,0,6,10,5,11.5,0,0,6,8,5,12.4,0,13.9,-0.3,0.79,Graduate,Male,International
1858,1,17,3,9070,1,1,130.0,1,1,4,4,2,131.4,0,0,0,1,1,0,20,0,0,6,6,6,14.166666666666666,0,0,6,8,6,12.333333333333334,0,11.1,0.6,2.02,Graduate,Male,Local
1859,2,42,1,9991,0,1,130.0,1,3,2,2,2,130.0,0,0,0,1,1,0,27,0,2,2,2,2,12.5,0,0,5,6,2,12.5,0,12.7,3.7,-1.7,Enrolled,Male,Local
1860,2,39,1,9119,1,1,110.0,1,19,19,0,5,137.0,0,0,1,1,1,0,30,0,0,5,5,0,0.0,0,0,5,5,0,0.0,0,7.6,2.6,0.32,Dropout,Male,Local
1861,1,39,1,9119,1,1,110.0,1,1,1,4,4,125.9,0,0,0,1,1,0,34,0,0,5,7,0,0.0,0,0,5,8,1,11.0,0,10.8,1.4,1.74,Enrolled,Male,Local
1862,1,1,1,9254,1,1,121.0,1,1,1,5,4,111.9,1,0,0,0,1,0,20,0,0,6,14,2,10.5,0,0,6,16,0,0.0,0,10.8,1.4,1.74,Dropout,Male,Local
1863,1,17,1,9070,1,1,127.0,1,37,38,9,5,131.2,1,0,0,1,1,0,18,0,0,6,6,6,11.833333333333334,0,0,6,6,6,13.166666666666666,0,7.6,2.6,0.32,Graduate,Male,Local
1864,1,1,1,9130,1,1,140.0,1,9,19,4,4,131.2,0,0,0,1,1,1,26,0,0,5,9,0,0.0,0,0,5,6,0,0.0,0,7.6,2.6,0.32,Dropout,Male,Local
1865,1,39,1,9991,0,1,130.0,1,1,1,3,7,140.0,0,0,0,1,1,0,26,0,0,5,5,5,12.4,0,0,5,5,5,12.4,0,15.5,2.8,-4.06,Graduate,Male,Local
1866,1,39,2,9147,1,1,130.0,1,19,19,5,9,121.5,0,0,0,0,1,0,26,0,0,5,5,2,10.5,0,0,5,9,0,0.0,0,10.8,1.4,1.74,Dropout,Male,Local
1867,1,39,1,9991,0,1,100.0,1,37,37,9,6,153.5,0,0,1,0,1,0,31,0,0,5,9,0,0.0,0,0,5,6,0,0.0,0,12.4,0.5,1.79,Dropout,Male,Local
1868,1,1,3,171,1,1,139.0,1,37,19,9,8,142.2,1,0,0,1,1,1,20,0,6,12,12,12,14.583333333333334,0,4,11,14,11,14.333333333333334,0,8.9,1.4,3.51,Graduate,Male,Local
1869,1,1,1,9773,1,1,150.0,1,19,11,0,0,131.1,1,0,0,1,1,0,19,0,0,6,6,6,11.666666666666666,0,0,6,10,3,12.666666666666666,0,7.6,2.6,0.32,Graduate,Male,Local
1870,1,17,1,9670,1,1,133.1,1,34,3,7,2,130.6,1,0,1,0,1,0,23,0,0,5,5,0,0.0,0,0,5,5,0,0.0,0,7.6,2.6,0.32,Dropout,Male,Local
1871,1,1,6,9500,1,1,119.0,1,1,1,4,4,115.0,1,0,0,1,1,1,20,0,0,7,14,1,13.0,0,0,7,15,0,0.0,0,11.1,0.6,2.02,Dropout,Male,Local
1872,1,51,1,9500,1,1,170.0,1,1,1,4,10,125.0,0,0,0,1,1,0,20,0,0,7,7,7,15.66,0,7,10,11,9,15.011111111111113,0,11.1,0.6,2.02,Graduate,Male,Local
1873,1,39,1,8014,0,1,133.1,1,34,34,0,0,97.5,1,0,0,1,1,0,29,0,0,6,10,0,0.0,1,0,5,10,0,0.0,0,7.6,2.6,0.32,Dropout,Male,Local
1874,1,1,4,9773,1,1,133.0,1,19,19,7,7,134.4,1,0,0,1,1,1,20,0,0,6,6,6,12.166666666666666,0,0,6,8,4,12.75,0,9.4,-0.8,-3.12,Graduate,Male,Local
1875,1,1,1,9500,1,1,125.0,1,37,37,9,9,118.8,0,0,0,1,1,0,24,0,0,7,7,6,13.3,0,0,7,7,6,13.3,0,7.6,2.6,0.32,Graduate,Male,Local
1876,1,39,1,9556,1,19,133.1,1,42,1,3,7,110.5,0,0,0,1,1,0,37,0,0,7,15,0,0.0,0,0,7,13,0,0.0,1,11.1,0.6,2.02,Dropout,Male,Local
1877,1,1,5,9500,1,1,143.0,1,37,19,4,4,123.3,1,0,0,1,1,0,18,0,0,7,0,0,0.0,0,0,8,0,0,0.0,0,7.6,2.6,0.32,Dropout,Male,Local
1878,1,1,2,171,1,1,127.0,1,2,19,5,5,139.6,1,0,1,0,1,1,18,0,0,0,0,0,0.0,0,0,0,0,0,0.0,0,13.9,-0.3,0.79,Dropout,Male,Local
1879,1,17,1,9500,1,1,157.0,1,19,3,4,9,138.8,0,0,0,1,1,0,18,0,0,8,8,7,13.55714285714286,0,0,8,8,7,13.55714285714286,0,12.7,3.7,-1.7,Graduate,Male,Local
1880,2,44,1,9119,1,39,160.0,1,37,37,9,9,160.0,0,0,1,1,1,0,41,0,3,7,15,5,14.333333333333334,0,1,6,16,6,14.636363636363637,0,12.4,0.5,1.79,Enrolled,Male,Local
1881,1,39,1,9003,1,1,140.0,1,37,37,9,4,140.0,0,0,0,1,1,0,35,0,0,6,16,4,12.0,0,0,6,11,3,10.333333333333334,0,13.9,-0.3,0.79,Dropout,Male,Local
1882,1,17,1,9254,1,1,128.0,1,19,38,9,9,118.2,0,0,0,1,0,0,19,0,0,5,5,0,0.0,0,0,6,0,0,0.0,0,8.9,1.4,3.51,Dropout,Female,Local
1883,1,1,1,171,1,1,145.0,1,1,19,10,5,150.6,1,0,0,1,1,0,18,0,0,0,0,0,0.0,0,0,0,0,0,0.0,0,10.8,1.4,1.74,Graduate,Male,Local
1884,2,39,1,9500,1,1,133.1,1,37,37,191,172,115.2,0,0,0,1,0,0,48,0,0,7,11,4,11.75,0,0,7,14,3,11.725,0,11.1,0.6,2.02,Enrolled,Female,Local
1885,1,1,1,9500,1,1,132.0,1,19,2,9,3,126.0,1,0,0,1,0,0,19,0,0,7,7,6,12.183333333333332,0,0,7,7,6,12.183333333333332,0,7.6,2.6,0.32,Graduate,Female,Local
1886,1,44,1,9003,1,39,160.0,1,37,37,9,7,160.0,1,0,0,0,1,0,30,0,4,9,18,6,11.833333333333334,0,1,8,21,4,11.0,0,15.5,2.8,-4.06,Dropout,Male,Local
1887,2,43,1,9773,1,1,160.0,1,37,37,5,0,160.0,0,0,1,0,1,0,51,0,0,4,4,0,0.0,0,0,4,4,0,0.0,0,12.7,3.7,-1.7,Dropout,Male,Local
1888,1,10,1,9085,1,1,184.4,22,2,19,2,8,184.4,0,0,0,1,0,0,18,1,0,6,8,6,15.0,0,0,6,10,5,14.333333333333334,0,11.1,0.6,2.02,Graduate,Female,International
1889,1,1,1,171,1,1,149.0,1,1,1,9,3,156.0,1,0,0,1,0,0,18,0,0,0,0,0,0.0,0,0,0,0,0,0.0,0,10.8,1.4,1.74,Graduate,Female,Local
1890,1,1,1,171,1,1,146.0,1,40,43,4,4,150.2,1,0,0,1,0,0,18,0,0,0,0,0,0.0,0,0,0,0,0,0.0,0,11.1,0.6,2.02,Graduate,Female,Local
1891,1,1,5,9500,1,1,139.0,1,38,37,7,7,126.3,1,0,0,1,0,1,18,0,0,8,8,8,13.435,0,0,8,8,8,13.435,0,9.4,-0.8,-3.12,Graduate,Female,Local
1892,1,1,1,9130,1,1,152.0,1,2,22,4,3,146.1,1,0,0,1,0,0,18,0,0,5,8,4,13.5,2,0,5,9,0,0.0,3,10.8,1.4,1.74,Dropout,Female,Local
1893,1,1,1,171,1,1,147.0,1,2,3,4,8,145.3,1,0,0,1,0,0,18,0,0,0,0,0,0.0,0,0,0,0,0,0.0,0,12.4,0.5,1.79,Enrolled,Female,Local
1894,1,18,1,171,1,1,121.0,1,1,1,4,3,116.8,1,0,0,1,0,0,23,0,15,17,18,17,11.5,0,16,17,17,17,12.176470588235292,0,12.4,0.5,1.79,Graduate,Female,Local
1895,1,1,1,9070,1,1,124.0,1,19,19,7,9,132.1,1,0,0,1,0,0,19,0,0,6,10,2,10.5,0,0,6,6,3,11.0,0,7.6,2.6,0.32,Enrolled,Female,Local
1896,1,1,1,9085,1,1,105.0,1,19,37,8,8,102.6,0,1,0,1,0,0,21,0,0,6,13,4,12.0,0,0,6,17,2,11.5,0,11.1,0.6,2.02,Enrolled,Female,Local
1897,1,1,1,9773,1,1,121.0,1,3,3,2,2,112.3,1,0,1,0,0,0,18,0,0,6,7,5,12.2,0,0,6,11,4,11.5,0,11.1,0.6,2.02,Dropout,Female,Local
1898,1,1,1,171,1,1,143.0,1,12,12,4,1,155.3,1,1,0,1,0,0,18,0,0,0,0,0,0.0,0,0,0,0,0,0.0,0,11.1,0.6,2.02,Graduate,Female,Local
1899,1,53,1,9085,1,42,150.0,1,3,1,2,8,153.8,1,0,0,1,0,0,21,0,7,11,15,10,14.5,0,4,9,15,8,14.0,0,8.9,1.4,3.51,Graduate,Female,Local
1900,1,43,1,9773,1,1,126.0,1,1,37,3,0,110.0,0,0,1,1,0,0,20,0,0,6,7,6,13.333333333333334,0,0,6,8,6,12.666666666666666,0,12.4,0.5,1.79,Graduate,Female,Local
1901,1,42,1,9085,1,1,133.1,1,1,9,4,4,128.2,0,0,0,1,0,0,24,0,5,11,29,9,12.0,6,4,10,21,9,12.555555555555555,0,9.4,-0.8,-3.12,Graduate,Female,Local
1902,1,1,1,9130,1,1,127.0,1,1,1,4,4,120.4,1,0,0,1,0,0,18,0,0,6,9,6,15.125,0,0,6,9,6,14.0,0,13.9,-0.3,0.79,Graduate,Female,Local
1903,1,17,1,9500,1,1,160.0,1,19,1,4,10,153.0,1,0,0,1,0,0,18,0,0,7,7,6,13.116666666666667,0,0,7,7,6,13.116666666666667,0,7.6,2.6,0.32,Graduate,Female,Local
1904,1,1,1,9773,1,1,121.0,1,19,1,7,9,117.9,1,0,0,1,0,0,19,0,0,6,7,6,12.833333333333334,0,0,6,7,6,11.666666666666666,0,11.1,0.6,2.02,Graduate,Female,Local
1905,1,44,1,9238,1,39,150.0,1,1,37,4,8,145.6,1,0,0,1,0,1,20,0,3,6,6,6,13.333333333333334,0,2,6,6,6,14.166666666666666,0,13.9,-0.3,0.79,Graduate,Female,Local
1906,1,1,6,9500,1,1,117.0,1,4,12,5,9,119.8,1,0,0,1,0,0,18,0,0,7,7,7,13.877142857142855,0,0,8,8,8,15.6625,0,12.4,0.5,1.79,Graduate,Female,Local
1907,1,1,6,9500,1,1,141.0,1,19,1,9,10,126.8,1,0,0,1,0,0,18,0,0,8,8,7,12.944285714285714,0,0,8,8,7,12.944285714285714,0,10.8,1.4,1.74,Graduate,Female,Local
1908,1,17,1,9853,1,1,112.0,1,2,19,3,9,106.1,1,0,0,1,0,0,19,0,0,6,8,5,12.333333333333334,0,0,6,8,5,11.0,0,15.5,2.8,-4.06,Enrolled,Female,Local
1909,1,1,1,9500,1,1,148.0,1,3,3,2,2,137.3,1,0,0,1,0,0,19,0,0,7,7,6,14.266666666666666,0,0,7,7,6,14.266666666666666,0,7.6,2.6,0.32,Graduate,Female,Local
1910,1,1,2,9670,1,1,120.0,1,3,19,4,5,115.5,1,0,0,1,0,0,18,0,0,6,8,5,13.0,0,0,6,8,5,14.0,0,13.9,-0.3,0.79,Graduate,Female,Local
1911,1,1,2,9500,1,1,132.0,1,37,37,5,7,127.5,1,0,0,1,0,0,20,0,0,8,8,8,12.48375,0,0,8,8,8,12.48375,0,9.4,-0.8,-3.12,Graduate,Female,Local
1912,1,1,2,9556,1,1,125.0,1,38,1,9,3,116.3,1,0,0,1,0,0,18,0,0,7,8,7,13.428571428571429,0,0,8,8,8,15.3125,0,16.2,0.3,-0.92,Graduate,Female,Local
1913,2,17,3,8014,0,1,123.0,1,19,37,3,3,113.2,0,0,1,0,0,0,18,0,0,6,9,3,10.666666666666666,0,0,6,12,0,0.0,0,7.6,2.6,0.32,Dropout,Female,Local
1914,1,1,1,9853,1,1,142.0,1,12,12,9,4,132.6,1,0,0,1,0,0,18,0,0,6,8,5,15.4,0,0,6,7,5,12.2,0,7.6,2.6,0.32,Graduate,Female,Local
1915,1,1,4,9500,1,1,148.0,1,1,37,4,8,132.0,1,0,0,1,0,0,18,0,0,7,7,6,13.45,0,0,7,7,6,13.45,0,7.6,2.6,0.32,Graduate,Female,Local
1916,1,17,5,9500,1,1,136.0,1,19,38,5,8,130.3,1,0,0,1,0,1,18,0,0,7,7,6,12.6,0,0,7,7,6,12.6,0,7.6,2.6,0.32,Graduate,Female,Local
1917,1,1,4,9500,1,1,123.0,1,19,38,9,10,116.7,1,0,0,1,0,0,20,0,0,7,7,7,12.485714285714286,0,0,8,12,8,12.9375,0,16.2,0.3,-0.92,Graduate,Female,Local
1918,1,1,2,9070,1,1,135.0,1,19,37,9,9,134.0,1,0,0,1,0,1,22,0,0,6,10,5,10.8,0,0,6,7,5,12.8,0,12.7,3.7,-1.7,Graduate,Female,Local
1919,1,43,1,9670,1,1,151.0,1,19,19,1,1,100.0,0,0,1,1,0,0,20,0,0,6,12,5,12.2,0,0,6,8,5,14.6,0,13.9,-0.3,0.79,Enrolled,Female,Local
1920,1,44,1,9085,1,39,140.0,1,1,1,3,7,140.0,1,0,0,1,0,0,20,0,2,6,11,5,14.2,0,0,6,12,2,13.5,0,13.9,-0.3,0.79,Enrolled,Female,Local
1921,1,1,2,9238,1,1,136.0,1,37,38,9,8,139.2,1,0,0,1,0,0,18,0,0,6,7,6,13.833333333333334,0,0,6,6,6,14.0,0,9.4,-0.8,-3.12,Graduate,Female,Local
1922,1,1,1,9853,1,1,142.0,1,19,1,9,1,132.6,0,0,0,1,0,0,18,0,0,6,8,5,12.8,0,0,6,14,3,10.0,0,9.4,-0.8,-3.12,Enrolled,Female,Local
1923,1,17,3,9147,1,1,142.0,1,37,38,5,1,129.4,0,0,0,1,0,0,18,0,0,5,5,5,13.2,0,0,5,6,4,12.5,0,9.4,-0.8,-3.12,Graduate,Female,Local
1924,1,17,1,9670,1,1,127.0,1,1,38,4,7,125.6,0,0,1,1,0,1,18,0,0,6,7,1,14.0,0,0,6,6,0,0.0,0,15.5,2.8,-4.06,Dropout,Female,Local
1925,1,17,1,9238,1,1,131.0,1,1,1,4,10,129.3,0,0,0,1,0,0,19,0,4,8,8,8,13.875,0,1,6,8,5,14.0,0,11.1,0.6,2.02,Graduate,Female,Local
1926,1,1,1,9085,1,1,134.0,1,38,19,9,4,128.4,1,0,0,1,0,1,19,0,0,5,7,5,12.5,0,0,5,8,5,12.714285714285714,0,10.8,1.4,1.74,Graduate,Female,Local
1927,1,17,2,9773,1,1,142.0,1,19,19,9,9,139.9,0,0,0,1,0,1,18,0,0,6,7,6,13.428571428571429,0,0,6,6,6,12.5,0,13.9,-0.3,0.79,Graduate,Female,Local
1928,1,1,1,9070,1,1,123.0,1,38,38,9,5,124.8,0,0,0,0,0,1,18,0,0,6,7,5,11.8,0,0,6,7,5,13.0,0,8.9,1.4,3.51,Enrolled,Female,Local
1929,1,17,3,9500,1,1,133.0,1,1,1,9,9,128.5,1,0,0,1,0,1,18,0,0,7,7,7,14.868571428571428,0,0,8,9,8,15.11111111111111,0,11.1,0.6,2.02,Graduate,Female,Local
1930,1,1,4,9500,1,1,125.0,1,19,1,1,1,117.8,1,0,0,1,0,0,18,0,0,7,10,7,13.03,0,0,8,8,8,13.21875,0,15.5,2.8,-4.06,Graduate,Female,Local
1931,1,17,1,9670,1,1,120.0,1,38,38,5,7,115.1,1,0,0,1,0,0,19,0,0,6,7,6,14.571428571428571,0,0,6,7,6,12.333333333333334,0,12.4,0.5,1.79,Graduate,Female,Local
1932,1,17,2,9238,1,1,125.0,1,19,19,3,3,118.0,1,0,0,1,0,0,18,0,0,6,9,5,11.0,0,0,6,9,4,11.25,0,8.9,1.4,3.51,Graduate,Female,Local
1933,1,39,1,9500,1,19,133.1,1,19,37,9,4,120.0,0,0,0,1,0,1,25,0,0,8,8,8,13.3675,0,0,8,8,8,13.3675,0,9.4,-0.8,-3.12,Graduate,Female,Local
1934,1,1,4,9500,1,1,133.1,1,19,38,9,9,119.6,1,0,0,1,0,1,19,0,0,7,7,6,12.808333333333332,0,0,8,11,7,12.825714285714286,0,12.4,0.5,1.79,Graduate,Female,Local
1935,1,17,6,9500,1,1,143.0,1,1,38,3,3,133.2,1,0,0,1,0,0,18,0,0,7,7,7,13.918571428571427,0,0,8,9,8,13.8875,0,11.1,0.6,2.02,Graduate,Female,Local
1936,1,17,1,9130,1,1,147.0,1,4,1,2,10,141.8,1,0,0,1,0,0,19,0,0,6,8,6,13.0,0,0,6,9,4,12.8,0,13.9,-0.3,0.79,Graduate,Female,Local
1937,2,1,1,9500,1,1,142.0,1,19,38,4,5,130.3,0,0,0,1,0,0,18,0,0,7,7,6,13.683333333333332,0,0,7,7,6,13.683333333333332,0,7.6,2.6,0.32,Graduate,Female,Local
1938,1,39,1,9085,1,1,150.0,1,19,19,4,10,100.0,0,0,0,1,0,0,24,0,1,6,11,5,13.0,0,1,6,12,1,12.0,0,13.9,-0.3,0.79,Dropout,Female,Local
1939,1,1,2,9773,1,1,124.0,1,3,3,3,4,114.6,1,0,0,1,0,0,21,0,0,6,8,5,12.8,0,0,6,7,5,11.2,0,11.1,0.6,2.02,Graduate,Female,Local
1940,1,1,2,9254,1,1,136.0,1,1,1,9,4,123.4,1,0,0,1,0,1,18,0,0,6,9,6,13.571428571428571,0,0,6,6,6,12.166666666666666,0,8.9,1.4,3.51,Graduate,Female,Local
1941,1,1,1,9238,1,1,116.0,1,38,38,9,6,116.4,1,0,0,1,0,0,18,0,0,6,6,6,13.166666666666666,0,0,6,6,6,13.166666666666666,0,8.9,1.4,3.51,Graduate,Female,Local
1942,2,1,1,9070,1,1,127.0,1,12,19,9,9,123.2,0,0,0,1,0,1,20,0,0,6,6,6,15.0,0,0,6,6,6,14.5,0,11.1,0.6,2.02,Graduate,Female,Local
1943,1,1,1,9070,1,1,117.0,1,4,19,3,5,123.7,1,0,0,1,0,0,19,0,0,6,6,6,12.666666666666666,0,0,6,8,5,11.4,0,12.4,0.5,1.79,Graduate,Female,Local
1944,1,1,2,9773,1,1,116.0,1,1,19,4,7,127.6,1,0,0,1,0,1,19,0,0,6,7,6,13.857142857142858,0,0,6,7,6,13.142857142857142,0,13.9,-0.3,0.79,Dropout,Female,Local
1945,1,1,4,9500,1,1,129.0,1,37,37,9,9,117.1,1,0,0,1,0,0,30,0,0,7,7,7,14.692857142857145,0,0,8,8,8,14.9625,0,12.4,0.5,1.79,Graduate,Female,Local
1946,1,1,1,9500,1,1,157.0,1,19,38,5,3,149.3,0,0,0,1,0,0,18,0,0,8,8,8,14.035,0,0,8,8,8,14.035,0,9.4,-0.8,-3.12,Graduate,Female,Local
1947,1,17,1,9085,1,1,135.0,1,1,19,4,10,125.6,1,0,0,1,0,0,18,0,0,5,8,4,11.0,1,0,5,8,3,14.0,0,12.7,3.7,-1.7,Graduate,Female,Local
1948,1,1,1,9773,1,1,139.0,1,38,38,9,9,145.0,1,0,0,1,0,1,18,0,0,6,6,6,13.333333333333334,0,0,6,6,6,13.333333333333334,0,9.4,-0.8,-3.12,Graduate,Female,Local
1949,1,18,1,9500,1,1,115.0,1,38,37,5,5,115.0,0,0,0,1,0,0,20,0,0,7,13,6,11.7725,0,0,8,9,7,12.33,0,15.5,2.8,-4.06,Graduate,Female,Local
1950,1,1,1,9254,1,1,123.0,1,38,38,4,7,114.3,0,0,0,1,0,0,19,0,0,6,0,0,0.0,0,0,6,0,0,0.0,0,11.1,0.6,2.02,Dropout,Female,Local
1951,1,43,2,9254,1,1,140.0,1,19,19,9,9,126.0,1,0,0,1,0,0,19,0,0,6,0,0,0.0,0,0,6,12,0,0.0,0,10.8,1.4,1.74,Dropout,Female,Local
1952,1,1,1,171,1,1,138.0,1,19,37,7,7,124.0,1,0,0,0,0,0,19,0,0,0,0,0,0.0,0,0,0,0,0,0.0,0,10.8,1.4,1.74,Dropout,Female,Local
1953,1,1,4,9254,1,1,132.0,1,1,38,5,6,122.6,1,0,0,1,0,1,18,0,0,6,7,6,12.285714285714286,0,0,6,6,6,12.0,0,8.9,1.4,3.51,Graduate,Female,Local
1954,1,1,4,9500,1,1,140.0,1,3,19,2,3,133.8,1,0,0,1,0,0,17,0,0,8,14,5,12.46,0,0,8,14,5,12.46,0,10.8,1.4,1.74,Enrolled,Female,Local
1955,1,18,1,9853,1,1,117.0,1,19,38,4,0,113.5,1,0,0,1,0,0,19,0,0,7,10,6,12.166666666666666,0,0,7,9,6,13.166666666666666,0,12.4,0.5,1.79,Graduate,Female,Local
1956,1,1,4,9238,1,1,125.0,1,19,1,4,5,122.6,1,1,0,1,0,0,18,0,0,6,9,5,11.833333333333334,0,0,6,8,2,11.5,0,13.9,-0.3,0.79,Enrolled,Female,Local
1957,1,7,1,9500,1,3,140.0,1,37,37,4,4,140.0,0,0,0,1,0,0,25,0,0,8,8,7,14.805714285714286,0,0,8,8,7,14.805714285714286,0,10.8,1.4,1.74,Graduate,Female,Local
1958,1,1,1,9238,1,1,133.1,1,12,38,4,9,107.0,1,0,0,1,0,0,19,0,0,6,11,5,10.6,0,0,6,10,6,11.714285714285714,0,11.1,0.6,2.02,Dropout,Female,Local
1959,1,53,1,9085,1,42,130.0,1,19,1,9,9,130.0,1,0,1,0,0,0,24,0,7,9,9,8,13.125,0,4,9,13,6,13.0,0,8.9,1.4,3.51,Enrolled,Female,Local
1960,1,1,1,9238,1,1,134.0,1,1,1,4,9,124.2,1,0,1,1,0,1,19,0,0,6,6,6,12.833333333333334,0,0,6,6,6,12.666666666666666,0,9.4,-0.8,-3.12,Graduate,Female,Local
1961,1,18,1,9500,1,1,128.0,1,19,1,9,4,125.8,0,0,0,1,0,1,20,0,0,8,8,0,0.0,8,0,8,8,0,0.0,8,9.4,-0.8,-3.12,Enrolled,Female,Local
1962,1,1,1,9670,1,1,115.0,1,1,1,5,4,108.0,1,0,0,1,0,1,20,0,0,6,9,5,13.0,0,0,6,6,5,13.8,0,12.4,0.5,1.79,Graduate,Female,Local
1963,1,1,2,9500,1,1,119.0,1,1,1,4,4,115.2,1,0,0,1,0,1,20,0,0,7,8,7,12.725,0,0,8,8,8,13.7125,0,13.9,-0.3,0.79,Graduate,Female,Local
1964,1,17,1,9085,1,1,131.0,1,1,3,4,1,129.3,1,0,0,1,0,0,19,0,0,5,10,4,11.25,1,0,5,10,3,10.333333333333334,0,12.7,3.7,-1.7,Graduate,Female,Local
1965,1,7,1,9003,1,4,120.0,1,3,1,2,4,120.0,1,0,0,1,0,0,31,0,8,12,12,11,13.818181818181818,0,4,12,16,12,13.461538461538462,0,15.5,2.8,-4.06,Graduate,Female,Local
1966,1,1,1,9085,1,1,120.0,1,1,19,3,4,116.7,0,0,0,1,0,0,20,0,0,5,12,3,12.333333333333334,2,0,5,8,3,13.0,1,9.4,-0.8,-3.12,Graduate,Female,Local
1967,1,1,3,9085,1,1,135.0,1,3,2,4,3,121.0,1,0,0,1,0,0,18,0,0,5,14,3,12.333333333333334,2,0,5,8,5,11.6,0,9.4,-0.8,-3.12,Enrolled,Female,Local
1968,1,17,1,9853,1,1,146.0,1,1,1,3,4,128.2,0,0,1,1,0,0,18,0,0,6,8,4,13.25,0,0,6,10,3,10.666666666666666,0,12.7,3.7,-1.7,Enrolled,Female,Local
1969,1,1,4,9670,1,1,133.0,1,1,2,4,7,121.1,1,0,0,1,0,0,18,0,0,6,7,6,13.666666666666666,0,0,6,9,5,15.4,0,13.9,-0.3,0.79,Graduate,Female,Local
1970,1,51,1,9238,1,1,122.0,1,19,3,5,2,112.6,0,0,1,1,0,0,20,0,5,11,18,8,12.625,0,4,10,10,3,11.0,0,11.1,0.6,2.02,Enrolled,Female,Local
1971,1,17,1,9085,1,1,128.0,1,2,19,2,4,123.3,1,0,0,1,0,1,20,0,0,6,6,6,14.833333333333334,0,0,6,8,6,12.142857142857142,0,8.9,1.4,3.51,Graduate,Female,Local
1972,1,17,2,9670,1,1,129.0,1,19,19,5,4,129.4,0,0,0,1,0,1,19,0,0,6,7,5,11.2,0,0,6,10,5,13.125,0,10.8,1.4,1.74,Dropout,Female,Local
1973,1,17,1,9147,1,1,122.0,1,19,19,4,6,119.9,0,0,0,1,0,1,21,0,0,5,6,5,11.4,0,0,5,6,5,12.2,0,12.7,3.7,-1.7,Graduate,Female,Local
1974,1,1,4,9500,1,1,140.0,1,1,12,3,10,131.6,1,0,0,1,0,0,18,0,0,7,8,7,13.135,0,0,8,9,8,13.244444444444444,0,12.4,0.5,1.79,Graduate,Female,Local
1975,1,51,1,9070,1,1,143.0,1,1,1,4,4,120.0,1,0,0,1,0,0,21,0,3,10,10,10,13.0,0,5,11,11,10,11.4,0,11.1,0.6,2.02,Dropout,Female,Local
1976,1,1,4,9500,1,1,118.0,1,19,19,3,3,110.0,1,0,0,1,0,0,19,0,0,7,12,4,12.85,0,0,7,7,7,12.62142857142857,0,11.1,0.6,2.02,Enrolled,Female,Local
1977,1,44,1,9238,1,39,140.0,1,1,19,191,102,143.0,0,0,0,1,0,0,20,0,3,6,6,6,13.5,0,2,6,9,5,12.5,0,13.9,-0.3,0.79,Graduate,Female,Local
1978,1,44,1,9085,1,1,140.0,1,1,2,3,3,140.0,0,0,0,1,0,0,20,0,0,6,7,6,14.285714285714286,0,0,6,9,3,13.0,0,13.9,-0.3,0.79,Enrolled,Female,Local
1979,1,1,1,9670,1,1,123.0,1,12,1,9,9,119.2,1,0,0,1,0,1,18,0,0,6,8,5,13.5,0,0,6,6,6,14.5,0,12.4,0.5,1.79,Graduate,Female,Local
1980,1,1,1,9147,1,1,140.0,1,19,19,9,9,124.3,1,0,0,1,0,1,18,0,0,5,8,4,10.75,0,0,5,5,5,13.0,0,12.4,0.5,1.79,Graduate,Female,Local
1981,1,17,1,9238,1,1,116.0,1,19,19,7,7,111.1,1,0,0,1,0,1,18,0,0,6,9,6,11.333333333333334,0,0,6,9,6,11.833333333333334,0,8.9,1.4,3.51,Graduate,Female,Local
1982,1,43,1,9085,1,39,150.0,1,38,37,6,6,150.0,1,0,0,1,0,1,21,0,2,7,15,3,13.0,2,1,5,12,5,13.285714285714286,1,10.8,1.4,1.74,Graduate,Female,Local
1983,1,1,1,9500,1,1,147.0,1,38,19,5,8,147.3,0,0,0,1,0,0,18,0,0,7,7,6,13.966666666666669,0,0,7,7,6,13.966666666666669,0,7.6,2.6,0.32,Graduate,Female,Local
1984,1,1,1,9500,1,1,162.0,1,19,1,5,5,147.5,1,0,0,1,0,1,18,0,0,8,8,8,14.14125,0,0,8,8,8,14.14125,0,9.4,-0.8,-3.12,Graduate,Female,Local
1985,1,17,2,9254,1,1,108.0,1,37,37,9,7,108.0,1,0,0,1,0,1,20,0,0,6,10,4,11.6,0,0,6,10,4,11.75,0,12.7,3.7,-1.7,Graduate,Female,Local
1986,2,42,1,9500,1,2,130.0,1,37,37,9,9,130.0,0,0,0,1,0,1,32,0,0,8,8,8,14.6625,0,0,8,8,8,14.6625,0,9.4,-0.8,-3.12,Graduate,Female,Local
1987,2,39,1,9991,0,1,140.0,1,37,37,9,10,130.0,0,0,0,1,0,0,34,0,0,5,5,0,0.0,0,0,5,5,0,0.0,0,9.4,-0.8,-3.12,Enrolled,Female,Local
1988,1,1,2,9500,1,1,116.0,1,19,37,3,3,109.0,1,0,0,1,0,1,23,0,0,7,8,6,12.993333333333334,0,0,8,9,8,12.66875,0,11.1,0.6,2.02,Graduate,Female,Local
1989,1,1,5,9670,1,1,120.0,1,4,1,4,10,112.0,1,0,0,1,0,0,18,0,0,6,10,4,11.25,0,0,6,11,5,12.2,0,8.9,1.4,3.51,Enrolled,Female,Local
1990,1,17,1,8014,0,1,132.0,1,37,19,5,5,121.2,0,0,0,1,0,0,18,0,0,6,8,5,12.2,0,0,6,10,5,12.8,0,10.8,1.4,1.74,Graduate,Female,Local
1991,1,43,1,171,1,2,140.0,1,37,37,9,9,140.0,1,0,0,1,0,0,34,0,0,0,0,0,0.0,0,0,0,0,0,0.0,0,10.8,1.4,1.74,Dropout,Female,Local
1992,1,39,1,8014,0,1,120.0,100,1,1,4,7,119.5,0,0,1,1,0,0,25,1,2,6,6,6,11.333333333333334,0,0,6,6,4,11.75,0,8.9,1.4,3.51,Enrolled,Female,International
1993,1,1,1,9147,1,1,136.0,1,37,38,193,181,125.9,0,0,0,1,0,0,21,0,0,5,7,5,12.2,0,0,5,7,5,11.8,0,11.1,0.6,2.02,Graduate,Female,Local
1994,1,1,1,9254,1,1,133.0,1,19,9,0,0,121.5,1,0,0,1,0,1,20,0,0,6,12,0,0.0,0,0,6,12,0,0.0,0,7.6,2.6,0.32,Dropout,Female,Local
1995,1,1,5,9238,1,1,126.0,1,30,19,0,2,121.5,1,0,0,1,0,0,18,0,0,6,8,6,11.333333333333334,0,0,6,6,6,11.666666666666666,0,7.6,2.6,0.32,Graduate,Female,Local
1996,1,17,1,9085,1,1,142.0,1,3,37,4,8,132.4,1,0,0,1,0,0,18,0,0,6,8,6,13.857142857142858,0,0,6,15,6,13.1,0,12.4,0.5,1.79,Graduate,Female,Local
1997,1,17,1,9773,1,1,121.0,1,37,37,9,9,122.4,0,0,0,1,0,0,18,0,0,6,7,6,12.857142857142858,0,0,6,6,6,13.333333333333334,0,13.9,-0.3,0.79,Graduate,Female,Local
1998,1,39,1,8014,0,1,134.0,1,37,38,4,7,110.0,1,0,0,1,0,0,24,0,0,6,10,1,10.0,0,0,6,12,0,0.0,0,9.4,-0.8,-3.12,Dropout,Female,Local
1999,1,51,1,9147,1,1,140.0,1,19,19,9,7,120.4,0,0,1,0,0,0,32,0,14,15,17,14,10.214285714285714,0,13,13,13,13,11.384615384615383,0,16.2,0.3,-0.92,Graduate,Female,Local
2000,1,39,1,9254,1,1,133.1,1,1,1,9,6,105.0,1,0,1,0,0,0,24,0,0,6,14,6,11.285714285714286,0,0,6,16,3,10.333333333333334,0,8.9,1.4,3.51,Dropout,Female,Local
2001,1,1,1,9238,1,1,157.0,1,38,37,9,5,137.8,0,0,0,1,0,1,18,0,0,6,6,6,13.833333333333334,0,0,6,7,0,0.0,0,15.5,2.8,-4.06,Dropout,Female,Local
2002,1,51,1,9254,1,1,120.0,1,38,38,9,9,118.0,0,0,0,1,0,0,28,0,0,6,8,6,12.857142857142858,0,0,6,8,5,12.6,0,8.9,1.4,3.51,Graduate,Female,Local
2003,1,17,5,9853,1,1,134.0,1,19,38,4,8,122.1,1,0,0,1,0,1,18,0,0,6,8,6,11.666666666666666,0,0,6,9,4,12.0,0,10.8,1.4,1.74,Dropout,Female,Local
2004,1,7,1,9853,1,3,140.0,1,34,34,0,0,140.0,1,0,0,0,0,0,24,0,0,6,12,0,0.0,0,0,5,10,0,0.0,0,9.4,-0.8,-3.12,Dropout,Female,Local
2005,1,1,1,9085,1,1,133.0,1,1,37,4,10,143.2,0,0,0,1,0,0,19,0,0,5,7,5,14.4,0,0,5,6,5,13.2,0,7.6,2.6,0.32,Graduate,Female,Local
2006,2,39,1,8014,0,1,146.0,1,37,37,9,8,120.5,0,0,0,1,0,0,44,0,0,6,6,6,14.833333333333334,0,0,6,6,6,14.166666666666666,0,10.8,1.4,1.74,Graduate,Female,Local
2007,1,16,3,9085,1,1,130.0,1,37,37,9,2,119.5,1,0,0,1,0,1,18,0,0,6,14,6,14.333333333333334,0,0,6,9,6,12.0,0,15.5,2.8,-4.06,Graduate,Female,Local
2008,1,1,1,171,1,1,151.0,1,37,37,9,7,147.5,1,0,0,1,0,0,18,0,0,0,0,0,0.0,0,0,0,0,0,0.0,0,7.6,2.6,0.32,Graduate,Female,Local
2009,1,1,6,9773,1,1,133.1,1,1,1,90,90,129.6,0,0,0,1,0,0,22,0,0,6,0,0,0.0,0,0,6,0,0,0.0,0,7.6,2.6,0.32,Dropout,Female,Local
2010,1,18,1,9853,1,1,132.0,1,37,37,9,5,126.1,0,0,0,1,0,1,18,0,0,7,9,6,12.333333333333334,0,0,7,7,6,12.666666666666666,0,11.1,0.6,2.02,Graduate,Female,Local
2011,2,39,1,9991,0,1,110.0,1,37,37,9,4,160.0,0,0,0,1,0,0,44,0,0,5,5,5,11.8,0,0,5,5,5,12.4,0,15.5,2.8,-4.06,Graduate,Female,Local
2012,5,39,1,9853,1,19,133.1,1,38,1,5,3,105.5,0,0,1,1,0,0,33,0,0,6,7,5,13.2,0,0,6,7,5,10.6,0,7.6,2.6,0.32,Dropout,Female,Local
2013,2,39,1,9853,1,1,110.0,1,37,37,9,9,95.5,0,0,1,0,0,0,32,0,0,6,6,0,0.0,0,0,5,10,0,0.0,0,10.8,1.4,1.74,Dropout,Female,Local
2014,2,39,1,9003,1,1,133.1,1,19,19,4,4,107.5,0,0,0,0,0,0,35,0,0,6,0,0,0.0,0,0,6,0,0,0.0,0,15.5,2.8,-4.06,Dropout,Female,Local
2015,1,1,1,9238,1,1,105.0,1,19,19,6,6,106.1,1,0,0,1,0,0,20,0,0,6,6,6,11.5,0,0,6,7,6,13.285714285714286,0,11.1,0.6,2.02,Graduate,Female,Local
2016,1,39,1,9254,1,1,160.0,1,3,1,6,6,116.3,1,0,0,1,0,0,24,0,0,6,8,5,12.6,0,0,6,7,5,12.2,0,9.4,-0.8,-3.12,Graduate,Female,Local
2017,1,1,1,9500,1,1,144.0,1,38,1,9,10,137.4,0,0,0,1,0,0,19,0,0,7,7,7,13.542857142857144,0,0,8,9,8,14.22222222222222,0,16.2,0.3,-0.92,Graduate,Female,Local
2018,1,1,1,9254,1,1,100.0,1,19,19,5,5,101.8,1,0,0,1,0,0,21,0,0,6,8,5,11.6,0,0,6,6,5,13.0,0,12.4,0.5,1.79,Enrolled,Female,Local
2019,1,1,2,9773,1,1,143.0,1,1,1,4,9,144.1,1,0,0,1,1,1,19,0,0,6,7,6,13.666666666666666,0,0,6,6,6,13.833333333333334,0,12.7,3.7,-1.7,Graduate,Male,Local
2020,1,42,1,9003,1,1,160.0,1,19,1,9,5,107.8,1,0,0,0,1,0,27,0,0,6,10,0,0.0,0,0,6,8,0,0.0,0,15.5,2.8,-4.06,Dropout,Male,Local
2021,1,39,1,9853,1,1,140.0,1,19,1,9,4,128.2,0,0,0,0,0,0,30,0,0,6,0,0,0.0,0,0,6,0,0,0.0,0,12.7,3.7,-1.7,Dropout,Female,Local
2022,1,17,4,171,1,1,133.1,1,38,38,9,9,117.0,1,0,0,1,1,0,21,0,0,0,0,0,0.0,0,0,0,0,0,0.0,0,10.8,1.4,1.74,Dropout,Male,Local
2023,1,1,1,9070,1,1,116.0,1,1,12,5,8,110.4,1,0,0,1,1,0,19,0,0,6,6,6,11.5,0,0,6,8,6,12.285714285714286,0,8.9,1.4,3.51,Graduate,Male,Local
2024,2,39,1,9991,0,1,120.0,1,37,37,9,10,170.0,0,0,0,1,0,0,34,0,0,5,12,2,11.5,0,0,5,9,4,11.75,0,9.4,-0.8,-3.12,Enrolled,Female,Local
2025,1,43,1,9500,1,1,141.0,1,4,19,4,10,100.0,0,0,0,1,1,0,18,0,0,7,7,7,11.828571428571427,0,0,8,10,7,12.9125,0,13.9,-0.3,0.79,Graduate,Male,Local
2026,1,1,1,171,1,1,110.0,1,3,2,3,3,117.0,1,0,0,1,1,0,21,0,0,0,0,0,0.0,0,0,0,0,0,0.0,0,9.4,-0.8,-3.12,Graduate,Male,Local
2027,1,1,2,171,1,1,127.0,1,3,39,1,3,133.5,1,0,0,1,1,0,17,0,0,0,0,0,0.0,0,0,0,0,0,0.0,0,15.5,2.8,-4.06,Enrolled,Male,Local
2028,1,1,1,9500,1,1,132.0,1,19,37,4,9,128.0,1,0,0,1,0,1,19,0,0,7,7,6,12.966666666666669,0,0,7,7,6,12.966666666666669,0,7.6,2.6,0.32,Graduate,Female,Local
2029,1,1,1,9773,1,1,135.0,1,37,38,9,6,122.1,1,0,0,1,1,0,18,0,0,6,6,6,13.833333333333334,0,0,6,6,6,13.666666666666666,0,12.7,3.7,-1.7,Graduate,Male,Local
2030,1,17,2,9500,1,1,135.0,1,19,19,9,10,133.4,1,0,0,1,0,0,19,0,0,7,7,7,14.125714285714285,0,0,8,8,8,14.36875,0,11.1,0.6,2.02,Graduate,Female,Local
2031,4,39,1,9254,1,1,140.0,1,38,37,9,9,112.0,0,0,1,1,0,0,45,0,4,10,12,5,12.166666666666666,4,2,8,8,0,0.0,2,12.7,3.7,-1.7,Dropout,Female,Local
2032,1,39,1,9085,1,1,133.1,1,19,37,9,6,130.0,1,0,0,1,0,0,26,0,0,6,17,6,12.666666666666666,0,0,6,21,4,12.25,0,15.5,2.8,-4.06,Graduate,Female,Local
2033,2,39,2,9991,0,1,100.0,1,37,37,9,9,100.0,1,0,0,1,1,0,51,0,0,4,4,0,0.0,0,0,5,0,0,0.0,0,12.7,3.7,-1.7,Dropout,Male,Local
2034,2,39,1,9773,1,19,133.1,1,37,37,6,6,162.0,0,0,1,1,1,1,49,0,0,6,8,6,12.285714285714286,0,0,6,7,6,14.166666666666666,0,10.8,1.4,1.74,Graduate,Male,Local
2035,1,42,1,9500,1,1,100.0,1,3,19,2,8,153.0,0,0,0,1,1,0,22,0,3,6,7,3,14.5,0,4,7,8,4,14.375,0,15.5,2.8,-4.06,Enrolled,Male,Local
2036,1,17,1,9147,1,1,137.0,1,1,37,5,9,131.4,1,0,0,1,1,0,22,0,0,5,8,2,10.0,0,0,5,7,1,10.0,0,7.6,2.6,0.32,Dropout,Male,Local
2037,2,7,1,9130,1,3,120.0,1,3,3,1,1,128.2,0,0,0,1,0,0,33,0,1,5,11,2,11.5,1,1,5,8,2,12.0,0,9.4,-0.8,-3.12,Dropout,Female,Local
2038,1,10,1,9670,1,1,148.9,22,37,37,9,9,148.9,0,0,0,1,0,0,20,1,0,5,6,5,11.6,0,0,5,6,4,11.5,0,9.4,-0.8,-3.12,Graduate,Female,International
2039,1,1,4,9238,1,1,134.0,1,38,19,7,7,128.4,1,0,0,1,0,1,18,0,0,6,6,6,12.5,0,0,6,6,6,11.666666666666666,0,10.8,1.4,1.74,Graduate,Female,Local
2040,1,1,5,9853,1,1,128.0,1,38,37,9,9,120.3,1,0,1,0,0,0,20,0,0,6,9,3,11.666666666666666,0,0,6,10,2,11.0,0,10.8,1.4,1.74,Dropout,Female,Local
2041,2,57,1,9991,0,1,133.1,41,38,37,4,6,100.0,0,0,0,1,0,0,37,1,5,10,11,7,13.428571428571429,0,5,10,11,10,11.6,0,8.9,1.4,3.51,Graduate,Female,International
2042,1,1,1,9254,1,1,131.0,2,37,1,9,3,126.1,1,0,0,1,1,0,18,1,0,6,6,6,13.666666666666666,0,0,6,6,6,13.5,0,7.6,2.6,0.32,Graduate,Male,International
2043,1,1,3,9254,1,1,118.0,1,1,19,9,9,111.7,1,0,0,1,0,0,19,0,0,6,6,6,12.5,0,0,6,6,6,12.166666666666666,0,12.4,0.5,1.79,Graduate,Female,Local
2044,1,44,1,9085,1,39,140.0,1,1,19,3,3,140.0,1,0,0,1,0,0,21,0,2,6,7,6,13.0,0,1,6,15,4,12.8,0,12.4,0.5,1.79,Graduate,Female,Local
2045,1,1,2,9500,1,1,133.0,1,19,1,9,1,122.2,0,0,0,1,0,0,20,0,0,7,9,6,12.783333333333331,0,0,8,9,7,12.842857142857143,0,13.9,-0.3,0.79,Graduate,Female,Local
2046,1,1,2,9500,1,1,126.0,1,37,1,7,7,118.7,1,0,0,1,0,0,19,0,0,7,0,0,0.0,0,0,8,0,0,0.0,0,13.9,-0.3,0.79,Dropout,Female,Local
2047,1,17,2,9556,1,1,125.0,1,38,19,7,7,121.5,1,0,0,1,0,0,20,0,0,7,13,4,13.5,0,0,7,11,4,11.225,0,11.1,0.6,2.02,Dropout,Female,Local
2048,1,17,4,9500,1,1,138.0,1,3,1,2,5,134.5,1,0,0,1,0,0,18,0,0,7,7,7,13.457142857142856,0,0,8,8,8,15.125,0,13.9,-0.3,0.79,Graduate,Female,Local
2049,1,1,4,9500,1,1,140.0,1,1,19,9,7,127.0,1,0,0,1,0,0,19,0,0,8,8,7,13.44285714285714,0,0,8,8,7,13.44285714285714,0,12.7,3.7,-1.7,Graduate,Female,Local
2050,1,1,1,9238,1,1,124.0,1,37,38,9,3,114.2,0,0,0,1,0,0,18,0,0,6,13,4,11.0,0,0,6,12,5,10.833333333333334,0,15.5,2.8,-4.06,Graduate,Female,Local
2051,1,17,1,9238,1,1,133.0,1,38,38,7,7,125.3,1,0,0,1,0,1,18,0,0,6,6,6,11.333333333333334,0,0,6,7,6,12.285714285714286,0,15.5,2.8,-4.06,Graduate,Female,Local
2052,1,1,2,9773,1,1,127.0,1,1,19,4,5,120.4,1,0,0,1,0,0,18,0,0,5,7,2,10.0,0,0,1,1,0,0.0,0,12.7,3.7,-1.7,Dropout,Female,Local
2053,1,1,6,9500,1,1,138.0,1,1,38,3,9,123.0,1,0,0,1,0,0,19,0,0,7,10,5,13.44,0,0,7,8,6,13.066666666666668,0,12.4,0.5,1.79,Enrolled,Female,Local
2054,1,1,2,9556,1,1,142.0,1,1,19,4,5,130.5,1,0,0,1,0,1,18,0,0,7,8,7,12.214285714285714,0,0,8,8,8,14.0625,0,16.2,0.3,-0.92,Graduate,Female,Local
2055,1,1,1,9070,1,1,130.0,41,37,19,9,8,125.5,1,0,0,1,0,1,19,1,0,6,6,6,14.166666666666666,0,0,6,6,6,13.5,0,11.1,0.6,2.02,Graduate,Female,International
2056,1,53,1,9003,1,42,130.0,1,1,19,9,7,133.8,0,0,1,1,0,1,24,0,7,12,13,12,12.846153846153848,0,5,11,13,11,12.636363636363637,0,8.9,1.4,3.51,Graduate,Female,Local
2057,1,44,1,9085,1,39,150.0,1,37,37,9,9,150.0,0,0,0,1,0,0,20,0,2,6,8,6,13.0,0,1,6,18,2,12.0,0,12.4,0.5,1.79,Enrolled,Female,Local
2058,1,1,1,9147,1,1,127.0,1,1,19,5,7,130.5,1,0,0,1,0,1,21,0,0,5,6,5,12.8,1,0,5,7,4,11.25,0,9.4,-0.8,-3.12,Graduate,Female,Local
2059,1,44,1,9085,1,39,140.0,1,38,37,4,10,140.0,0,0,1,0,0,0,20,0,1,6,13,4,13.0,0,1,6,11,5,12.0,0,16.2,0.3,-0.92,Dropout,Female,Local
2060,1,17,6,9500,1,1,126.0,1,19,37,3,9,119.4,1,0,0,1,0,1,19,0,0,7,7,7,13.371428571428572,0,0,8,9,8,13.666666666666666,0,16.2,0.3,-0.92,Graduate,Female,Local
2061,1,17,5,9556,1,1,139.0,1,19,19,9,8,121.3,1,0,0,1,0,1,19,0,0,7,8,7,13.385714285714286,0,0,8,8,8,13.3875,0,10.8,1.4,1.74,Graduate,Female,Local
2062,1,1,3,9500,1,1,141.0,1,1,1,9,9,126.3,1,0,0,1,0,0,18,0,0,8,8,7,13.328571428571427,0,0,8,8,7,13.328571428571427,0,12.7,3.7,-1.7,Graduate,Female,Local
2063,1,1,1,9085,1,1,120.0,1,38,38,4,7,111.6,1,0,0,1,0,0,19,0,0,6,12,5,14.0,0,0,6,14,5,11.0,0,16.2,0.3,-0.92,Graduate,Female,Local
2064,1,17,4,9147,1,1,120.0,1,38,19,9,9,111.3,1,0,0,1,0,0,21,0,0,5,5,5,12.6,0,0,5,5,5,13.2,0,8.9,1.4,3.51,Graduate,Female,Local
2065,1,1,2,9853,1,1,134.0,1,1,38,9,8,122.5,1,0,0,1,0,1,19,0,0,6,7,6,14.0,0,0,6,6,6,15.0,0,15.5,2.8,-4.06,Graduate,Female,Local
2066,1,1,5,9254,1,1,128.0,1,19,1,7,10,116.5,1,0,0,1,0,1,18,0,0,6,7,6,13.428571428571429,0,0,6,6,6,12.666666666666666,0,8.9,1.4,3.51,Graduate,Female,Local
2067,1,17,5,9070,1,1,133.0,1,4,1,4,4,132.0,1,1,0,1,0,1,17,0,0,6,6,6,13.0,0,0,6,6,6,12.5,0,15.5,2.8,-4.06,Graduate,Female,Local
2068,1,18,4,9853,1,1,123.0,1,19,38,4,10,123.7,1,0,0,1,0,0,19,0,0,6,8,5,12.666666666666666,0,0,6,8,5,11.0,0,15.5,2.8,-4.06,Enrolled,Female,Local
2069,1,17,6,9147,1,1,118.0,1,37,1,9,7,117.0,1,0,0,0,1,0,23,0,0,5,9,3,10.0,1,0,5,9,3,12.333333333333334,0,9.4,-0.8,-3.12,Dropout,Male,Local
2070,1,1,1,9670,1,1,113.0,1,1,37,1,10,116.5,1,0,0,1,0,0,19,0,0,6,7,6,12.833333333333334,0,0,6,10,6,11.77777777777778,0,8.9,1.4,3.51,Graduate,Female,Local
2071,1,1,1,9500,1,1,135.0,1,19,3,9,4,121.5,1,0,0,1,0,0,18,0,0,7,7,6,12.916666666666666,0,0,7,7,6,12.916666666666666,0,7.6,2.6,0.32,Graduate,Female,Local
2072,1,1,1,9670,1,1,133.1,1,38,38,5,9,105.0,1,0,0,1,0,0,20,0,0,6,9,6,13.285714285714286,0,0,6,8,5,13.8,0,15.5,2.8,-4.06,Graduate,Female,Local
2073,1,1,3,9085,1,1,130.0,1,1,19,9,9,121.3,1,0,0,1,0,1,19,0,0,5,6,5,14.6,0,0,5,5,5,13.8,0,10.8,1.4,1.74,Graduate,Female,Local
2074,1,1,1,9238,1,1,135.0,1,19,38,3,9,136.1,1,0,0,1,0,1,18,0,0,6,6,6,14.0,0,0,6,6,6,13.666666666666666,0,12.4,0.5,1.79,Graduate,Female,Local
2075,1,17,2,9238,1,1,133.0,1,37,37,9,4,123.6,0,0,0,1,0,1,19,0,0,6,7,6,14.142857142857142,0,0,6,6,6,15.0,0,13.9,-0.3,0.79,Graduate,Female,Local
2076,1,1,4,9238,1,1,123.0,1,38,1,4,10,129.0,1,0,0,1,0,0,19,0,0,6,8,6,11.666666666666666,0,0,6,6,6,12.333333333333334,0,10.8,1.4,1.74,Graduate,Female,Local
2077,1,17,1,9500,1,1,145.0,1,19,37,4,8,136.8,1,0,0,1,0,0,18,0,0,8,9,8,14.3775,1,0,8,9,8,14.3775,1,9.4,-0.8,-3.12,Graduate,Female,Local
2078,1,17,2,9500,1,1,146.0,1,3,3,3,6,133.4,1,0,0,1,0,0,18,0,0,7,8,7,12.5,0,0,8,9,7,13.042857142857144,0,13.9,-0.3,0.79,Graduate,Female,Local
2079,1,1,5,9500,1,1,144.0,1,38,38,7,7,136.0,1,0,0,1,0,1,19,0,0,7,7,6,14.15,0,0,7,7,6,14.15,0,7.6,2.6,0.32,Graduate,Female,Local
2080,1,1,1,9500,1,1,144.0,1,38,37,9,9,125.8,0,0,0,1,0,1,19,0,0,8,12,7,12.471428571428572,0,0,8,12,7,12.471428571428572,0,12.7,3.7,-1.7,Graduate,Female,Local
2081,1,1,1,9500,1,1,131.0,1,4,4,2,1,120.5,0,0,0,1,0,0,19,0,0,7,7,6,14.15,0,0,7,7,6,14.15,0,7.6,2.6,0.32,Graduate,Female,Local
2082,1,1,2,9500,1,1,141.0,1,37,37,9,8,130.2,1,0,0,1,0,0,21,0,0,7,11,7,14.072222222222225,0,0,8,8,8,14.0475,0,15.5,2.8,-4.06,Graduate,Female,Local
2083,1,1,3,9773,1,1,138.0,1,3,1,2,3,135.9,1,0,0,1,0,0,18,0,0,6,7,6,14.857142857142858,0,0,6,6,6,14.666666666666666,0,13.9,-0.3,0.79,Graduate,Female,Local
2084,1,1,1,9773,1,1,127.0,1,19,37,9,9,116.5,0,0,0,1,0,1,19,0,0,6,7,6,14.285714285714286,0,0,6,6,6,13.166666666666666,0,11.1,0.6,2.02,Graduate,Female,Local
2085,1,1,4,9773,1,1,124.0,1,19,37,99,90,124.0,0,0,0,0,0,0,18,0,0,4,4,0,0.0,0,0,4,4,0,0.0,0,12.7,3.7,-1.7,Dropout,Female,Local
2086,1,7,1,8014,0,3,140.0,1,1,1,4,4,140.0,0,0,0,1,0,0,30,0,0,6,0,0,0.0,0,0,6,0,0,0.0,0,10.8,1.4,1.74,Dropout,Female,Local
2087,1,17,1,9130,1,1,157.0,1,3,2,3,6,150.9,1,0,0,1,0,0,18,0,0,6,8,6,15.0,0,0,6,8,5,15.166666666666666,0,13.9,-0.3,0.79,Dropout,Female,Local
2088,1,1,3,9500,1,1,129.0,1,19,19,4,8,127.3,1,0,0,1,0,1,20,0,0,7,7,6,12.633333333333333,0,0,7,7,6,12.633333333333333,0,7.6,2.6,0.32,Graduate,Female,Local
2089,1,39,1,9670,1,19,133.1,1,1,1,4,7,100.0,0,0,1,0,0,0,25,0,0,5,5,5,11.2,0,0,5,5,5,12.6,0,9.4,-0.8,-3.12,Dropout,Female,Local
2090,1,1,5,9500,1,1,142.0,1,38,37,5,7,128.8,1,0,0,1,0,0,18,0,0,7,7,6,14.233333333333334,0,0,7,7,6,14.233333333333334,0,7.6,2.6,0.32,Graduate,Female,Local
2091,5,1,3,9085,1,1,133.0,1,19,19,4,7,119.7,1,0,0,1,0,0,21,0,0,5,13,5,12.2,2,0,5,10,3,11.333333333333334,1,9.4,-0.8,-3.12,Enrolled,Female,Local
2092,1,1,1,9500,1,1,156.0,1,5,4,2,1,140.8,0,0,0,1,0,0,18,0,0,8,8,7,15.7,0,0,8,8,7,15.7,0,12.7,3.7,-1.7,Graduate,Female,Local
2093,1,1,1,9500,1,1,151.0,1,37,37,9,9,138.0,1,0,0,1,0,0,18,0,0,7,7,6,15.2,0,0,7,7,6,15.2,0,7.6,2.6,0.32,Graduate,Female,Local
2094,1,17,1,9853,1,1,135.0,1,3,3,2,2,132.9,1,0,0,0,0,0,29,0,0,6,9,6,16.333333333333332,0,0,6,8,5,15.6,0,12.7,3.7,-1.7,Dropout,Female,Local
2095,1,43,1,9130,1,1,140.0,1,3,3,2,2,140.0,0,0,0,1,0,0,20,0,10,17,29,14,12.5625,4,7,12,24,12,12.857142857142858,1,15.5,2.8,-4.06,Graduate,Female,Local
2096,1,7,1,9500,1,3,140.0,1,3,1,4,4,140.0,0,0,0,1,0,0,26,0,0,7,0,0,0.0,0,0,8,0,0,0.0,0,13.9,-0.3,0.79,Dropout,Female,Local
2097,1,1,2,9238,1,1,100.0,1,38,1,7,7,99.3,1,0,0,1,0,0,21,0,0,6,8,5,12.4,0,0,6,6,6,12.0,0,12.4,0.5,1.79,Graduate,Female,Local
2098,1,18,1,9500,1,1,126.0,1,37,19,5,5,119.3,0,0,0,1,0,1,19,0,0,8,9,8,13.78125,1,0,8,9,8,13.78125,1,9.4,-0.8,-3.12,Graduate,Female,Local
2099,1,17,2,9254,1,1,123.0,1,19,19,5,5,113.2,1,0,1,1,0,0,19,0,0,6,10,6,12.166666666666666,0,0,6,8,5,11.666666666666666,0,16.2,0.3,-0.92,Dropout,Female,Local
2100,1,17,1,9773,1,1,133.1,1,38,38,9,5,117.0,0,0,0,1,0,0,21,0,0,6,8,5,11.8,0,0,6,8,5,11.833333333333334,0,15.5,2.8,-4.06,Enrolled,Female,Local
2101,1,18,1,8014,0,1,137.0,1,1,1,4,3,123.0,0,0,1,1,0,0,20,0,0,6,13,4,10.8,0,0,6,15,4,12.0,0,16.2,0.3,-0.92,Graduate,Female,Local
2102,1,1,6,9500,1,1,138.0,1,37,37,9,8,127.2,1,0,0,1,0,1,18,0,0,7,8,7,13.26,0,0,8,8,8,14.28625,0,15.5,2.8,-4.06,Graduate,Female,Local
2103,1,1,2,9773,1,1,128.0,1,34,19,3,0,141.0,1,0,0,0,0,0,20,0,0,6,10,4,12.0,0,0,6,15,3,10.666666666666666,0,7.6,2.6,0.32,Dropout,Female,Local
2104,1,1,1,9238,1,1,136.0,1,19,38,9,9,121.7,0,1,0,1,0,1,20,0,0,6,9,6,11.875,0,0,6,7,6,14.428571428571429,0,16.2,0.3,-0.92,Graduate,Female,Local
2105,1,43,1,9500,1,1,127.0,1,19,19,4,7,121.1,0,0,0,1,0,1,18,0,0,7,11,5,12.16,0,0,7,7,2,13.4,0,16.2,0.3,-0.92,Enrolled,Female,Local
2106,1,16,1,9070,1,1,145.0,1,1,1,3,3,146.1,1,0,0,1,0,0,18,0,0,6,6,1,15.0,0,0,6,7,4,12.5,0,9.4,-0.8,-3.12,Enrolled,Female,Local
2107,1,1,1,9773,1,1,140.0,1,37,37,9,9,142.5,1,0,0,1,0,0,18,0,0,6,6,6,13.333333333333334,0,0,6,9,5,13.2,0,9.4,-0.8,-3.12,Graduate,Female,Local
2108,1,17,1,9085,1,1,138.0,1,2,19,2,9,126.8,1,0,0,1,0,0,18,0,0,5,12,2,11.5,0,0,5,12,3,11.8,2,10.8,1.4,1.74,Enrolled,Female,Local
2109,1,44,1,9085,1,39,150.0,1,3,3,2,2,150.0,1,0,0,1,0,0,22,0,2,6,7,6,14.428571428571429,0,1,6,9,5,13.0,0,13.9,-0.3,0.79,Graduate,Female,Local
2110,1,44,3,9085,1,39,150.0,1,1,19,4,1,150.0,1,0,0,1,0,0,19,0,0,5,10,1,13.0,1,0,5,8,3,15.333333333333334,0,12.7,3.7,-1.7,Enrolled,Female,Local
2111,1,17,1,9003,1,1,131.0,1,19,1,9,2,134.5,1,0,0,1,0,1,19,0,0,6,7,6,15.0,0,0,6,8,6,14.333333333333334,0,12.4,0.5,1.79,Graduate,Female,Local
2112,1,1,2,9556,1,1,136.0,1,19,19,9,9,129.5,1,0,0,1,0,0,18,0,0,7,9,7,15.155555555555557,0,0,8,8,8,16.8,0,12.7,3.7,-1.7,Graduate,Female,Local
2113,1,1,1,9238,1,1,117.0,1,38,38,175,183,113.2,1,0,1,1,0,0,20,0,0,6,8,6,10.666666666666666,0,0,6,7,6,11.857142857142858,0,11.1,0.6,2.02,Graduate,Female,Local
2114,1,17,1,9853,1,1,158.0,1,38,37,5,5,140.2,1,0,0,1,0,0,18,0,0,6,9,5,11.0,0,0,6,9,4,11.25,0,10.8,1.4,1.74,Dropout,Female,Local
2115,1,17,2,9670,1,1,129.0,1,1,19,5,5,119.2,1,0,0,1,0,0,21,0,0,6,0,0,0.0,0,0,6,0,0,0.0,0,8.9,1.4,3.51,Dropout,Female,Local
2116,1,1,1,9238,1,1,140.0,1,1,19,4,4,140.7,0,0,0,1,0,0,19,0,0,6,7,6,12.285714285714286,0,0,6,7,6,12.0,0,12.4,0.5,1.79,Graduate,Female,Local
2117,1,1,5,9500,1,1,141.0,1,38,38,9,9,142.3,1,0,0,1,0,0,18,0,0,8,8,8,12.82875,0,0,8,8,8,12.82875,0,9.4,-0.8,-3.12,Dropout,Female,Local
2118,1,1,4,9773,1,1,132.0,11,12,12,90,4,129.9,1,0,0,1,0,0,18,1,0,6,6,6,12.666666666666666,0,0,6,8,5,14.4,0,7.6,2.6,0.32,Graduate,Female,International
2119,1,17,1,171,1,1,133.0,1,1,1,6,7,134.8,1,0,0,1,0,0,18,0,0,0,0,0,0.0,0,0,0,0,0,0.0,0,12.4,0.5,1.79,Enrolled,Female,Local
2120,1,17,1,9085,1,1,109.0,1,19,19,4,9,104.1,1,0,1,0,0,1,21,0,0,6,16,2,13.0,0,0,6,8,0,0.0,0,15.5,2.8,-4.06,Dropout,Female,Local
2121,1,1,1,9147,1,1,135.0,1,1,38,5,5,122.4,0,0,1,1,0,0,19,0,0,5,10,5,10.875,0,0,5,8,4,12.4,0,13.9,-0.3,0.79,Graduate,Female,Local
2122,1,1,1,9147,1,1,122.0,1,37,37,9,7,120.6,1,0,0,1,0,1,19,0,0,5,5,5,12.8,0,0,5,8,5,11.6,0,9.4,-0.8,-3.12,Graduate,Female,Local
2123,1,17,3,9238,1,1,118.0,1,1,19,4,10,112.4,1,0,0,1,0,0,19,0,0,6,10,5,11.285714285714286,0,0,6,7,0,0.0,0,16.2,0.3,-0.92,Dropout,Female,Local
2124,1,1,1,171,1,1,174.0,1,5,3,3,3,157.9,0,0,0,1,0,0,18,0,0,0,0,0,0.0,0,0,0,0,0,0.0,0,13.9,-0.3,0.79,Graduate,Female,Local
2125,1,43,1,9254,1,1,142.0,1,38,38,9,9,125.9,0,0,0,1,0,1,19,0,0,6,0,0,0.0,0,0,6,11,1,10.0,0,10.8,1.4,1.74,Dropout,Female,Local
2126,1,17,2,9500,1,1,131.0,1,38,1,5,7,118.4,1,0,0,1,0,1,20,0,0,7,9,6,13.766666666666666,0,0,8,9,8,13.744444444444444,0,16.2,0.3,-0.92,Dropout,Female,Local
2127,1,1,3,9500,1,1,139.0,1,18,18,1,1,130.8,1,0,0,0,0,0,18,0,0,8,9,6,12.758333333333333,1,0,8,9,6,12.758333333333333,1,9.4,-0.8,-3.12,Dropout,Female,Local
2128,1,1,1,171,1,1,170.0,1,19,19,8,8,176.7,1,0,0,1,0,1,19,0,0,0,0,0,0.0,0,0,0,0,0,0.0,0,11.1,0.6,2.02,Dropout,Female,Local
2129,1,1,1,9070,1,1,182.0,1,19,1,5,7,156.8,1,0,0,1,0,0,18,0,0,6,6,6,12.666666666666666,0,0,6,8,6,13.25,0,10.8,1.4,1.74,Graduate,Female,Local
2130,1,1,1,9085,1,1,125.0,1,19,37,3,7,126.8,0,0,0,1,0,0,18,0,0,6,13,6,12.0,0,0,6,16,4,12.75,0,11.1,0.6,2.02,Enrolled,Female,Local
2131,1,1,1,9238,1,1,142.0,1,1,37,5,7,128.0,0,0,0,1,0,1,19,0,0,6,8,6,12.25,0,0,6,8,6,12.0,0,16.2,0.3,-0.92,Graduate,Female,Local
2132,1,1,2,9147,1,1,119.0,1,19,37,4,5,113.8,1,0,0,1,0,0,20,0,0,5,8,3,11.333333333333334,0,0,5,8,5,12.2,0,7.6,2.6,0.32,Graduate,Female,Local
2133,1,17,5,9500,1,1,128.0,1,1,1,4,5,120.8,1,0,0,1,0,1,19,0,0,7,9,7,13.507142857142856,0,0,8,12,8,13.05,0,16.2,0.3,-0.92,Graduate,Female,Local
2134,1,1,3,9500,1,1,150.0,1,19,38,1,1,130.8,1,0,0,1,0,0,18,0,0,8,8,7,13.614285714285714,0,0,8,8,7,13.614285714285714,0,12.7,3.7,-1.7,Graduate,Female,Local
2135,1,39,1,9254,1,1,133.1,1,19,1,4,1,101.0,0,0,1,1,0,0,25,0,0,6,6,0,0.0,0,0,6,6,0,0.0,0,15.5,2.8,-4.06,Dropout,Female,Local
2136,1,17,5,9070,1,1,131.0,1,37,37,9,9,126.1,1,0,0,0,0,0,18,0,0,6,9,4,11.5,1,0,6,6,6,12.166666666666666,0,7.6,2.6,0.32,Graduate,Female,Local
2137,1,1,5,9773,1,1,118.0,1,38,19,9,9,113.8,1,0,0,1,0,0,19,0,0,6,7,6,12.333333333333334,0,0,6,7,6,12.5,0,8.9,1.4,3.51,Graduate,Female,Local
2138,1,17,2,9556,1,1,122.0,1,19,38,4,8,118.3,1,0,0,1,0,1,19,0,0,7,7,7,11.971428571428572,0,0,8,8,8,14.4375,0,15.5,2.8,-4.06,Graduate,Female,Local
2139,1,1,1,9147,1,1,116.0,1,19,19,5,8,127.9,0,0,1,0,0,1,20,0,0,5,12,2,13.0,1,0,5,13,2,11.5,0,9.4,-0.8,-3.12,Dropout,Female,Local
2140,1,17,5,9500,1,1,137.0,1,1,1,5,4,131.1,1,0,0,1,0,0,18,0,0,7,9,7,12.385714285714286,0,0,8,9,7,12.728571428571428,0,13.9,-0.3,0.79,Enrolled,Female,Local
2141,1,17,4,9085,1,1,128.0,1,38,37,4,9,117.9,1,0,0,1,0,0,20,0,0,5,12,2,13.5,0,0,5,12,5,11.285714285714286,1,10.8,1.4,1.74,Graduate,Female,Local
2142,1,17,1,9238,1,1,123.0,1,1,1,9,9,115.7,1,0,0,1,0,0,21,0,0,6,8,6,12.166666666666666,0,0,6,7,6,13.285714285714286,0,11.1,0.6,2.02,Graduate,Female,Local
2143,1,1,2,171,1,1,133.1,1,3,1,2,3,141.0,1,0,0,1,0,0,19,0,0,0,0,0,0.0,0,0,0,0,0,0.0,0,12.7,3.7,-1.7,Graduate,Female,Local
2144,2,39,1,8014,0,12,110.0,1,37,37,7,9,120.0,0,0,0,1,0,0,42,0,0,6,6,6,11.666666666666666,0,0,6,6,6,13.666666666666666,0,10.8,1.4,1.74,Graduate,Female,Local
2145,1,17,1,9130,1,1,143.0,1,3,3,2,2,131.8,1,0,1,0,0,0,18,0,0,6,9,5,12.4,0,0,6,12,5,14.166666666666666,0,8.9,1.4,3.51,Enrolled,Female,Local
2146,1,1,1,9070,1,1,150.0,1,37,37,9,6,131.1,0,0,0,1,0,1,19,0,0,6,7,5,13.4,0,0,6,6,6,12.833333333333334,0,15.5,2.8,-4.06,Graduate,Female,Local
2147,1,1,6,9254,1,1,129.0,1,38,19,9,5,117.8,1,0,0,1,0,0,18,0,0,6,11,6,12.0,0,0,6,11,4,12.5,0,8.9,1.4,3.51,Graduate,Female,Local
2148,1,10,1,9085,1,1,140.0,1,19,19,4,5,140.0,1,0,0,1,0,0,21,0,0,5,6,5,14.2,0,0,5,5,5,14.8,0,10.8,1.4,1.74,Graduate,Female,Local
2149,1,1,1,9238,1,1,133.1,1,38,37,5,5,108.0,0,0,0,1,0,1,20,0,0,6,8,6,12.125,0,0,6,7,6,14.428571428571429,0,16.2,0.3,-0.92,Graduate,Female,Local
2150,1,1,1,9853,1,1,132.0,1,1,19,3,3,122.9,1,0,0,1,0,0,20,0,0,7,7,7,13.857142857142858,0,0,7,7,7,13.285714285714286,0,11.1,0.6,2.02,Graduate,Female,Local
2151,1,44,1,9085,1,39,130.0,1,3,1,2,9,130.0,1,0,0,1,0,0,21,0,1,6,13,3,11.75,0,1,6,13,5,12.333333333333334,0,12.4,0.5,1.79,Enrolled,Female,Local
2152,1,1,4,9500,1,1,137.0,1,38,37,7,7,126.0,1,0,0,1,0,0,19,0,0,7,9,7,14.283333333333337,0,0,8,9,8,13.125555555555556,0,15.5,2.8,-4.06,Graduate,Female,Local
2153,1,42,1,9238,1,1,133.1,1,1,19,4,9,134.0,0,0,0,1,0,0,21,0,10,13,21,11,13.272727272727272,0,6,11,13,9,13.0,0,7.6,2.6,0.32,Graduate,Female,Local
2154,1,1,1,9070,1,1,143.0,1,38,19,151,193,134.3,1,1,0,1,0,0,19,0,0,6,6,6,14.666666666666666,0,0,6,7,6,15.142857142857142,0,8.9,1.4,3.51,Graduate,Female,Local
2155,1,1,1,9500,1,1,148.0,1,19,19,9,9,138.7,0,0,0,1,0,1,19,0,0,7,10,7,15.114999999999998,0,0,8,10,8,15.092,0,15.5,2.8,-4.06,Graduate,Female,Local
2156,1,17,2,171,1,1,137.0,1,1,1,4,1,143.3,1,0,0,1,0,0,18,0,0,0,0,0,0.0,0,0,0,0,0,0.0,0,9.4,-0.8,-3.12,Enrolled,Female,Local
2157,1,44,1,9085,1,39,160.0,1,37,19,9,10,160.0,1,0,0,1,0,0,22,0,1,6,13,6,15.0,0,1,6,7,6,13.142857142857142,0,16.2,0.3,-0.92,Graduate,Female,Local
2158,1,1,2,9853,1,1,112.0,1,3,1,3,5,111.0,0,0,0,1,0,0,21,0,0,6,8,5,13.2,0,0,6,9,5,14.333333333333334,0,9.4,-0.8,-3.12,Graduate,Female,Local
2159,1,17,4,9254,1,1,133.0,1,37,37,5,8,128.5,1,0,0,1,0,1,18,0,0,6,14,2,11.0,0,0,6,14,3,10.333333333333334,0,7.6,2.6,0.32,Dropout,Female,Local
2160,1,1,4,9500,1,1,142.0,1,1,3,1,2,133.0,0,0,0,1,0,1,20,0,0,8,8,7,14.565714285714288,0,0,8,8,7,14.565714285714288,0,10.8,1.4,1.74,Graduate,Female,Local
2161,1,17,2,9670,1,1,123.0,1,34,37,0,0,114.6,1,0,1,0,0,0,18,0,0,5,8,3,12.0,0,0,5,6,4,10.75,0,7.6,2.6,0.32,Dropout,Female,Local
2162,1,17,1,9238,1,1,103.0,1,19,37,7,9,104.1,0,0,0,1,0,0,20,0,0,6,6,0,0.0,0,0,5,5,0,0.0,0,8.9,1.4,3.51,Dropout,Female,Local
2163,1,17,4,9500,1,1,140.0,1,1,1,3,3,127.6,1,0,0,1,0,0,23,0,0,7,7,6,13.796666666666669,0,0,8,11,7,13.775,0,12.4,0.5,1.79,Graduate,Female,Local
2164,1,1,2,9773,1,1,159.0,1,1,1,3,3,151.0,1,0,0,1,0,0,18,0,0,6,6,6,14.833333333333334,0,0,6,6,6,15.333333333333334,0,12.7,3.7,-1.7,Graduate,Female,Local
2165,1,44,1,9238,1,39,140.0,1,1,1,9,3,135.7,1,0,0,1,0,0,20,0,3,6,6,6,12.833333333333334,0,2,6,6,6,13.833333333333334,0,12.4,0.5,1.79,Graduate,Female,Local
2166,1,17,1,9500,1,1,148.0,1,38,37,5,9,137.8,1,0,0,1,0,1,18,0,0,8,8,7,14.962857142857144,0,0,8,8,7,14.962857142857144,0,10.8,1.4,1.74,Graduate,Female,Local
2167,1,1,6,9147,1,1,112.0,1,38,38,9,9,117.3,1,0,0,1,0,0,20,0,0,5,8,4,12.0,0,0,5,8,5,11.2,0,11.1,0.6,2.02,Graduate,Female,Local
2168,1,18,2,9500,1,1,131.0,1,1,3,3,2,121.2,1,0,0,1,0,0,18,0,0,7,8,7,12.4,0,0,8,9,8,12.8,0,16.2,0.3,-0.92,Graduate,Female,Local
2169,1,17,1,9670,1,1,145.0,1,3,3,2,1,129.3,1,0,0,1,0,0,20,0,0,6,7,6,15.571428571428571,0,0,6,6,6,17.166666666666668,0,16.2,0.3,-0.92,Graduate,Female,Local
2170,1,1,5,9500,1,1,133.1,1,1,1,5,8,123.0,1,0,0,1,0,0,19,0,0,8,8,7,13.714285714285714,0,0,8,8,7,13.714285714285714,0,12.7,3.7,-1.7,Graduate,Female,Local
2171,1,44,1,9085,1,39,140.0,1,1,19,4,4,140.0,0,0,0,1,0,0,21,0,2,6,9,6,13.142857142857142,0,0,6,9,6,12.166666666666666,0,13.9,-0.3,0.79,Graduate,Female,Local
2172,2,7,1,9070,1,43,140.0,1,37,1,9,7,140.0,0,0,0,1,0,0,33,0,0,6,7,6,15.0,0,0,6,8,3,11.0,0,11.1,0.6,2.02,Graduate,Female,Local
2173,1,1,1,9085,1,1,150.0,1,12,2,4,2,144.6,0,0,1,0,0,0,24,0,0,5,6,1,13.0,0,0,5,5,0,0.0,0,7.6,2.6,0.32,Dropout,Female,Local
2174,1,43,1,9238,1,1,120.0,1,1,38,4,3,118.3,0,0,0,1,0,1,20,0,8,11,12,11,12.0,0,6,11,14,11,12.75,0,13.9,-0.3,0.79,Graduate,Female,Local
2175,1,1,1,171,1,1,156.0,1,19,38,9,1,153.6,1,0,0,1,0,0,18,0,0,0,0,0,0.0,0,0,0,0,0,0.0,0,9.4,-0.8,-3.12,Graduate,Female,Local
2176,1,1,4,9070,1,1,167.0,1,1,1,7,3,158.3,1,0,0,1,0,0,18,0,0,6,6,6,15.166666666666666,0,0,6,6,6,14.166666666666666,0,15.5,2.8,-4.06,Graduate,Female,Local
2177,1,43,1,8014,0,6,133.1,1,34,34,0,0,100.0,0,0,1,1,0,0,29,0,1,6,9,4,12.0,0,1,6,13,2,10.5,0,7.6,2.6,0.32,Dropout,Female,Local
2178,1,17,1,9500,1,1,147.0,1,1,1,5,5,134.9,0,1,0,1,0,0,18,0,0,7,7,7,13.642857142857142,0,0,8,11,8,14.772727272727272,0,16.2,0.3,-0.92,Graduate,Female,Local
2179,1,1,3,9773,1,1,129.0,1,38,37,5,5,142.0,1,0,0,1,0,0,19,0,0,6,8,6,12.666666666666666,0,0,6,7,6,12.714285714285714,0,9.4,-0.8,-3.12,Graduate,Female,Local
2180,1,17,1,171,1,1,136.0,1,38,38,7,7,127.3,1,0,0,1,0,0,19,0,0,0,0,0,0.0,0,0,0,0,0,0.0,0,15.5,2.8,-4.06,Dropout,Female,Local
2181,1,17,1,9238,1,1,128.0,1,19,19,5,4,116.5,0,0,0,1,0,1,18,0,0,6,8,5,10.8,0,0,6,9,6,10.5,0,12.4,0.5,1.79,Graduate,Female,Local
2182,1,43,1,9500,1,1,140.0,1,19,19,7,7,138.6,0,0,0,1,0,1,19,0,0,7,9,6,14.25,0,0,8,11,8,13.063636363636364,0,16.2,0.3,-0.92,Graduate,Female,Local
2183,1,42,1,9853,1,1,141.0,1,37,19,9,3,133.0,0,0,0,1,0,0,20,0,6,14,22,12,12.153846153846152,0,5,12,18,10,12.9,0,10.8,1.4,1.74,Dropout,Female,Local
2184,1,17,2,9238,1,1,133.0,1,2,1,3,4,136.2,1,0,0,1,0,0,19,0,0,6,14,1,11.5,0,0,6,12,2,10.5,0,7.6,2.6,0.32,Enrolled,Female,Local
2185,1,17,1,9254,1,1,125.0,1,19,19,7,5,118.0,1,0,0,1,0,1,19,0,0,6,10,4,12.25,0,0,6,9,3,12.333333333333334,0,9.4,-0.8,-3.12,Graduate,Female,Local
2186,1,1,1,9070,1,1,124.0,1,19,37,4,4,126.8,0,0,0,1,0,1,18,0,1,6,8,6,12.0,1,0,6,12,5,11.142857142857142,0,13.9,-0.3,0.79,Enrolled,Female,Local
2187,1,1,6,9500,1,1,140.0,1,19,38,5,7,128.5,1,0,0,1,0,1,18,0,0,8,8,8,13.40375,0,0,8,8,8,13.40375,0,9.4,-0.8,-3.12,Graduate,Female,Local
2188,1,17,1,9254,1,1,140.0,1,3,1,2,3,129.9,0,0,0,1,0,1,19,0,0,6,15,6,11.333333333333334,0,0,6,9,3,12.666666666666666,0,9.4,-0.8,-3.12,Graduate,Female,Local
2189,1,17,4,9773,1,1,137.0,1,1,1,5,5,125.8,0,0,1,1,1,0,20,0,0,6,7,5,12.2,0,0,6,6,6,12.333333333333334,0,12.7,3.7,-1.7,Dropout,Male,Local
2190,1,17,1,171,1,1,144.0,1,37,37,9,6,129.3,1,0,0,1,1,1,18,0,0,0,0,0,0.0,0,0,0,0,0,0.0,0,7.6,2.6,0.32,Enrolled,Male,Local
2191,1,1,6,9500,1,1,138.0,1,4,19,2,3,124.7,1,0,0,1,1,0,18,0,0,7,0,0,0.0,0,0,8,0,0,0.0,0,16.2,0.3,-0.92,Dropout,Male,Local
2192,1,39,1,9003,1,1,130.0,1,3,1,2,4,154.9,0,0,1,0,1,0,35,0,0,6,8,5,16.166666666666668,0,0,6,10,4,16.0,0,8.9,1.4,3.51,Dropout,Male,Local
2193,1,17,1,9119,1,1,142.0,1,19,38,9,7,127.3,0,0,0,1,1,0,18,0,0,5,10,3,11.0,0,0,5,6,3,11.0,1,16.2,0.3,-0.92,Enrolled,Male,Local
2194,1,1,1,171,1,1,136.0,1,37,19,5,8,129.0,1,0,0,1,1,1,19,0,0,0,0,0,0.0,0,0,0,0,0,0.0,0,13.9,-0.3,0.79,Graduate,Male,Local
2195,1,1,2,9773,1,1,133.1,1,38,19,4,7,98.0,1,0,0,1,1,1,19,0,0,6,8,4,12.0,0,0,6,8,6,12.285714285714286,0,15.5,2.8,-4.06,Enrolled,Male,Local
2196,1,17,2,9147,1,1,130.0,1,1,38,5,7,122.0,1,0,0,1,1,0,20,0,0,5,8,2,10.5,0,0,5,11,4,12.25,0,10.8,1.4,1.74,Enrolled,Male,Local
2197,1,43,1,9070,1,1,117.0,1,1,1,4,7,112.5,1,0,0,1,1,0,19,0,3,6,7,3,11.666666666666666,0,1,6,13,4,10.333333333333334,0,13.9,-0.3,0.79,Enrolled,Male,Local
2198,1,1,3,9147,1,1,136.0,1,38,38,9,9,127.3,1,0,0,1,1,0,19,0,0,5,8,3,11.0,0,0,5,7,2,10.0,0,12.7,3.7,-1.7,Dropout,Male,Local
2199,1,39,2,9556,1,1,133.1,1,1,1,9,10,100.5,0,0,0,1,1,0,24,0,0,7,18,0,0.0,0,0,7,13,0,0.0,1,11.1,0.6,2.02,Dropout,Male,Local
2200,1,39,1,8014,0,1,140.0,1,37,37,9,7,122.0,1,0,1,0,1,0,29,0,0,6,11,4,12.5,0,0,6,7,0,0.0,0,12.4,0.5,1.79,Dropout,Male,Local
2201,1,39,1,9500,1,1,150.0,1,38,3,9,1,140.0,0,0,0,1,1,0,24,0,0,7,11,7,11.294444444444444,0,0,8,22,2,12.6,0,15.5,2.8,-4.06,Graduate,Male,Local
2202,1,17,2,9254,1,1,121.0,1,19,38,6,6,116.1,1,0,0,1,1,0,19,0,0,6,8,5,11.2,0,0,6,11,4,12.5,0,15.5,2.8,-4.06,Graduate,Male,Local
2203,2,7,1,171,1,3,120.0,1,19,19,9,9,130.0,1,0,0,1,1,0,37,0,0,0,0,0,0.0,0,0,0,0,0,0.0,0,7.6,2.6,0.32,Dropout,Male,Local
2204,1,5,2,9070,1,1,143.0,1,1,1,4,10,146.2,1,0,0,1,1,0,18,0,0,6,7,5,13.2,0,0,6,6,5,11.8,0,16.2,0.3,-0.92,Graduate,Male,Local
2205,1,44,1,9119,1,39,180.0,1,1,1,9,8,180.0,0,0,0,1,1,1,20,0,3,7,12,6,14.142857142857142,0,1,6,10,6,14.125,0,12.4,0.5,1.79,Enrolled,Male,Local
2206,1,1,5,9147,1,1,132.0,1,39,39,3,3,127.8,1,0,0,0,1,0,18,0,0,5,0,0,0.0,0,0,5,0,0,0.0,0,11.1,0.6,2.02,Dropout,Male,Local
2207,1,43,1,9147,1,1,130.0,1,37,19,9,8,130.8,0,0,0,1,1,0,22,0,0,5,5,0,0.0,0,0,5,9,3,13.333333333333334,2,16.2,0.3,-0.92,Enrolled,Male,Local
2208,1,17,2,9147,1,1,133.1,1,38,38,4,7,109.0,1,0,0,1,1,1,22,0,0,5,7,3,12.333333333333334,0,0,5,9,3,10.571428571428571,0,10.8,1.4,1.74,Enrolled,Male,Local
2209,1,1,5,9773,1,1,131.0,1,1,38,9,5,132.4,1,0,1,0,1,0,18,0,0,6,6,0,0.0,0,0,6,0,0,0.0,0,11.1,0.6,2.02,Dropout,Male,Local
2210,1,1,3,9500,1,1,149.0,1,1,1,4,4,129.3,1,0,0,1,1,0,18,0,0,8,8,7,13.1,0,0,8,8,7,13.1,0,12.7,3.7,-1.7,Graduate,Male,Local
2211,1,1,1,9070,1,1,124.0,1,37,37,9,9,125.4,1,0,0,1,1,0,19,0,0,6,6,6,13.5,0,0,6,6,6,13.166666666666666,0,9.4,-0.8,-3.12,Graduate,Male,Local
2212,1,1,1,9119,1,1,126.0,1,38,19,5,5,130.2,0,0,0,1,1,0,19,0,0,5,7,5,10.2,0,0,5,8,3,12.0,0,10.8,1.4,1.74,Enrolled,Male,Local
2213,1,1,1,9238,1,1,140.0,1,19,38,9,9,132.0,0,0,0,1,1,0,19,0,0,6,10,5,11.571428571428571,0,0,6,10,3,13.0,0,16.2,0.3,-0.92,Dropout,Male,Local
2214,1,44,1,9003,1,39,170.0,1,19,19,9,7,170.0,1,0,1,1,1,0,21,0,0,6,7,6,15.285714285714286,0,0,6,6,6,15.166666666666666,0,12.4,0.5,1.79,Graduate,Male,Local
2215,1,1,2,9773,1,1,133.0,1,3,1,2,4,130.2,0,0,0,1,1,0,19,0,0,6,9,5,12.6,0,6,10,16,8,11.0,1,8.9,1.4,3.51,Enrolled,Male,Local
2216,1,18,2,9556,1,1,126.0,1,3,3,2,2,115.5,0,0,0,1,1,0,18,0,0,7,11,6,13.433333333333332,0,0,7,10,4,13.6,0,8.9,1.4,3.51,Graduate,Male,Local
2217,1,16,2,9147,1,1,129.0,1,19,19,4,9,127.6,1,0,0,1,1,0,19,0,0,5,8,5,11.6,0,0,5,9,3,11.0,0,10.8,1.4,1.74,Dropout,Male,Local
2218,1,7,1,9773,1,43,140.0,1,19,1,4,8,140.0,0,0,0,1,1,0,25,0,0,6,6,6,14.666666666666666,0,0,6,6,6,13.5,0,11.1,0.6,2.02,Graduate,Male,Local
2219,1,1,1,9070,1,1,130.0,1,37,1,9,8,120.2,1,0,0,1,1,0,22,0,0,6,9,6,14.666666666666666,0,0,6,12,6,14.666666666666666,0,12.7,3.7,-1.7,Graduate,Male,Local
2220,1,39,1,9500,1,1,130.0,1,1,1,4,9,150.0,0,0,0,1,1,0,24,0,0,8,8,7,12.742857142857144,0,0,8,8,7,12.742857142857144,0,12.7,3.7,-1.7,Graduate,Male,Local
2221,1,1,2,9500,1,1,99.0,1,1,3,5,10,100.0,1,0,0,1,1,0,19,0,0,7,9,7,11.975,0,0,8,9,7,13.12857142857143,0,13.9,-0.3,0.79,Graduate,Male,Local
2222,1,43,1,9119,1,1,146.0,1,3,1,2,3,100.0,0,0,0,1,1,0,18,0,0,5,9,4,12.25,0,0,5,11,3,11.666666666666666,0,13.9,-0.3,0.79,Enrolled,Male,Local
2223,1,17,1,171,1,1,129.0,1,38,37,4,6,128.0,0,0,0,0,1,0,20,0,0,0,0,0,0.0,0,0,0,0,0,0.0,0,9.4,-0.8,-3.12,Dropout,Male,Local
2224,1,1,2,9500,1,1,132.0,1,19,19,9,7,128.0,1,0,0,1,1,1,19,0,0,8,8,7,14.935714285714283,0,0,8,8,7,14.935714285714283,0,10.8,1.4,1.74,Graduate,Male,Local
2225,1,43,3,9254,1,1,110.0,1,37,37,9,9,107.2,1,0,0,1,1,0,19,0,1,6,16,2,10.5,0,0,6,15,4,10.0,0,7.6,2.6,0.32,Dropout,Male,Local
2226,1,1,1,9670,1,1,116.0,1,3,3,3,3,110.1,1,0,0,1,1,0,19,0,0,6,9,5,13.333333333333334,0,0,6,6,5,13.0,0,12.4,0.5,1.79,Graduate,Male,Local
2227,1,43,1,9003,1,1,119.0,1,37,37,9,6,119.0,0,0,1,1,1,0,23,0,0,6,6,0,0.0,0,0,6,8,0,0.0,0,15.5,2.8,-4.06,Dropout,Male,Local
2228,2,39,1,9773,1,1,120.0,1,37,38,9,3,155.5,0,0,0,1,1,0,47,0,0,6,12,5,13.8,0,0,6,13,4,14.0,0,12.7,3.7,-1.7,Dropout,Male,Local
2229,1,1,1,9070,1,1,117.0,1,1,1,3,9,118.4,0,0,0,1,1,0,19,0,0,6,6,6,11.833333333333334,0,0,6,8,4,10.75,2,16.2,0.3,-0.92,Graduate,Male,Local
2230,1,1,4,171,1,1,137.0,1,1,38,4,8,141.2,1,0,0,1,1,0,19,0,0,0,0,0,0.0,0,0,0,0,0,0.0,0,11.1,0.6,2.02,Graduate,Male,Local
2231,1,1,1,171,1,1,124.0,1,3,3,2,2,119.1,1,0,0,1,1,0,18,0,0,0,0,0,0.0,0,0,0,0,0,0.0,0,16.2,0.3,-0.92,Dropout,Male,Local
2232,1,43,1,9147,1,1,151.0,1,1,3,1,1,111.0,0,0,0,1,1,0,28,0,0,5,9,2,10.0,0,0,5,9,0,0.0,0,15.5,2.8,-4.06,Dropout,Male,Local
2233,1,43,1,9254,1,6,138.6,1,34,34,0,0,138.6,1,0,0,1,1,0,20,0,0,6,10,4,11.5,0,0,6,11,3,11.666666666666666,0,7.6,2.6,0.32,Dropout,Male,Local
2234,1,17,2,9254,1,1,118.0,1,19,19,5,7,121.2,0,0,0,1,1,1,18,0,0,6,12,3,10.666666666666666,0,0,6,9,4,12.0,0,15.5,2.8,-4.06,Enrolled,Male,Local
2235,1,1,1,171,1,1,136.0,1,19,19,4,8,150.4,1,0,0,1,1,1,21,0,0,0,0,0,0.0,0,0,0,0,0,0.0,0,12.4,0.5,1.79,Graduate,Male,Local
2236,1,1,1,9254,1,1,123.0,1,38,19,9,4,117.8,0,0,0,1,1,0,19,0,0,6,10,4,12.75,0,0,6,12,2,13.0,0,10.8,1.4,1.74,Enrolled,Male,Local
2237,1,39,1,9254,1,19,133.1,1,38,37,4,5,102.5,0,0,1,0,1,0,24,0,0,6,7,0,0.0,0,0,6,7,0,0.0,0,16.2,0.3,-0.92,Dropout,Male,Local
2238,1,39,1,9130,1,1,130.0,1,19,1,191,144,110.0,0,0,0,1,1,0,24,0,0,6,11,6,11.333333333333334,0,0,6,12,3,11.333333333333334,0,16.2,0.3,-0.92,Enrolled,Male,Local
2239,1,39,1,9085,1,12,133.1,1,38,19,9,8,138.3,1,0,1,0,1,0,25,0,0,6,6,0,0.0,0,0,6,6,0,0.0,0,8.9,1.4,3.51,Enrolled,Male,Local
2240,1,39,1,9254,1,1,150.0,1,3,1,3,4,122.3,0,0,0,1,1,0,28,0,0,6,10,6,13.0,0,0,6,8,5,12.2,0,13.9,-0.3,0.79,Graduate,Male,Local
2241,2,39,1,9991,0,1,130.0,1,37,37,9,9,127.8,0,0,0,1,1,0,37,0,0,5,7,4,10.75,0,0,5,7,3,11.333333333333334,0,7.6,2.6,0.32,Enrolled,Male,Local
2242,1,43,1,9119,1,1,128.0,1,1,38,4,7,100.0,0,0,0,1,1,0,19,0,0,5,8,5,12.0,0,0,5,12,2,10.5,0,13.9,-0.3,0.79,Enrolled,Male,Local
2243,1,17,4,9500,1,1,133.0,1,38,37,5,7,126.4,1,0,0,1,1,1,18,0,0,7,7,7,13.462857142857144,0,0,8,8,8,13.90625,0,11.1,0.6,2.02,Graduate,Male,Local
2244,1,39,1,9254,1,19,133.1,1,37,37,90,90,100.0,0,0,0,1,1,0,48,0,0,6,13,3,10.0,0,0,6,15,1,10.0,0,7.6,2.6,0.32,Dropout,Male,Local
2245,1,17,4,9238,1,1,129.0,1,37,37,9,8,117.1,1,0,0,1,1,0,21,0,0,6,6,6,12.333333333333334,0,0,6,7,6,13.666666666666666,0,8.9,1.4,3.51,Graduate,Male,Local
2246,1,17,1,9500,1,1,128.0,1,1,1,4,5,124.7,0,0,0,1,1,1,19,0,0,7,11,6,12.528571428571428,0,0,7,10,6,12.416666666666666,0,15.5,2.8,-4.06,Enrolled,Male,Local
2247,1,43,2,9500,1,1,136.0,1,19,1,9,10,124.1,0,0,0,1,1,1,21,0,0,8,8,0,0.0,8,0,8,8,0,0.0,8,9.4,-0.8,-3.12,Enrolled,Male,Local
2248,1,44,1,9119,1,1,130.0,1,37,12,9,8,129.4,1,0,1,0,1,0,23,0,0,5,6,0,0.0,0,0,5,7,0,0.0,0,13.9,-0.3,0.79,Dropout,Male,Local
2249,1,1,1,9130,1,1,141.0,1,1,1,4,10,138.9,1,0,0,1,1,0,18,0,0,5,5,5,13.6,0,0,5,6,4,13.25,1,10.8,1.4,1.74,Graduate,Male,Local
2250,1,44,1,9238,1,39,140.0,1,1,1,4,3,138.6,0,0,0,1,1,0,22,0,3,6,7,6,12.333333333333334,0,2,6,6,2,14.0,0,13.9,-0.3,0.79,Dropout,Male,Local
2251,1,16,1,171,1,1,122.0,1,19,37,9,7,133.9,1,0,0,1,1,0,25,0,9,13,16,10,11.454545454545457,0,5,11,13,7,12.25,0,12.4,0.5,1.79,Dropout,Male,Local
2252,1,7,1,9085,1,40,140.0,1,5,3,2,2,140.0,0,0,1,1,1,0,27,0,8,13,13,8,13.5,2,5,11,12,5,14.4,0,11.1,0.6,2.02,Dropout,Male,Local
2253,1,39,1,9119,1,12,133.1,1,34,34,0,0,95.1,0,0,0,0,1,0,49,0,0,5,5,0,0.0,0,0,5,6,0,0.0,0,10.8,1.4,1.74,Dropout,Male,Local
2254,1,39,1,9991,0,1,120.0,1,19,37,5,5,128.2,0,0,0,0,1,0,31,0,0,5,5,2,11.0,0,0,5,0,0,0.0,0,12.7,3.7,-1.7,Dropout,Male,Local
2255,1,39,1,9254,1,1,133.1,1,37,37,9,6,121.5,0,0,0,1,1,0,54,0,0,6,9,6,13.714285714285714,0,0,6,13,5,14.333333333333334,0,16.2,0.3,-0.92,Dropout,Male,Local
2256,1,7,1,33,1,40,120.0,1,38,37,5,6,120.0,1,0,1,0,1,0,25,0,18,21,26,21,12.363636363636363,0,12,16,21,12,12.25,1,11.1,0.6,2.02,Dropout,Male,Local
2257,1,44,1,9003,1,39,130.0,1,5,3,2,2,130.0,0,0,0,1,1,0,20,0,1,7,13,3,10.666666666666666,0,0,6,14,2,11.5,0,15.5,2.8,-4.06,Enrolled,Male,Local
2258,1,7,1,9070,1,3,120.0,1,4,4,2,2,120.0,0,0,0,1,1,0,28,0,0,6,9,2,12.0,0,0,6,10,3,12.666666666666666,0,12.7,3.7,-1.7,Dropout,Male,Local
2259,2,39,1,8014,0,19,133.1,1,37,37,9,6,107.0,0,0,0,1,1,0,41,0,1,7,7,7,12.857142857142858,0,0,6,6,6,13.166666666666666,0,12.7,3.7,-1.7,Graduate,Male,Local
2260,1,1,2,9670,1,1,122.0,1,1,19,4,4,116.1,0,0,0,1,1,1,19,0,0,6,10,6,13.125,0,0,6,9,6,12.714285714285714,0,11.1,0.6,2.02,Enrolled,Male,Local
2261,1,43,1,9147,1,1,123.0,1,1,1,4,4,114.4,0,0,0,1,1,0,22,0,0,5,6,0,0.0,0,0,5,8,2,11.5,0,15.5,2.8,-4.06,Dropout,Male,Local
2262,1,1,1,9254,1,1,178.0,1,2,1,2,3,157.7,0,0,0,1,1,0,34,0,0,6,13,2,13.5,0,0,6,6,0,0.0,0,15.5,2.8,-4.06,Dropout,Male,Local
2263,1,39,1,9003,1,1,130.0,1,38,38,9,9,150.0,0,0,1,0,1,0,28,0,5,11,14,11,15.090909090909092,0,5,10,11,10,15.0,0,11.1,0.6,2.02,Dropout,Male,Local
2264,1,1,1,9853,1,1,110.0,1,37,37,9,4,114.3,1,0,0,1,1,0,42,0,0,6,9,5,12.4,0,0,6,10,5,11.8,0,7.6,2.6,0.32,Enrolled,Male,Local
2265,1,18,1,9085,1,1,106.0,1,1,19,3,5,104.6,0,0,0,0,1,0,21,0,0,6,10,5,14.0,0,0,6,11,4,14.8,0,11.1,0.6,2.02,Enrolled,Male,Local
2266,1,7,1,9003,1,3,140.0,1,39,39,9,4,140.0,0,0,0,1,1,0,50,0,2,6,8,2,13.5,0,1,6,9,1,13.0,0,15.5,2.8,-4.06,Dropout,Male,Local
2267,1,1,4,9147,1,1,108.0,1,3,1,3,4,109.1,1,0,0,1,1,0,19,0,0,5,5,0,0.0,0,0,5,5,0,0.0,0,12.4,0.5,1.79,Dropout,Male,Local
2268,1,43,1,9500,1,1,120.0,1,3,4,2,4,120.6,0,0,0,1,1,0,18,0,0,7,12,4,12.65,0,0,7,10,3,10.666666666666666,0,16.2,0.3,-0.92,Dropout,Male,Local
2269,2,39,1,9991,0,1,100.0,1,37,37,1,1,161.9,0,0,0,1,1,0,59,0,0,5,7,0,0.0,0,0,5,7,0,0.0,0,16.2,0.3,-0.92,Dropout,Male,Local
2270,2,7,1,9991,0,3,140.0,1,34,34,99,99,140.0,1,0,0,0,1,0,33,0,0,5,5,0,0.0,0,0,5,5,0,0.0,0,7.6,2.6,0.32,Dropout,Male,Local
2271,1,17,2,9070,1,1,133.1,1,37,38,9,10,178.0,1,0,0,1,1,1,23,0,0,6,8,6,13.333333333333334,0,0,6,7,5,12.8,0,9.4,-0.8,-3.12,Graduate,Male,Local
2272,2,39,1,9991,0,19,133.1,1,37,1,5,5,138.3,0,0,0,1,1,0,44,0,0,5,9,3,11.333333333333334,0,0,5,8,5,11.142857142857142,0,13.9,-0.3,0.79,Dropout,Male,Local
2273,2,1,4,8014,0,1,140.0,1,34,34,0,0,128.0,1,0,0,1,1,0,37,0,0,6,0,0,0.0,0,0,6,0,0,0.0,0,9.4,-0.8,-3.12,Dropout,Male,Local
2274,2,39,1,171,1,19,100.0,1,37,37,9,9,139.0,0,0,0,1,1,0,36,0,0,0,0,0,0.0,0,0,0,0,0,0.0,0,10.8,1.4,1.74,Dropout,Male,Local
2275,1,1,2,9991,0,1,123.0,1,1,3,4,2,113.2,0,0,0,0,1,0,22,0,0,5,7,3,11.666666666666666,0,0,5,8,2,10.5,2,7.6,2.6,0.32,Dropout,Male,Local
2276,2,39,1,8014,0,19,133.1,1,37,37,6,6,139.0,0,0,0,1,1,0,49,0,0,6,8,6,12.166666666666666,0,0,6,8,6,14.428571428571429,0,12.4,0.5,1.79,Graduate,Male,Local
2277,1,51,1,9773,1,1,135.0,1,1,42,5,3,110.0,1,0,0,1,1,0,23,0,0,6,7,6,13.333333333333334,0,0,6,6,4,12.75,0,11.1,0.6,2.02,Graduate,Male,Local
2278,1,1,1,9070,1,1,132.0,1,1,1,4,9,136.6,1,0,0,1,1,0,19,0,0,6,7,5,11.4,0,0,6,10,3,11.0,3,7.6,2.6,0.32,Enrolled,Male,Local
2279,2,43,1,8014,0,1,120.0,1,37,37,5,5,161.1,0,0,0,1,1,0,47,0,0,6,9,6,12.142857142857142,0,0,6,6,0,0.0,0,16.2,0.3,-0.92,Dropout,Male,Local
2280,1,43,1,9003,1,1,130.0,1,1,2,4,2,130.0,0,0,0,1,1,0,28,0,9,18,36,17,13.058823529411764,1,6,12,15,12,12.307692307692308,0,15.5,2.8,-4.06,Graduate,Male,Local
2281,1,44,1,9003,1,39,140.0,1,1,38,9,6,140.0,0,0,0,1,1,0,21,0,0,6,13,4,11.75,0,0,6,15,4,10.5,0,15.5,2.8,-4.06,Enrolled,Male,Local
2282,1,1,1,9254,1,1,133.1,1,38,1,9,9,121.0,0,0,1,0,1,0,21,0,0,6,9,5,11.833333333333334,0,0,6,8,5,10.0,0,8.9,1.4,3.51,Dropout,Male,Local
2283,1,43,1,9238,1,39,120.0,1,2,1,1,2,118.6,0,0,0,1,1,0,21,0,9,11,14,10,12.4,0,6,10,13,10,11.8,0,13.9,-0.3,0.79,Graduate,Male,Local
2284,1,1,1,9070,1,1,140.0,1,19,38,4,4,138.3,0,0,0,1,1,0,20,0,1,6,8,6,13.428571428571429,1,0,6,12,4,11.5,0,13.9,-0.3,0.79,Enrolled,Male,Local
2285,2,42,1,9147,1,1,133.1,1,37,37,9,9,115.8,0,0,0,0,1,0,49,0,0,5,5,0,0.0,0,0,5,9,0,0.0,0,10.8,1.4,1.74,Dropout,Male,Local
2286,1,39,1,9991,0,1,120.0,1,19,37,6,8,160.0,0,0,0,1,1,0,40,0,0,5,5,5,11.0,0,0,5,5,5,13.4,0,15.5,2.8,-4.06,Graduate,Male,Local
2287,1,17,1,9254,1,1,125.0,1,1,1,3,3,114.5,0,0,0,1,1,1,22,0,0,6,8,6,13.625,0,0,6,8,6,14.428571428571429,0,11.1,0.6,2.02,Graduate,Male,Local
2288,1,42,1,9119,1,1,136.0,1,1,37,5,5,117.5,0,0,0,1,1,0,19,0,2,5,6,4,11.8,0,0,5,7,2,11.5,0,15.5,2.8,-4.06,Enrolled,Male,Local
2289,1,39,1,9991,0,1,133.1,1,3,38,2,7,121.7,0,0,0,1,1,0,31,0,0,5,5,0,0.0,0,0,5,7,0,0.0,0,13.9,-0.3,0.79,Dropout,Male,Local
2290,1,42,1,9119,1,1,120.0,1,5,5,2,2,115.0,0,0,0,1,1,0,30,0,1,6,9,2,15.0,0,1,6,7,2,13.5,0,15.5,2.8,-4.06,Dropout,Male,Local
2291,1,1,1,9238,1,1,127.0,1,37,37,5,10,125.3,0,0,0,1,1,0,19,0,0,6,9,5,10.8,0,0,6,11,5,11.0,0,7.6,2.6,0.32,Graduate,Male,Local
2292,1,18,1,9147,1,1,131.0,1,34,34,90,90,131.0,0,0,0,1,1,0,22,0,0,5,11,3,13.666666666666666,0,0,5,10,3,11.333333333333334,0,9.4,-0.8,-3.12,Dropout,Male,Local
2293,1,1,1,9773,1,1,127.0,1,19,37,9,9,126.3,0,0,0,1,1,0,19,0,0,6,8,6,12.833333333333334,0,0,6,8,6,13.333333333333334,0,15.5,2.8,-4.06,Graduate,Male,Local
2294,1,17,1,171,1,1,132.0,1,1,37,4,9,127.1,0,0,0,0,1,0,21,0,0,0,0,0,0.0,0,0,0,0,0,0.0,0,7.6,2.6,0.32,Dropout,Male,Local
2295,1,17,3,9670,1,1,137.0,1,1,38,4,7,138.4,0,0,0,1,1,0,19,0,0,6,8,6,15.125,0,0,6,7,6,13.428571428571429,0,11.1,0.6,2.02,Graduate,Male,Local
2296,1,43,2,9147,1,1,126.0,1,1,19,3,3,100.0,1,0,0,1,1,0,22,0,0,5,11,0,0.0,0,0,5,7,1,10.0,1,16.2,0.3,-0.92,Dropout,Male,Local
2297,1,1,1,9238,1,1,136.0,1,4,5,2,2,126.2,0,0,0,1,1,0,22,0,0,6,10,5,11.4,0,0,6,8,5,11.0,0,10.8,1.4,1.74,Graduate,Male,Local
2298,1,1,1,9238,1,1,124.0,1,1,1,4,4,118.8,0,0,0,1,1,0,19,0,0,6,12,4,12.25,0,0,6,9,6,11.0,0,9.4,-0.8,-3.12,Graduate,Male,Local
2299,1,39,1,9254,1,39,137.0,1,1,1,5,10,124.5,0,0,0,0,1,0,26,0,0,6,0,0,0.0,0,0,6,0,0,0.0,0,16.2,0.3,-0.92,Dropout,Male,Local
2300,1,44,1,9119,1,39,140.0,1,5,41,3,2,140.0,0,0,0,1,1,0,23,0,3,7,12,3,14.0,0,1,6,12,1,14.0,0,12.4,0.5,1.79,Enrolled,Male,Local
2301,1,17,1,9070,1,1,131.0,1,19,19,7,7,125.1,0,0,0,1,1,0,18,0,0,6,7,6,12.333333333333334,0,0,6,10,5,10.8,4,16.2,0.3,-0.92,Enrolled,Male,Local
2302,1,1,1,9147,1,1,130.0,1,37,37,9,9,118.8,0,0,1,1,1,1,22,0,0,5,8,5,10.666666666666666,0,0,5,11,2,11.0,0,15.5,2.8,-4.06,Enrolled,Male,Local
2303,1,18,5,9119,1,1,136.0,1,3,2,2,3,125.2,1,0,0,1,1,0,19,0,0,5,9,5,11.833333333333334,0,0,5,9,5,14.714285714285714,0,12.4,0.5,1.79,Enrolled,Male,Local
2304,1,17,1,9147,1,1,133.1,1,1,19,4,8,95.0,0,0,0,1,1,0,20,0,0,5,14,0,0.0,0,0,5,5,0,0.0,0,11.1,0.6,2.02,Dropout,Male,Local
2305,1,1,3,9070,1,1,110.0,1,37,37,9,9,107.6,1,0,0,1,1,1,22,0,0,6,6,6,11.666666666666666,0,0,6,6,6,12.166666666666666,0,7.6,2.6,0.32,Enrolled,Male,Local
2306,1,7,1,9130,1,3,140.0,1,2,38,2,3,140.0,1,0,0,0,1,0,18,0,2,5,7,2,13.0,0,0,5,5,0,0.0,0,12.7,3.7,-1.7,Dropout,Male,Local
2307,4,43,2,9991,0,38,133.1,1,3,1,2,9,125.4,0,0,0,1,1,0,39,0,0,2,5,0,0.0,0,0,4,4,0,0.0,0,10.8,1.4,1.74,Dropout,Male,Local
2308,1,1,1,9500,1,1,141.0,1,19,1,90,90,128.0,0,0,0,1,1,0,18,0,0,8,8,0,0.0,3,0,8,8,0,0.0,3,10.8,1.4,1.74,Dropout,Male,Local
2309,1,17,3,9119,1,1,130.0,1,1,38,3,3,129.3,0,0,0,1,1,1,18,0,0,5,5,5,13.0,0,0,5,5,5,14.2,0,8.9,1.4,3.51,Graduate,Male,Local
2310,1,1,1,9238,1,1,160.0,1,19,38,9,9,152.0,0,0,0,1,1,1,19,0,0,6,7,6,13.857142857142858,0,0,6,6,6,14.0,0,13.9,-0.3,0.79,Graduate,Male,Local
2311,1,1,1,9500,1,1,140.0,1,1,19,9,9,128.8,0,0,0,1,1,0,18,0,0,7,7,6,13.391666666666666,0,0,8,8,8,12.4875,0,12.4,0.5,1.79,Graduate,Male,Local
2312,1,1,1,9147,1,1,150.0,1,34,19,0,4,152.8,1,0,0,1,1,1,18,0,0,5,7,4,12.75,0,0,5,5,0,0.0,0,7.6,2.6,0.32,Dropout,Male,Local
2313,1,44,1,9130,1,39,150.0,1,37,37,6,6,150.0,1,0,0,1,1,0,22,0,0,5,7,4,14.5,0,0,5,5,5,14.6,0,10.8,1.4,1.74,Graduate,Male,Local
2314,1,1,1,9238,1,1,133.1,1,1,1,3,4,112.0,0,0,0,1,1,0,19,0,0,6,7,6,12.166666666666666,0,0,6,6,6,12.166666666666666,0,12.4,0.5,1.79,Graduate,Male,Local
2315,1,1,1,9130,1,1,152.0,1,19,37,9,8,135.6,1,0,0,1,1,0,18,0,0,5,5,5,15.4,0,0,5,5,5,15.6,0,12.7,3.7,-1.7,Dropout,Male,Local
2316,1,39,1,9119,1,19,133.1,1,1,1,4,3,134.4,0,0,1,0,1,0,31,0,0,5,9,2,13.333333333333334,0,0,5,9,2,16.0,4,16.2,0.3,-0.92,Dropout,Male,Local
2317,1,39,1,9991,0,1,130.0,1,3,1,3,3,120.5,0,0,0,1,1,0,28,0,0,5,5,0,0.0,0,0,5,5,0,0.0,0,12.7,3.7,-1.7,Dropout,Male,Local
2318,1,1,1,9070,1,1,148.0,1,1,1,4,8,141.4,0,0,0,1,1,0,19,0,0,6,0,0,0.0,0,0,6,0,0,0.0,0,15.5,2.8,-4.06,Dropout,Male,Local
2319,1,17,1,9254,1,1,148.0,1,1,1,4,8,145.2,0,0,0,1,1,0,20,0,0,6,7,6,13.714285714285714,0,0,6,8,6,14.714285714285714,0,16.2,0.3,-0.92,Graduate,Male,Local
2320,4,39,1,9238,1,1,130.0,1,19,3,9,2,140.0,0,0,0,1,1,0,50,0,0,6,7,4,12.25,0,0,6,7,0,0.0,0,8.9,1.4,3.51,Dropout,Male,Local
2321,1,43,1,9070,1,1,160.0,1,1,2,4,2,100.0,0,0,0,1,1,0,38,0,1,6,9,5,16.0,1,0,6,11,4,16.5,0,13.9,-0.3,0.79,Enrolled,Male,Local
2322,2,39,1,9991,0,1,130.0,1,37,37,9,9,140.0,1,0,0,1,1,0,31,0,0,5,8,1,11.0,0,0,5,5,1,13.0,0,9.4,-0.8,-3.12,Dropout,Male,Local
2323,1,39,1,9500,1,1,110.0,1,1,37,9,9,126.0,1,0,0,1,1,0,27,0,0,7,7,7,14.085714285714284,0,0,7,7,7,14.085714285714284,0,7.6,2.6,0.32,Enrolled,Male,Local
2324,1,18,1,9238,1,1,122.0,1,1,3,9,2,112.6,1,0,0,1,1,0,21,0,0,6,9,6,10.166666666666666,0,0,6,10,6,10.5,0,12.7,3.7,-1.7,Graduate,Male,Local
2325,2,39,1,9119,1,1,110.0,1,37,37,9,9,106.8,0,0,0,1,1,0,34,0,0,5,8,1,10.0,0,0,5,9,0,0.0,0,8.9,1.4,3.51,Dropout,Male,Local
2326,1,51,1,9119,1,1,129.0,1,2,37,2,9,121.6,1,0,0,1,1,0,19,0,0,5,10,0,0.0,0,0,5,7,1,10.0,0,7.6,2.6,0.32,Enrolled,Male,Local
2327,2,39,1,9991,0,1,110.0,1,37,37,1,4,120.0,1,0,0,0,1,0,40,0,0,5,10,2,10.5,0,0,5,5,3,10.666666666666666,0,9.4,-0.8,-3.12,Dropout,Male,Local
2328,1,1,1,171,1,1,170.0,1,38,19,9,2,160.6,1,0,0,1,1,1,18,0,0,0,0,0,0.0,0,0,0,0,0,0.0,0,12.7,3.7,-1.7,Graduate,Male,Local
2329,2,39,1,9070,1,12,110.0,1,37,38,5,10,130.0,0,0,1,0,1,1,46,0,0,6,6,0,0.0,0,0,6,6,0,0.0,0,15.5,2.8,-4.06,Dropout,Male,Local
2330,1,43,5,8014,0,1,110.0,1,34,34,0,0,110.0,0,0,0,1,1,0,37,0,0,6,12,0,0.0,0,0,5,10,0,0.0,0,7.6,2.6,0.32,Dropout,Male,Local
2331,1,39,1,9003,1,1,133.1,1,19,37,9,7,110.0,1,0,0,1,1,0,31,0,0,6,8,0,0.0,0,0,6,10,0,0.0,0,16.2,0.3,-0.92,Dropout,Male,Local
2332,1,39,1,9003,1,1,133.1,1,1,19,4,10,145.8,0,0,0,1,1,0,34,0,0,6,15,5,13.333333333333334,0,0,6,15,5,12.4,0,12.4,0.5,1.79,Graduate,Male,Local
2333,1,1,6,171,1,1,126.0,1,10,10,4,4,130.2,1,0,0,1,1,1,18,0,0,0,0,0,0.0,0,0,0,0,0,0.0,0,9.4,-0.8,-3.12,Dropout,Male,Local
2334,1,1,1,9670,1,1,137.0,1,38,37,9,9,122.3,0,0,0,1,1,1,18,0,0,6,7,6,13.571428571428571,0,0,6,6,6,14.333333333333334,0,12.4,0.5,1.79,Graduate,Male,Local
2335,1,17,4,9070,1,1,117.0,1,1,1,3,3,125.4,1,0,0,1,1,1,19,0,0,6,6,6,12.833333333333334,0,0,6,7,6,11.166666666666666,0,11.1,0.6,2.02,Graduate,Male,Local
2336,1,43,1,9991,0,1,100.0,1,37,19,9,4,130.0,0,0,0,1,1,0,40,0,1,5,6,4,10.25,0,3,8,18,5,11.2,5,15.5,2.8,-4.06,Dropout,Male,Local
2337,1,39,1,9130,1,1,120.0,1,1,38,9,9,150.0,0,0,0,1,1,0,25,0,0,6,6,0,0.0,0,0,6,6,0,0.0,0,12.4,0.5,1.79,Dropout,Male,Local
2338,1,17,5,9119,1,1,126.0,1,38,38,5,9,116.9,1,0,1,1,1,0,20,0,0,5,5,4,14.5,0,0,6,8,3,13.333333333333334,0,11.1,0.6,2.02,Dropout,Male,Local
2339,1,17,1,9119,1,1,122.0,1,19,19,9,9,114.7,0,0,0,1,1,0,20,0,0,5,6,5,15.8,0,0,5,8,5,13.714285714285714,0,11.1,0.6,2.02,Enrolled,Male,Local
2340,1,39,1,9003,1,1,111.0,1,37,37,9,10,95.8,1,0,0,0,1,0,43,0,0,6,0,0,0.0,0,0,6,0,0,0.0,0,15.5,2.8,-4.06,Dropout,Male,Local
2341,1,17,4,9119,1,1,139.0,1,37,19,9,4,133.1,1,0,0,1,1,0,18,0,0,5,8,4,12.5,0,0,5,7,3,14.666666666666666,1,7.6,2.6,0.32,Enrolled,Male,Local
2342,1,43,1,9003,1,1,150.0,1,2,4,4,1,150.0,0,0,0,1,1,0,35,0,16,18,22,18,11.666666666666666,0,12,13,13,12,11.5,1,15.5,2.8,-4.06,Graduate,Male,Local
2343,1,17,2,9991,0,1,116.0,1,37,19,9,4,118.5,0,0,0,1,1,0,23,0,0,5,6,4,13.0,0,0,5,5,5,13.0,0,7.6,2.6,0.32,Graduate,Male,Local
2344,1,17,1,9500,1,1,130.0,1,3,3,2,2,131.1,0,0,0,1,1,0,19,0,0,7,8,7,12.12142857142857,0,0,9,12,8,11.50625,0,12.4,0.5,1.79,Graduate,Male,Local
2345,1,53,1,9085,1,42,150.0,1,1,19,3,8,150.3,1,0,0,1,1,1,21,0,7,11,15,9,14.22222222222222,0,4,9,15,7,13.75,0,8.9,1.4,3.51,Graduate,Male,Local
2346,1,43,1,9670,1,1,132.0,1,3,19,4,8,120.5,0,0,0,1,1,0,19,0,0,6,17,4,12.5,0,0,6,8,4,13.25,0,13.9,-0.3,0.79,Enrolled,Male,Local
2347,1,18,1,9119,1,1,108.0,1,1,1,4,3,105.6,1,0,0,1,1,0,20,0,0,5,7,5,12.166666666666666,0,0,5,7,5,15.285714285714286,0,12.4,0.5,1.79,Graduate,Male,Local
2348,1,39,1,9670,1,1,133.1,1,19,19,3,3,125.3,0,1,0,1,1,1,30,0,0,6,0,0,0.0,0,0,6,0,0,0.0,0,12.4,0.5,1.79,Dropout,Male,Local
2349,4,39,1,9254,1,1,120.0,1,37,19,9,9,131.0,1,0,0,1,1,0,44,0,0,6,6,6,12.666666666666666,0,0,6,6,6,11.5,0,12.4,0.5,1.79,Graduate,Male,Local
2350,1,18,1,9500,1,1,146.0,1,19,3,4,9,127.0,0,0,0,1,1,0,19,0,0,8,8,7,13.614285714285714,0,0,8,8,7,13.614285714285714,0,12.7,3.7,-1.7,Graduate,Male,Local
2351,1,44,1,9130,1,39,150.0,1,2,1,3,6,150.0,1,0,0,1,1,0,22,0,11,18,32,12,12.857142857142858,1,8,12,15,10,14.3,0,16.2,0.3,-0.92,Graduate,Male,Local
2352,1,1,1,9130,1,1,160.0,1,3,3,1,2,149.2,0,0,0,1,1,0,18,0,0,5,7,4,14.0,0,0,5,5,5,14.2,0,7.6,2.6,0.32,Graduate,Male,Local
2353,1,17,1,9670,1,1,125.0,1,37,37,9,9,121.5,1,0,0,1,1,1,21,0,0,6,8,4,14.75,0,0,6,6,5,11.8,0,12.7,3.7,-1.7,Graduate,Male,Local
2354,1,1,2,9085,1,1,125.0,1,37,19,90,90,137.3,0,0,0,1,1,0,18,0,0,6,0,0,0.0,0,0,6,0,0,0.0,0,7.6,2.6,0.32,Dropout,Male,Local
2355,1,17,4,9670,1,1,122.0,1,3,1,2,3,119.6,1,0,0,1,1,0,18,0,0,6,8,6,13.625,0,0,6,7,6,14.285714285714286,0,11.1,0.6,2.02,Graduate,Male,Local
2356,1,1,1,171,1,1,138.0,1,1,1,4,3,141.5,0,0,0,1,1,0,19,0,0,0,0,0,0.0,0,0,0,0,0,0.0,0,7.6,2.6,0.32,Graduate,Male,Local
2357,1,44,1,9003,1,39,150.0,1,1,38,6,6,150.0,1,0,0,1,1,0,21,0,0,6,12,4,11.8,0,0,6,11,4,11.875,0,16.2,0.3,-0.92,Dropout,Male,Local
2358,1,39,1,9003,1,1,140.0,1,3,3,2,2,110.0,0,0,0,1,1,0,31,0,0,6,8,6,15.125,0,0,6,10,6,14.6,0,16.2,0.3,-0.92,Graduate,Male,Local
2359,1,17,5,9254,1,1,113.0,1,1,1,2,3,110.2,1,0,0,1,1,0,21,0,0,6,10,4,11.5,0,0,6,10,2,10.5,0,9.4,-0.8,-3.12,Dropout,Male,Local
2360,1,39,1,9119,1,1,139.0,1,19,19,9,7,110.3,0,0,1,1,1,0,24,0,0,5,12,1,10.0,0,0,5,11,1,11.0,0,8.9,1.4,3.51,Enrolled,Male,Local
2361,1,42,1,9773,1,1,133.1,1,19,6,4,3,120.0,0,0,0,1,1,0,27,0,0,4,8,0,0.0,0,0,5,10,0,0.0,0,9.4,-0.8,-3.12,Dropout,Male,Local
2362,1,1,5,9147,1,1,118.0,1,19,19,9,9,114.2,1,0,0,1,1,0,20,0,0,5,9,3,10.333333333333334,0,0,5,6,5,12.8,0,12.4,0.5,1.79,Graduate,Male,Local
2363,1,44,1,9119,1,39,140.0,1,1,19,4,5,140.0,1,0,0,1,1,0,22,0,0,5,9,0,0.0,0,0,5,6,2,11.666666666666666,0,10.8,1.4,1.74,Enrolled,Male,Local
2364,1,1,1,9003,1,1,144.0,1,19,19,9,9,132.8,0,0,0,1,1,1,19,0,0,6,9,4,12.0,2,0,6,10,4,12.5,0,15.5,2.8,-4.06,Enrolled,Male,Local
2365,1,18,1,9773,1,1,125.0,1,1,1,4,7,121.5,1,0,0,1,1,0,19,0,0,6,6,6,13.833333333333334,0,0,6,6,6,14.5,0,8.9,1.4,3.51,Graduate,Male,Local
2366,1,1,1,171,1,1,131.0,1,1,1,7,4,127.2,1,0,1,1,1,0,23,0,13,17,19,13,12.153846153846152,0,10,17,28,11,11.909090909090908,1,11.1,0.6,2.02,Enrolled,Male,Local
2367,1,17,1,9130,1,1,131.0,1,12,12,2,8,128.2,1,0,0,1,1,0,18,0,0,6,7,6,14.0,0,0,6,8,6,13.666666666666666,0,12.4,0.5,1.79,Graduate,Male,Local
2368,1,1,1,9773,1,1,140.0,1,3,2,4,6,133.4,1,0,0,0,1,0,29,0,0,6,8,6,16.5,0,0,6,6,5,13.8,0,11.1,0.6,2.02,Enrolled,Male,Local
2369,1,39,1,9130,1,1,133.1,1,1,19,4,5,120.0,1,0,0,1,1,0,29,0,0,5,11,1,18.0,2,0,5,10,3,13.333333333333334,2,10.8,1.4,1.74,Dropout,Male,Local
2370,1,44,1,9003,1,1,140.0,1,1,1,4,5,140.0,0,0,0,1,1,0,20,0,0,6,11,6,11.285714285714286,0,0,6,12,5,11.77777777777778,0,16.2,0.3,-0.92,Enrolled,Male,Local
2371,1,1,5,171,1,1,139.0,1,19,3,9,2,136.9,1,0,0,1,1,1,19,0,0,0,0,0,0.0,0,0,0,0,0,0.0,0,9.4,-0.8,-3.12,Graduate,Male,Local
2372,1,17,3,171,1,1,125.0,1,3,39,2,5,117.0,1,1,0,1,1,0,22,0,0,0,0,0,0.0,0,0,0,0,0,0.0,0,10.8,1.4,1.74,Enrolled,Male,Local
2373,1,1,2,9670,1,1,117.0,1,3,1,3,5,110.7,1,0,0,1,1,0,20,0,0,6,10,5,14.0,0,0,6,10,6,12.0,0,11.1,0.6,2.02,Enrolled,Male,Local
2374,1,39,1,9130,1,1,150.0,1,19,19,9,5,160.0,1,0,0,1,1,0,24,0,0,5,13,4,13.75,1,0,5,9,3,12.0,0,9.4,-0.8,-3.12,Enrolled,Male,Local
2375,1,1,1,9670,1,1,95.0,1,37,37,5,8,95.0,0,0,0,0,1,0,21,0,0,6,9,4,13.25,0,0,6,6,5,11.0,0,12.7,3.7,-1.7,Dropout,Male,Local
2376,1,39,1,9147,1,1,150.0,1,37,1,7,3,148.8,0,0,0,1,1,1,25,0,0,5,7,4,14.25,0,0,5,7,4,14.75,0,12.7,3.7,-1.7,Graduate,Male,Local
2377,1,39,1,9147,1,1,120.0,1,37,37,9,9,110.0,0,0,0,0,1,0,32,0,0,5,9,0,0.0,1,0,5,5,0,0.0,0,9.4,-0.8,-3.12,Dropout,Male,Local
2378,1,43,1,9991,0,1,136.0,1,3,4,2,2,133.9,0,0,0,0,1,0,26,0,8,12,12,8,11.25,0,3,8,8,3,11.333333333333334,0,7.6,2.6,0.32,Dropout,Male,Local
2379,1,1,1,9130,1,1,133.0,1,2,37,9,7,125.7,1,0,0,1,1,1,18,0,0,6,7,6,13.5,0,0,6,8,6,12.5,0,12.4,0.5,1.79,Graduate,Male,Local
2380,1,17,1,9254,1,1,125.0,1,1,19,4,7,116.6,0,0,0,1,1,1,19,0,0,6,8,5,12.666666666666666,0,0,6,10,6,12.857142857142858,0,16.2,0.3,-0.92,Graduate,Male,Local
2381,1,1,3,9070,1,1,127.0,1,19,38,5,7,141.0,1,0,0,1,1,1,19,0,0,6,6,6,15.166666666666666,0,0,6,6,6,12.333333333333334,0,12.4,0.5,1.79,Graduate,Male,Local
2382,1,7,1,9119,1,40,130.0,1,1,1,4,4,130.0,0,0,0,1,1,0,27,0,4,6,6,6,13.166666666666666,0,2,5,7,5,15.142857142857142,0,11.1,0.6,2.02,Dropout,Male,Local
2383,1,53,1,9003,1,1,130.0,1,19,1,9,9,130.0,0,0,1,1,1,0,21,0,7,12,20,10,11.8,0,5,12,15,9,11.444444444444445,0,8.9,1.4,3.51,Enrolled,Male,Local
2384,1,17,1,9119,1,1,127.0,1,19,1,4,5,115.8,0,0,0,1,1,0,20,0,0,5,10,4,11.5,0,0,5,11,0,0.0,0,13.9,-0.3,0.79,Enrolled,Male,Local
2385,1,44,1,9070,1,39,140.0,1,19,38,4,0,140.0,1,0,0,1,1,0,21,0,0,6,6,6,14.5,0,0,6,8,6,11.333333333333334,0,12.4,0.5,1.79,Graduate,Male,Local
2386,1,1,5,9773,1,1,125.0,1,37,3,5,2,126.1,1,0,0,1,1,0,22,0,0,6,10,5,13.4,0,0,6,12,3,10.666666666666666,0,9.4,-0.8,-3.12,Enrolled,Male,Local
2387,1,1,1,171,1,1,135.0,1,1,38,5,7,137.5,1,0,1,0,1,0,19,0,0,0,0,0,0.0,0,0,0,0,0,0.0,0,12.7,3.7,-1.7,Graduate,Male,Local
2388,1,17,4,9147,1,1,132.0,1,38,19,5,5,120.8,1,0,0,1,1,1,18,0,0,5,8,4,10.8,0,0,5,10,2,12.5,0,11.1,0.6,2.02,Dropout,Male,Local
2389,1,39,2,9238,1,1,110.0,1,19,1,5,5,136.5,0,0,0,1,1,0,28,0,0,5,6,0,0.0,0,0,5,5,0,0.0,0,13.9,-0.3,0.79,Dropout,Male,Local
2390,2,39,1,9003,1,1,130.0,1,1,37,9,1,122.0,0,0,1,0,1,0,25,0,3,10,23,6,11.428571428571429,0,2,7,15,4,12.0,1,15.5,2.8,-4.06,Dropout,Male,Local
2391,1,43,1,9003,1,1,130.0,1,37,1,5,4,130.0,0,0,0,1,1,0,25,0,8,14,24,8,12.5,2,6,13,23,10,11.6,0,15.5,2.8,-4.06,Dropout,Male,Local
2392,1,1,1,9147,1,1,135.0,1,38,19,9,5,126.3,0,0,0,1,1,0,18,0,0,5,11,2,13.5,0,0,5,11,3,12.333333333333334,0,8.9,1.4,3.51,Enrolled,Male,Local
2393,1,1,1,9254,1,1,133.1,1,4,19,4,5,98.0,0,0,0,1,1,0,26,0,0,6,6,0,0.0,0,0,6,12,0,0.0,0,10.8,1.4,1.74,Dropout,Male,Local
2394,1,17,3,9147,1,1,135.0,1,37,37,6,5,121.0,1,0,0,1,1,1,18,0,0,5,8,5,12.75,0,0,5,7,5,11.5,0,13.9,-0.3,0.79,Graduate,Male,Local
2395,1,43,1,9773,1,1,128.0,1,19,38,9,7,124.2,1,0,0,1,1,0,22,0,0,6,17,3,11.333333333333334,3,0,6,14,3,12.333333333333334,0,15.5,2.8,-4.06,Enrolled,Male,Local
2396,1,39,1,9003,1,1,140.0,1,1,3,4,5,130.0,0,0,0,1,1,0,25,0,0,6,8,0,0.0,0,0,6,10,0,0.0,0,16.2,0.3,-0.92,Dropout,Male,Local
2397,1,1,2,9773,1,1,135.0,1,3,1,4,4,136.1,1,0,0,1,1,0,19,0,0,6,9,5,11.4,0,0,6,13,5,12.4,0,8.9,1.4,3.51,Enrolled,Male,Local
2398,1,17,2,9773,1,1,131.0,1,3,19,2,3,132.8,1,0,0,1,1,0,19,0,0,6,7,6,14.428571428571429,0,0,6,7,6,14.571428571428571,0,13.9,-0.3,0.79,Graduate,Male,Local
2399,1,17,1,9500,1,1,131.0,1,1,1,5,5,126.3,0,0,0,1,1,0,19,0,0,7,9,7,12.492857142857144,0,0,8,10,8,11.7125,0,16.2,0.3,-0.92,Graduate,Male,Local
2400,4,39,1,8014,0,19,100.0,1,1,37,9,1,111.5,0,0,0,1,1,0,45,0,2,8,10,4,11.5,0,2,8,13,4,11.0,0,10.8,1.4,1.74,Dropout,Male,Local
2401,2,39,1,9991,0,1,140.0,1,37,37,9,9,118.2,0,0,0,1,1,0,52,0,0,5,7,5,11.2,0,0,5,6,5,12.8,1,7.6,2.6,0.32,Graduate,Male,Local
2402,1,1,1,9147,1,1,124.0,1,19,19,9,3,115.6,1,0,0,0,1,0,20,0,0,5,9,3,12.0,1,0,5,7,3,11.0,0,9.4,-0.8,-3.12,Dropout,Male,Local
2403,1,1,1,9500,1,1,130.0,1,38,37,5,10,117.8,1,0,0,1,1,0,19,0,0,8,8,7,15.885714285714286,0,0,8,8,7,15.885714285714286,0,10.8,1.4,1.74,Graduate,Male,Local
2404,1,1,1,9500,1,1,142.0,1,1,38,9,9,127.0,0,0,1,0,1,0,21,0,0,7,12,4,12.94,0,0,7,12,4,11.58,0,12.4,0.5,1.79,Dropout,Male,Local
2405,2,39,1,8014,0,1,150.0,1,37,37,9,9,140.0,0,0,0,0,1,0,35,0,0,6,6,6,14.0,0,0,6,6,6,14.166666666666666,0,9.4,-0.8,-3.12,Graduate,Male,Local
2406,2,39,1,171,1,12,110.0,1,37,37,7,7,106.0,1,0,0,1,1,0,36,0,0,0,0,0,0.0,0,0,0,0,0,0.0,0,7.6,2.6,0.32,Graduate,Male,Local
2407,4,39,1,9500,1,19,110.0,1,37,38,5,5,151.0,0,0,1,0,1,0,47,0,0,7,7,0,0.0,7,0,8,8,0,0.0,8,15.5,2.8,-4.06,Dropout,Male,Local
2408,1,18,1,9991,0,1,112.0,1,43,40,2,2,106.4,0,0,0,1,1,0,22,0,0,5,0,0,0.0,0,0,5,0,0,0.0,0,8.9,1.4,3.51,Dropout,Male,Local
2409,2,39,1,9991,0,1,100.0,1,37,37,9,9,125.3,1,0,0,1,1,0,41,0,0,5,8,4,11.25,0,0,5,8,3,11.0,1,7.6,2.6,0.32,Dropout,Male,Local
2410,1,7,1,9119,1,3,130.0,1,34,34,90,90,130.0,0,0,0,1,1,0,26,0,0,5,5,0,0.0,0,0,5,6,0,0.0,0,10.8,1.4,1.74,Dropout,Male,Local
2411,2,39,1,8014,0,1,133.1,1,34,34,90,90,116.0,0,0,0,0,0,0,51,0,0,6,13,4,11.25,0,0,6,12,0,0.0,1,10.8,1.4,1.74,Dropout,Female,Local
2412,2,39,2,9991,0,1,150.0,1,37,37,9,9,120.0,0,0,0,1,0,0,43,0,0,5,11,3,10.666666666666666,0,1,5,10,4,12.5,0,9.4,-0.8,-3.12,Enrolled,Female,Local
2413,2,39,2,8014,0,1,100.0,1,34,34,0,0,100.0,1,0,0,1,0,0,41,0,0,6,9,5,11.8,0,1,6,10,3,10.666666666666666,1,7.6,2.6,0.32,Graduate,Female,Local
2414,1,43,2,9147,1,1,130.0,1,34,37,9,9,118.5,1,0,0,1,1,0,23,0,5,10,19,8,11.625,1,4,10,16,10,11.181818181818182,3,7.6,2.6,0.32,Graduate,Male,Local
2415,1,43,2,9238,1,1,129.0,1,34,30,0,5,118.9,1,0,0,1,1,0,22,0,0,6,11,0,0.0,0,0,5,10,0,0.0,0,9.4,-0.8,-3.12,Dropout,Male,Local
2416,1,17,2,9070,1,1,127.0,1,37,37,9,9,119.3,1,1,0,1,1,1,25,0,0,6,8,4,10.25,0,0,6,6,4,11.25,0,12.7,3.7,-1.7,Dropout,Male,Local
2417,1,43,1,9991,0,1,140.0,1,37,37,9,9,135.8,1,0,0,1,1,0,25,0,14,15,16,15,10.8,0,13,14,14,14,11.357142857142858,0,9.4,-0.8,-3.12,Graduate,Male,Local
2418,1,53,1,171,1,42,130.0,1,1,19,9,9,130.0,1,0,0,0,1,1,22,0,5,12,15,11,12.545454545454543,0,4,11,16,11,12.666666666666666,0,8.9,1.4,3.51,Graduate,Male,Local
2419,1,39,1,9003,1,1,133.1,6,1,1,192,144,129.8,0,0,0,1,1,0,24,1,0,7,7,7,13.571428571428571,0,0,6,9,5,13.4,0,8.9,1.4,3.51,Enrolled,Male,International
2420,1,39,1,9085,1,2,140.0,1,38,38,9,10,150.0,0,0,0,1,1,0,47,0,0,6,0,0,0.0,0,0,6,0,0,0.0,0,16.2,0.3,-0.92,Dropout,Male,Local
2421,2,39,1,9991,0,19,133.1,1,37,37,5,5,111.9,1,0,0,1,1,0,41,0,0,5,5,0,0.0,0,0,5,5,0,0.0,0,7.6,2.6,0.32,Dropout,Male,Local
2422,1,39,1,9003,1,1,120.0,1,37,37,9,9,150.1,1,0,0,1,1,0,43,0,0,6,9,6,14.77777777777778,0,0,6,11,5,12.2,0,13.9,-0.3,0.79,Graduate,Male,Local
2423,1,39,1,9003,1,1,133.1,1,1,37,9,8,130.0,0,0,0,1,1,0,29,0,0,3,4,0,0.0,0,0,4,8,0,0.0,0,16.2,0.3,-0.92,Dropout,Male,Local
2424,1,39,2,9119,1,1,120.0,1,37,37,5,5,128.0,0,0,0,1,1,0,30,0,0,2,2,0,0.0,0,0,2,2,0,0.0,0,7.6,2.6,0.32,Dropout,Male,Local
2425,1,39,2,9147,1,38,133.1,1,19,38,9,9,102.5,0,0,0,0,1,0,26,0,0,4,4,0,0.0,0,0,5,0,0,0.0,0,12.7,3.7,-1.7,Dropout,Male,Local
2426,1,39,2,9991,0,1,133.1,1,19,38,9,9,102.5,0,0,0,0,1,0,27,0,0,5,10,0,0.0,0,0,5,5,0,0.0,0,15.5,2.8,-4.06,Dropout,Male,Local
2427,2,39,2,9670,1,1,100.0,1,37,37,9,9,110.0,0,0,0,1,1,1,36,0,0,5,5,5,11.4,0,0,5,7,5,11.6,0,9.4,-0.8,-3.12,Graduate,Male,Local
2428,1,39,1,9003,1,19,133.1,1,1,19,4,10,114.0,0,0,0,1,1,0,29,0,3,9,13,6,11.666666666666666,0,2,7,10,6,10.857142857142858,0,15.5,2.8,-4.06,Dropout,Male,Local
2429,1,42,1,9119,1,1,120.0,1,34,34,0,0,128.2,1,0,0,1,1,0,35,0,6,10,12,7,11.285714285714286,0,2,8,8,5,13.0,0,9.4,-0.8,-3.12,Dropout,Male,Local
2430,1,1,1,9773,1,1,128.0,1,38,38,6,3,116.5,0,0,0,1,1,1,18,0,0,6,12,4,11.5,0,0,6,10,5,12.6,0,10.8,1.4,1.74,Graduate,Male,Local
2431,1,1,1,9991,0,1,172.0,1,38,37,9,9,149.3,0,0,0,1,1,1,24,0,0,5,5,5,16.0,0,0,5,5,5,16.0,0,8.9,1.4,3.51,Graduate,Male,Local
2432,1,1,3,9773,1,1,146.0,1,38,38,9,7,134.1,1,0,0,1,1,1,18,0,0,6,6,6,12.5,0,0,6,7,6,12.666666666666666,0,10.8,1.4,1.74,Dropout,Male,Local
2433,1,17,4,9119,1,1,135.0,1,38,37,5,7,126.6,1,0,0,1,1,0,18,0,0,5,7,4,12.0,0,0,5,10,3,13.0,3,7.6,2.6,0.32,Enrolled,Male,Local
2434,2,43,1,9085,1,1,160.0,1,37,37,9,7,120.0,0,0,0,1,1,0,21,0,0,5,11,0,0.0,2,0,5,11,3,11.666666666666666,1,9.4,-0.8,-3.12,Enrolled,Male,Local
2435,1,42,1,9119,1,1,150.0,1,38,37,5,8,133.5,1,0,0,1,1,0,21,0,0,5,10,5,13.0,0,0,5,10,5,12.6,0,9.4,-0.8,-3.12,Graduate,Male,Local
2436,1,39,1,9003,1,1,130.0,1,1,3,2,6,110.0,0,0,0,1,1,0,32,0,8,18,27,13,13.714285714285714,1,7,12,18,12,12.083333333333334,0,15.5,2.8,-4.06,Graduate,Male,Local
2437,1,1,4,9119,1,1,111.0,1,37,37,9,5,107.5,1,0,0,1,1,1,22,0,0,5,9,3,12.333333333333334,0,0,6,14,3,12.5,0,11.1,0.6,2.02,Dropout,Male,Local
2438,1,7,1,9003,1,3,130.0,1,1,38,9,7,130.0,1,0,0,0,1,0,32,0,11,17,31,11,12.727272727272728,4,10,12,24,10,12.7,1,15.5,2.8,-4.06,Dropout,Male,Local
2439,1,43,1,9670,1,6,170.0,1,34,34,0,0,111.6,0,0,0,1,1,0,35,0,1,5,5,1,14.0,0,0,5,5,0,0.0,0,9.4,-0.8,-3.12,Dropout,Male,Local
2440,1,18,3,9147,1,1,133.1,1,1,38,4,7,101.0,1,0,0,0,1,0,23,0,0,5,0,0,0.0,0,0,5,0,0,0.0,0,8.9,1.4,3.51,Dropout,Male,Local
2441,1,39,1,8014,0,1,100.0,1,37,37,6,6,108.3,0,0,0,1,1,0,39,0,0,6,8,5,11.4,0,1,6,12,3,11.0,1,7.6,2.6,0.32,Enrolled,Male,Local
2442,2,43,1,9670,1,1,120.0,1,34,34,0,0,128.2,0,0,0,1,1,0,35,0,0,5,5,0,0.0,0,0,5,5,1,10.0,0,9.4,-0.8,-3.12,Dropout,Male,Local
2443,2,39,1,9003,1,3,110.0,1,3,19,4,6,150.0,0,0,0,1,1,0,32,0,0,6,8,6,18.875,0,6,12,14,12,17.692307692307693,0,16.2,0.3,-0.92,Graduate,Male,Local
2444,1,1,1,9853,1,1,133.1,1,34,34,0,0,142.8,0,0,0,1,1,0,20,0,0,6,12,0,0.0,0,0,6,12,0,0.0,0,7.6,2.6,0.32,Dropout,Male,Local
2445,1,39,1,9500,1,1,120.0,1,37,37,9,9,100.0,0,0,0,1,1,0,34,0,0,7,15,6,11.333333333333334,0,0,7,16,4,12.6,0,16.2,0.3,-0.92,Enrolled,Male,Local
2446,1,7,1,9991,0,40,150.0,1,37,37,6,6,150.0,1,0,0,1,1,0,44,0,3,7,9,7,13.5,0,0,5,6,5,16.2,0,8.9,1.4,3.51,Dropout,Male,Local
2447,2,39,1,9254,1,19,133.1,1,37,19,9,10,156.5,0,0,0,1,1,0,53,0,7,11,12,2,15.0,7,4,9,10,3,10.0,4,16.2,0.3,-0.92,Graduate,Male,Local
2448,1,39,1,9119,1,19,120.0,1,37,37,9,4,98.6,0,0,1,0,1,0,28,0,0,5,10,0,0.0,0,0,5,7,0,0.0,0,12.4,0.5,1.79,Dropout,Male,Local
2449,1,7,1,9991,0,3,130.0,1,37,37,9,9,130.0,0,0,0,1,1,0,31,0,9,9,9,9,14.22222222222222,0,5,5,5,5,12.8,0,12.7,3.7,-1.7,Dropout,Male,Local
2450,1,1,1,171,1,1,130.0,1,1,38,5,9,118.1,0,0,1,0,1,0,18,0,0,0,0,0,0.0,0,0,0,0,0,0.0,0,9.4,-0.8,-3.12,Enrolled,Male,Local
2451,1,39,1,9003,1,1,100.0,1,1,3,9,10,120.0,0,0,1,0,1,0,44,0,2,7,14,4,12.0,2,0,6,16,0,0.0,1,15.5,2.8,-4.06,Dropout,Male,Local
2452,1,1,1,9085,1,1,142.0,1,1,1,9,9,127.7,1,0,0,1,1,0,19,0,0,5,9,5,12.6,1,0,5,8,4,12.0,0,12.7,3.7,-1.7,Graduate,Male,Local
2453,1,15,1,171,1,1,130.0,26,1,1,2,9,130.0,0,0,0,1,1,0,21,1,6,12,12,12,15.083333333333334,0,4,11,15,11,13.083333333333334,0,8.9,1.4,3.51,Enrolled,Male,International
2454,1,18,1,9119,1,1,148.0,1,3,19,3,5,147.7,0,0,0,1,1,1,18,0,0,5,5,0,0.0,0,0,5,5,0,0.0,0,9.4,-0.8,-3.12,Dropout,Male,Local
2455,1,44,1,9003,1,39,170.0,1,19,19,5,5,170.0,1,0,0,1,1,0,20,0,0,6,8,6,14.5,0,0,6,10,6,15.3,0,16.2,0.3,-0.92,Graduate,Male,Local
2456,1,39,1,9070,1,1,110.0,1,37,37,7,7,110.2,0,0,0,1,1,0,55,0,0,6,6,6,14.5,0,0,6,6,6,13.5,0,11.1,0.6,2.02,Graduate,Male,Local
2457,1,1,1,9147,1,1,166.0,1,19,37,4,8,146.4,0,0,0,1,1,0,27,0,0,5,12,3,10.0,0,0,5,12,1,13.0,0,7.6,2.6,0.32,Enrolled,Male,Local
2458,1,17,2,9119,1,1,135.0,1,12,19,5,5,121.0,0,0,0,1,1,0,19,0,0,5,0,0,0.0,0,0,5,0,0,0.0,0,12.4,0.5,1.79,Dropout,Male,Local
2459,1,1,1,9147,1,1,133.0,1,19,37,9,9,129.9,0,0,0,1,1,0,18,0,0,5,5,5,11.6,0,0,5,5,5,13.2,0,12.4,0.5,1.79,Graduate,Male,Local
2460,2,39,1,9773,1,1,133.1,1,37,37,7,4,132.0,0,0,0,1,1,0,43,0,0,6,10,4,11.75,0,0,6,7,0,0.0,0,15.5,2.8,-4.06,Dropout,Male,Local
2461,1,18,3,9254,1,1,121.0,1,19,19,9,6,125.9,1,0,0,1,1,0,18,0,0,6,0,0,0.0,0,0,6,0,0,0.0,0,13.9,-0.3,0.79,Dropout,Male,Local
2462,1,1,1,171,1,1,159.0,1,3,3,2,2,165.7,1,0,0,1,1,0,18,0,0,0,0,0,0.0,0,0,0,0,0,0.0,0,9.4,-0.8,-3.12,Dropout,Male,Local
2463,1,17,5,9254,1,1,130.0,1,37,38,9,9,122.7,1,0,1,1,1,1,20,0,0,6,7,0,0.0,0,0,6,6,0,0.0,0,8.9,1.4,3.51,Dropout,Male,Local
2464,2,39,1,9991,0,1,121.0,1,37,19,9,9,141.4,0,0,1,0,1,0,29,0,0,5,7,4,11.25,0,0,5,8,4,11.8,0,10.8,1.4,1.74,Dropout,Male,Local
2465,1,39,1,9130,1,19,133.1,1,37,37,9,10,156.4,1,0,1,1,1,0,44,0,0,6,9,5,11.571428571428571,0,0,6,11,0,0.0,0,13.9,-0.3,0.79,Dropout,Male,Local
2466,1,1,1,9119,1,1,146.0,1,37,37,9,9,148.5,1,0,0,1,1,0,18,0,0,5,7,4,10.0,0,0,5,8,1,16.0,0,10.8,1.4,1.74,Enrolled,Male,Local
2467,1,44,1,9003,1,39,140.0,1,37,37,9,1,140.0,0,0,0,1,1,1,20,0,0,6,11,5,13.833333333333334,0,0,6,13,6,12.3,0,15.5,2.8,-4.06,Enrolled,Male,Local
2468,1,43,1,9070,1,1,125.0,1,38,37,8,7,131.7,1,0,0,1,1,0,20,0,3,6,6,4,12.75,0,3,9,12,3,12.666666666666666,0,12.4,0.5,1.79,Dropout,Male,Local
2469,2,39,2,9147,1,1,120.0,1,37,37,9,9,104.7,1,0,0,1,1,0,36,0,0,4,4,0,0.0,0,0,5,9,0,0.0,0,10.8,1.4,1.74,Dropout,Male,Local
2470,1,44,1,9130,1,39,150.0,1,5,1,2,5,150.0,1,0,0,1,1,0,19,0,1,6,13,5,11.6,0,1,6,12,2,11.0,0,13.9,-0.3,0.79,Enrolled,Male,Local
2471,2,39,1,9085,1,19,110.0,1,37,37,90,90,110.0,0,0,0,0,1,0,29,0,0,5,5,0,0.0,0,0,5,5,0,0.0,0,12.7,3.7,-1.7,Dropout,Male,Local
2472,1,1,1,9670,1,1,120.0,1,1,1,9,9,129.1,1,0,0,1,1,0,18,0,0,6,6,4,11.25,0,0,6,10,3,10.333333333333334,0,10.8,1.4,1.74,Dropout,Male,Local
2473,1,39,1,9003,1,1,133.1,1,1,1,1,6,120.0,0,0,0,0,1,0,24,0,0,6,0,0,0.0,0,0,6,0,0,0.0,0,13.9,-0.3,0.79,Dropout,Male,Local
2474,1,1,1,9773,1,1,133.1,1,3,19,2,5,127.0,0,0,0,1,1,0,20,0,0,6,6,6,14.333333333333334,0,0,6,7,6,15.0,0,15.5,2.8,-4.06,Graduate,Male,Local
2475,2,39,1,8014,0,19,133.1,1,19,37,9,9,151.5,0,0,1,0,1,0,45,0,0,6,7,0,0.0,0,0,5,5,0,0.0,0,16.2,0.3,-0.92,Dropout,Male,Local
2476,1,43,2,9500,1,1,130.0,1,38,37,4,4,126.8,1,0,0,1,1,1,28,0,18,23,23,20,13.5,3,18,23,23,20,13.5,3,7.6,2.6,0.32,Graduate,Male,Local
2477,1,1,1,9254,1,1,160.0,1,19,38,9,9,140.8,1,0,0,1,1,0,23,0,0,6,8,6,12.666666666666666,0,0,6,10,5,12.2,0,7.6,2.6,0.32,Enrolled,Male,Local
2478,1,1,1,9500,1,1,128.0,1,1,19,4,7,125.6,1,0,0,1,1,0,18,0,0,7,7,7,12.444285714285714,0,0,8,11,7,11.347142857142858,0,12.4,0.5,1.79,Graduate,Male,Local
2479,1,1,2,9147,1,1,140.0,1,19,19,9,4,127.8,1,0,0,1,1,0,23,0,0,5,7,3,10.666666666666666,1,0,5,7,3,11.333333333333334,0,9.4,-0.8,-3.12,Dropout,Male,Local
2480,1,43,1,171,1,1,120.0,1,3,3,2,2,120.0,1,0,0,1,1,0,22,0,0,0,0,0,0.0,0,0,0,0,0,0.0,0,7.6,2.6,0.32,Enrolled,Male,Local
2481,1,1,1,9070,1,1,140.0,1,19,19,5,5,131.3,0,0,0,1,1,1,22,0,1,6,6,6,12.666666666666666,0,1,6,6,5,12.4,0,12.4,0.5,1.79,Graduate,Male,Local
2482,1,39,1,9991,0,12,120.0,1,37,38,5,5,155.7,0,0,0,1,1,0,33,0,0,5,5,5,13.2,0,0,5,6,5,14.833333333333334,0,10.8,1.4,1.74,Graduate,Male,Local
2483,1,53,1,9003,1,42,130.0,1,1,38,9,6,128.5,0,0,0,1,1,0,21,0,7,12,20,10,12.7,0,5,12,14,11,12.181818181818182,0,8.9,1.4,3.51,Graduate,Male,Local
2484,2,39,1,9147,1,1,100.0,1,37,37,9,5,170.0,0,0,0,1,1,0,45,0,0,5,6,5,14.833333333333334,0,0,5,5,5,14.8,0,15.5,2.8,-4.06,Graduate,Male,Local
2485,2,39,1,9003,1,1,133.1,1,37,37,9,9,100.0,0,0,0,0,1,0,44,0,4,10,10,4,11.5,0,1,7,8,1,12.0,0,15.5,2.8,-4.06,Dropout,Male,Local
2486,4,39,1,9670,1,1,110.0,1,19,19,90,99,107.2,0,0,0,1,1,0,42,0,0,6,0,0,0.0,0,0,6,0,0,0.0,0,12.7,3.7,-1.7,Dropout,Male,Local
2487,1,18,1,9147,1,1,147.0,1,19,1,9,7,139.3,1,0,0,1,1,0,20,0,0,5,0,0,0.0,0,0,5,0,0,0.0,0,12.4,0.5,1.79,Dropout,Male,Local
2488,1,17,6,9147,1,1,133.0,1,19,38,5,6,123.2,1,0,0,1,1,0,20,0,0,5,7,3,12.666666666666666,1,0,5,12,2,12.5,0,9.4,-0.8,-3.12,Enrolled,Male,Local
2489,1,1,2,9254,1,1,137.0,1,1,38,2,8,122.3,1,0,0,1,1,1,20,0,0,6,7,6,14.714285714285714,0,0,6,6,6,12.5,0,8.9,1.4,3.51,Graduate,Male,Local
2490,1,17,2,9773,1,1,124.0,1,1,1,4,4,127.9,1,0,0,1,1,0,20,0,0,6,11,3,13.666666666666666,0,0,6,13,4,10.25,0,9.4,-0.8,-3.12,Enrolled,Male,Local
2491,1,1,2,9147,1,1,128.0,1,1,1,9,6,120.3,0,0,0,1,1,0,19,0,0,5,9,5,10.8,0,0,5,13,2,13.5,0,8.9,1.4,3.51,Enrolled,Male,Local
2492,1,51,1,8014,0,1,120.0,1,1,1,4,4,128.5,0,0,1,0,1,0,26,0,2,8,13,4,10.5,0,5,10,16,7,10.428571428571429,0,12.4,0.5,1.79,Dropout,Male,Local
2493,2,39,1,9003,1,1,133.1,1,37,37,8,7,150.0,0,0,0,1,1,0,31,0,0,6,10,6,15.0,0,0,6,11,5,12.5,0,13.9,-0.3,0.79,Graduate,Male,Local
2494,1,1,1,9773,1,1,142.0,1,1,19,9,9,136.1,0,0,1,1,1,1,19,0,0,6,6,6,12.666666666666666,0,0,6,6,6,14.0,0,16.2,0.3,-0.92,Graduate,Male,Local
2495,1,39,1,9773,1,19,100.0,1,37,37,0,0,128.0,1,0,0,1,1,0,28,0,0,6,7,6,13.166666666666666,0,0,6,6,6,13.666666666666666,0,7.6,2.6,0.32,Graduate,Male,Local
2496,1,1,1,171,1,1,149.0,1,19,37,9,9,158.1,1,0,0,1,1,1,20,0,0,0,0,0,0.0,0,0,0,0,0,0.0,0,10.8,1.4,1.74,Graduate,Male,Local
2497,2,1,2,8014,0,1,110.0,1,37,1,9,10,108.7,1,0,0,1,0,0,43,0,0,6,6,6,13.0,0,0,6,6,6,12.5,0,9.4,-0.8,-3.12,Graduate,Female,Local
2498,1,39,1,171,1,19,133.1,101,1,19,2,7,110.0,0,0,0,1,1,1,25,1,0,0,0,0,0.0,0,0,0,0,0,0.0,0,15.5,2.8,-4.06,Dropout,Male,International
2499,1,39,1,9238,1,19,133.1,1,37,37,9,9,120.0,0,1,1,1,0,0,40,0,0,6,13,2,10.0,0,0,6,10,1,15.0,0,16.2,0.3,-0.92,Dropout,Female,Local
2500,1,44,1,9085,1,39,150.0,6,5,4,1,1,150.0,0,0,0,1,0,0,20,1,2,6,7,6,13.333333333333334,0,1,6,16,5,13.375,0,12.4,0.5,1.79,Graduate,Female,International
2501,2,39,1,8014,0,12,133.1,1,37,37,9,1,113.0,0,0,0,1,0,0,46,0,0,6,13,3,12.333333333333334,0,0,6,6,6,13.333333333333334,0,11.1,0.6,2.02,Graduate,Female,Local
2502,1,51,1,33,1,1,121.0,1,19,37,5,7,118.6,0,0,0,1,0,0,26,0,14,21,23,20,13.181818181818182,0,10,14,18,14,11.642857142857142,0,8.9,1.4,3.51,Graduate,Female,Local
2503,2,39,1,9500,1,1,133.1,1,3,1,5,5,148.8,0,0,0,1,0,1,34,0,0,7,7,6,12.513333333333334,0,0,8,9,7,13.071428571428571,0,12.4,0.5,1.79,Graduate,Female,Local
2504,1,18,3,9853,1,1,122.0,1,38,37,9,5,120.3,1,0,0,1,0,0,19,0,0,6,0,0,0.0,0,0,6,0,0,0.0,0,10.8,1.4,1.74,Dropout,Female,Local
2505,1,1,6,9500,1,1,143.0,1,19,19,9,9,127.0,1,0,0,1,0,1,18,0,0,8,8,7,13.585714285714284,0,0,8,8,7,13.585714285714284,0,12.7,3.7,-1.7,Graduate,Female,Local
2506,1,1,1,9556,1,1,123.0,1,19,19,4,9,113.8,1,0,0,1,0,0,18,0,0,7,9,7,11.155555555555557,0,0,8,10,8,11.425,0,12.7,3.7,-1.7,Graduate,Female,Local
2507,1,39,1,8014,0,1,120.0,1,38,37,9,7,108.0,0,0,0,1,1,1,37,0,1,7,9,6,11.857142857142858,0,1,6,7,5,12.0,0,13.9,-0.3,0.79,Graduate,Male,Local
2508,1,17,1,171,1,1,114.0,1,19,38,9,7,129.1,0,0,0,1,1,1,23,0,0,0,0,0,0.0,0,0,0,0,0,0.0,0,9.4,-0.8,-3.12,Graduate,Male,Local
2509,1,43,1,9070,1,1,114.0,1,19,38,9,7,135.9,0,0,0,1,1,0,26,0,9,14,14,14,14.0,0,7,13,13,13,13.615384615384617,0,15.5,2.8,-4.06,Graduate,Male,Local
2510,1,10,2,9773,1,1,154.4,22,19,38,3,5,154.4,1,0,0,0,0,0,18,1,0,6,8,5,12.0,0,0,6,0,0,0.0,0,10.8,1.4,1.74,Dropout,Female,International
2511,1,15,1,9500,1,1,190.0,108,3,2,122,4,190.0,1,0,0,1,0,0,18,1,0,7,15,4,11.575,0,0,7,10,5,12.419999999999998,0,12.4,0.5,1.79,Enrolled,Female,International
2512,1,17,4,9500,1,1,136.0,1,3,3,2,2,132.5,1,0,0,1,0,0,19,0,0,7,8,7,13.198571428571428,0,0,8,8,8,13.0625,0,11.1,0.6,2.02,Graduate,Female,Local
2513,1,10,2,9085,1,1,163.3,22,19,1,4,9,163.3,0,0,0,1,0,0,18,1,0,6,10,6,13.5,0,0,6,12,6,12.0,0,12.4,0.5,1.79,Graduate,Female,International
2514,1,1,1,9670,1,1,126.0,1,1,3,4,3,122.5,1,0,0,1,0,0,19,0,0,6,6,6,13.333333333333334,0,0,6,8,5,12.8,0,8.9,1.4,3.51,Dropout,Female,Local
2515,1,17,4,9119,1,1,122.0,62,1,1,191,171,121.0,1,0,0,1,1,0,20,1,0,5,10,4,14.25,0,0,5,14,1,10.0,0,8.9,1.4,3.51,Enrolled,Male,International
2516,1,17,1,9070,1,1,137.0,1,1,1,1,5,131.8,0,0,0,1,0,1,22,0,0,6,7,6,12.166666666666666,0,0,6,9,4,12.0,0,9.4,-0.8,-3.12,Graduate,Female,Local
2517,1,1,3,9500,1,1,139.0,1,19,1,9,5,135.0,1,0,0,1,0,1,18,0,0,8,8,7,12.214285714285714,0,0,8,8,7,12.214285714285714,0,12.7,3.7,-1.7,Graduate,Female,Local
2518,1,17,1,9254,1,1,142.0,1,19,39,5,4,141.7,0,0,0,1,0,1,18,0,0,6,8,6,12.666666666666666,0,0,6,6,6,13.0,0,13.9,-0.3,0.79,Graduate,Female,Local
2519,1,1,3,9773,1,1,133.1,1,38,38,5,5,131.3,1,0,0,1,0,1,18,0,0,6,7,6,12.285714285714286,0,0,6,6,6,13.5,0,8.9,1.4,3.51,Graduate,Female,Local
2520,1,1,6,9254,1,1,126.0,1,38,37,5,7,123.9,1,0,0,1,0,1,18,0,0,6,7,6,13.0,0,0,6,6,6,13.0,0,12.4,0.5,1.79,Graduate,Female,Local
2521,1,1,2,9254,1,1,131.0,1,4,3,7,4,126.1,1,0,0,1,0,0,18,0,0,6,8,6,12.142857142857142,0,0,6,6,6,11.166666666666666,0,8.9,1.4,3.51,Graduate,Female,Local
2522,1,17,6,9500,1,1,131.0,1,1,19,7,7,126.5,1,0,0,1,0,1,19,0,0,7,8,7,13.875714285714285,0,0,8,9,7,13.085714285714284,0,11.1,0.6,2.02,Graduate,Female,Local
2523,1,17,1,9853,1,1,108.0,1,19,1,5,5,107.3,0,0,0,1,0,0,20,0,0,6,0,0,0.0,0,0,6,0,0,0.0,0,15.5,2.8,-4.06,Dropout,Female,Local
2524,1,17,4,9238,1,1,133.1,1,1,19,9,5,95.0,1,0,0,1,0,1,19,0,0,6,12,6,11.666666666666666,0,0,6,7,0,0.0,0,15.5,2.8,-4.06,Dropout,Female,Local
2525,1,1,2,9085,1,1,122.0,1,3,1,4,7,116.1,1,0,0,1,0,0,18,0,0,6,13,6,13.153846153846152,0,0,6,12,3,11.0,0,15.5,2.8,-4.06,Graduate,Female,Local
2526,1,1,4,9070,1,1,143.0,1,1,1,9,7,134.6,1,0,0,1,0,1,18,0,0,6,6,6,14.5,0,0,6,6,6,12.833333333333334,0,12.4,0.5,1.79,Dropout,Female,Local
2527,1,17,6,9500,1,1,135.0,1,19,19,7,7,128.0,1,0,0,1,0,1,18,0,0,7,7,7,14.44142857142857,0,0,8,8,8,13.65625,0,11.1,0.6,2.02,Graduate,Female,Local
2528,1,17,2,9773,1,1,148.0,1,3,38,2,6,144.2,1,0,0,1,0,0,18,0,0,6,6,6,15.166666666666666,0,0,6,7,6,14.285714285714286,0,12.4,0.5,1.79,Graduate,Female,Local
2529,1,17,1,9147,1,1,134.0,1,19,38,4,8,129.5,0,0,0,1,0,1,18,0,0,5,5,5,11.6,0,0,5,12,4,12.625,0,10.8,1.4,1.74,Graduate,Female,Local
2530,1,17,1,9773,1,1,122.0,1,1,1,4,7,116.8,1,0,1,1,0,0,18,0,0,6,6,6,11.666666666666666,0,0,6,6,6,12.333333333333334,0,16.2,0.3,-0.92,Graduate,Female,Local
2531,1,44,1,9003,1,39,160.0,1,37,38,9,6,160.0,0,0,0,1,0,1,20,0,0,6,8,6,12.625,0,0,6,10,6,13.2,0,16.2,0.3,-0.92,Graduate,Female,Local
2532,1,16,2,9238,1,1,126.0,1,38,37,3,5,127.1,1,0,0,1,0,1,19,0,0,6,14,3,12.666666666666666,0,0,6,7,6,11.0,0,9.4,-0.8,-3.12,Graduate,Female,Local
2533,1,17,1,9130,1,1,138.0,1,2,19,2,6,126.3,1,0,0,1,0,1,18,0,0,6,7,6,12.833333333333334,1,0,6,8,6,13.0,0,8.9,1.4,3.51,Enrolled,Female,Local
2534,1,1,1,9238,1,1,115.0,1,38,38,8,7,112.9,1,0,0,1,0,1,19,0,0,6,7,6,11.857142857142858,0,0,6,8,6,13.142857142857142,0,12.4,0.5,1.79,Graduate,Female,Local
2535,1,17,2,9853,1,1,141.0,1,3,1,1,5,130.2,1,0,0,1,0,0,19,0,0,6,8,5,11.4,1,0,6,7,4,10.75,0,12.7,3.7,-1.7,Enrolled,Female,Local
2536,1,43,1,9130,1,1,100.0,41,3,4,3,2,100.0,0,0,0,1,0,0,19,1,0,5,10,5,14.857142857142858,2,0,5,7,5,15.142857142857142,0,9.4,-0.8,-3.12,Enrolled,Female,International
2537,1,1,1,9670,1,1,130.0,1,19,19,7,7,121.6,0,0,0,1,0,0,19,0,0,6,7,6,14.714285714285714,0,0,6,6,6,15.833333333333334,0,12.4,0.5,1.79,Graduate,Female,Local
2538,1,15,1,9670,1,1,130.0,26,42,1,2,7,130.0,0,1,1,1,0,0,20,1,0,6,6,6,13.5,0,0,6,9,5,13.0,0,8.9,1.4,3.51,Graduate,Female,International
2539,1,18,1,9130,1,1,135.0,1,38,19,9,5,121.7,1,0,0,1,0,1,18,0,0,5,7,4,11.5,0,0,5,5,5,12.4,0,10.8,1.4,1.74,Graduate,Female,Local
2540,1,7,1,9147,1,3,120.0,1,1,39,4,7,120.0,0,0,0,1,0,0,33,0,2,5,9,2,14.0,0,0,5,5,0,0.0,0,12.4,0.5,1.79,Dropout,Female,Local
2541,1,1,1,9853,1,1,148.0,1,19,19,4,5,143.5,0,0,0,1,0,1,19,0,0,7,8,6,12.833333333333334,0,0,6,6,0,0.0,0,13.9,-0.3,0.79,Dropout,Female,Local
2542,1,17,2,9556,1,1,136.0,1,1,1,9,9,128.3,0,0,0,1,0,1,18,0,0,7,7,7,13.428571428571429,0,0,8,8,8,14.75,0,15.5,2.8,-4.06,Graduate,Female,Local
2543,1,17,1,9070,1,1,108.0,1,19,1,4,3,111.9,0,0,0,1,0,0,19,0,0,6,0,0,0.0,0,0,6,0,0,0.0,0,8.9,1.4,3.51,Dropout,Female,Local
2544,1,44,1,9003,1,39,140.0,1,38,38,6,3,140.0,0,0,0,1,0,0,19,0,0,6,18,3,11.666666666666666,0,0,6,14,4,11.5,0,15.5,2.8,-4.06,Enrolled,Female,Local
2545,1,1,3,9773,1,1,153.0,1,3,1,2,8,137.6,1,0,0,1,0,0,18,0,0,6,6,6,16.0,0,0,6,7,6,14.333333333333334,0,12.4,0.5,1.79,Graduate,Female,Local
2546,1,1,1,9238,1,1,135.0,1,19,19,9,5,135.0,1,0,0,1,0,0,20,0,0,6,6,6,13.833333333333334,0,0,6,6,6,11.833333333333334,0,10.8,1.4,1.74,Graduate,Female,Local
2547,1,1,5,9500,1,1,146.0,1,19,37,7,7,133.8,1,0,0,1,0,0,19,0,0,8,9,8,13.2325,1,0,8,9,8,13.2325,1,9.4,-0.8,-3.12,Graduate,Female,Local
2548,1,1,2,9773,1,1,130.0,1,19,19,9,9,126.9,1,0,0,1,1,1,18,0,0,6,6,6,14.0,0,0,6,6,6,14.166666666666666,0,9.4,-0.8,-3.12,Graduate,Male,Local
2549,1,17,2,9254,1,1,113.0,1,1,2,5,3,106.7,1,0,1,1,1,1,19,0,0,6,14,2,10.0,0,0,6,6,0,0.0,0,13.9,-0.3,0.79,Dropout,Male,Local
2550,1,43,1,8014,0,1,145.7,22,37,37,9,9,145.7,1,0,0,1,0,0,25,1,8,16,16,15,13.333333333333334,0,11,13,13,11,12.272727272727272,0,13.9,-0.3,0.79,Graduate,Female,International
2551,1,17,3,9070,1,1,145.0,1,3,3,4,4,153.1,1,0,0,1,0,1,20,0,0,6,6,6,12.5,0,0,6,6,6,14.333333333333334,0,12.7,3.7,-1.7,Enrolled,Female,Local
2552,1,1,1,8014,0,1,126.0,1,38,37,5,5,118.7,0,0,0,1,0,0,19,0,0,6,6,6,12.5,0,0,6,6,6,11.5,0,12.7,3.7,-1.7,Graduate,Female,Local
2553,1,17,1,9991,0,1,160.0,1,34,34,0,0,161.8,1,0,1,1,1,0,33,0,0,5,8,2,10.5,0,0,5,5,0,0.0,0,7.6,2.6,0.32,Dropout,Male,Local
2554,1,18,4,9119,1,1,134.0,1,19,38,194,175,124.9,1,0,1,1,1,0,18,0,0,5,11,3,10.666666666666666,0,0,5,9,3,11.333333333333334,0,8.9,1.4,3.51,Enrolled,Male,Local
2555,1,1,1,9119,1,1,163.0,1,19,37,5,8,150.8,1,0,0,1,1,0,18,0,0,5,9,4,10.5,0,0,5,11,2,10.5,3,7.6,2.6,0.32,Enrolled,Male,Local
2556,1,15,1,9147,1,1,130.0,26,1,1,2,3,130.0,0,0,0,1,0,0,19,1,0,5,10,4,12.0,0,0,5,6,5,11.4,0,11.1,0.6,2.02,Graduate,Female,International
2557,1,1,2,171,1,1,165.0,1,3,3,2,2,163.6,1,0,0,1,0,0,18,0,0,0,0,0,0.0,0,0,0,0,0,0.0,0,12.4,0.5,1.79,Enrolled,Female,Local
2558,1,43,1,9147,1,1,142.0,1,38,19,141,171,115.0,0,0,0,1,0,0,19,0,0,5,11,5,11.5,0,0,5,9,2,10.666666666666666,0,13.9,-0.3,0.79,Enrolled,Female,Local
2559,1,1,1,9773,1,1,156.0,1,19,1,5,10,136.8,1,0,0,1,0,0,18,0,0,6,6,6,14.0,0,0,6,6,6,13.5,0,11.1,0.6,2.02,Dropout,Female,Local
2560,1,17,5,9853,1,1,141.0,1,3,19,2,7,130.9,1,0,0,1,0,0,18,0,0,6,7,6,13.5,0,0,6,8,5,12.6,0,7.6,2.6,0.32,Graduate,Female,Local
2561,1,1,3,9500,1,1,143.0,1,19,37,7,7,127.0,1,0,0,1,0,0,18,0,0,8,8,8,13.07375,0,0,8,8,8,13.07375,0,9.4,-0.8,-3.12,Graduate,Female,Local
2562,2,39,1,9500,1,19,133.1,1,38,38,2,10,120.0,0,0,0,1,0,0,37,0,0,7,9,2,10.75,0,0,7,9,0,0.0,0,16.2,0.3,-0.92,Dropout,Female,Local
2563,1,1,1,9238,1,1,133.0,1,38,1,2,4,126.0,0,0,0,1,0,0,20,0,0,6,11,1,12.0,0,0,5,10,0,0.0,0,9.4,-0.8,-3.12,Enrolled,Female,Local
2564,1,1,1,9254,1,1,172.0,41,37,37,5,5,153.8,1,0,0,1,0,1,20,1,0,6,6,6,14.0,0,0,6,6,6,13.333333333333334,0,10.8,1.4,1.74,Graduate,Female,International
2565,1,15,1,9238,1,1,140.0,26,19,19,9,6,140.0,0,0,0,1,1,0,21,1,0,6,7,6,12.333333333333334,0,0,6,7,6,13.428571428571429,0,11.1,0.6,2.02,Graduate,Male,International
2566,1,17,1,9500,1,1,142.0,1,38,1,5,4,136.6,0,0,0,1,0,1,18,0,0,7,7,7,13.464285714285714,0,0,8,9,8,14.788888888888888,0,12.4,0.5,1.79,Graduate,Female,Local
2567,1,39,1,8014,0,1,140.0,1,19,1,9,8,105.0,0,0,0,1,0,0,26,0,0,6,14,3,10.666666666666666,1,0,6,9,5,11.2,0,15.5,2.8,-4.06,Enrolled,Female,Local
2568,1,39,1,9147,1,12,133.1,1,37,37,9,7,139.4,0,0,1,1,0,0,41,0,0,5,6,5,11.6,0,0,5,8,5,12.2,0,7.6,2.6,0.32,Enrolled,Female,Local
2569,1,1,2,9773,1,1,148.0,1,19,1,3,9,140.0,1,0,0,1,0,1,18,0,0,6,6,6,13.666666666666666,0,0,6,6,6,14.666666666666666,0,16.2,0.3,-0.92,Graduate,Female,Local
2570,1,1,4,9500,1,1,137.0,1,19,37,9,7,130.8,0,0,1,1,0,0,18,0,0,8,9,8,14.4025,1,0,8,9,8,14.4025,1,9.4,-0.8,-3.12,Graduate,Female,Local
2571,1,1,1,9500,1,1,143.0,1,38,38,9,9,138.8,1,0,0,1,0,0,31,0,0,7,9,7,15.46875,0,0,8,8,8,16.3875,0,11.1,0.6,2.02,Graduate,Female,Local
2572,1,1,1,9238,1,1,133.1,1,1,1,4,10,110.0,0,0,1,1,0,0,23,0,0,6,8,6,12.625,0,0,6,6,6,14.166666666666666,0,12.7,3.7,-1.7,Graduate,Female,Local
2573,1,1,4,9500,1,1,138.0,1,37,19,9,9,127.8,1,0,0,1,0,0,19,0,0,7,7,6,14.983333333333334,0,0,7,7,6,14.983333333333334,0,7.6,2.6,0.32,Graduate,Female,Local
2574,1,16,3,9773,1,1,138.0,1,37,38,4,9,134.2,1,0,0,1,0,1,20,0,0,6,6,6,15.0,0,0,6,6,6,13.0,0,11.1,0.6,2.02,Graduate,Female,Local
2575,2,39,1,8014,0,1,150.0,1,37,37,7,5,143.0,0,0,0,1,0,0,40,0,5,9,9,9,15.88888888888889,0,3,7,7,7,14.142857142857142,0,12.7,3.7,-1.7,Graduate,Female,Local
2576,1,44,1,9085,1,39,120.0,1,37,37,9,9,120.0,1,0,1,1,0,0,32,0,0,6,14,4,11.5,0,0,6,14,3,11.0,0,16.2,0.3,-0.92,Dropout,Female,Local
2577,1,1,4,9254,1,1,110.0,1,37,37,9,7,113.2,1,0,0,1,0,0,24,0,0,6,14,2,10.5,0,0,6,11,1,10.0,0,10.8,1.4,1.74,Dropout,Female,Local
2578,1,17,4,9500,1,1,146.0,1,19,37,5,8,135.8,1,0,0,1,0,0,18,0,0,7,7,6,13.983333333333334,0,0,7,7,6,13.983333333333334,0,7.6,2.6,0.32,Graduate,Female,Local
2579,1,1,1,9238,1,1,148.0,1,37,37,9,9,143.5,0,0,0,1,0,0,18,0,0,6,6,6,13.0,0,0,6,6,6,12.833333333333334,0,10.8,1.4,1.74,Graduate,Female,Local
2580,1,1,1,9238,1,1,145.0,1,19,37,4,7,148.9,1,0,0,1,0,1,18,0,0,6,6,6,13.666666666666666,0,0,6,6,6,13.0,0,10.8,1.4,1.74,Graduate,Female,Local
2581,1,39,1,9003,1,1,133.1,1,38,38,4,7,115.6,1,0,0,0,0,0,27,0,0,6,8,0,0.0,0,0,6,8,0,0.0,0,15.5,2.8,-4.06,Dropout,Female,Local
2582,1,1,1,9147,1,1,160.0,1,38,37,9,5,159.3,0,0,0,1,0,0,18,0,0,5,5,5,14.4,0,0,5,5,5,15.4,0,7.6,2.6,0.32,Graduate,Female,Local
2583,1,39,1,9991,0,1,150.0,1,19,37,9,8,138.5,0,0,0,1,0,0,26,0,0,5,10,4,12.0,0,0,5,9,4,11.25,0,12.7,3.7,-1.7,Enrolled,Female,Local
2584,1,1,1,9853,1,1,130.0,1,19,12,9,4,133.2,1,0,0,1,0,0,19,0,0,6,6,6,14.166666666666666,0,0,6,7,6,13.666666666666666,0,7.6,2.6,0.32,Graduate,Female,Local
2585,1,17,2,8014,0,1,120.0,1,37,34,0,0,117.6,1,0,0,1,0,0,19,0,0,6,8,5,12.2,0,0,6,7,6,12.0,0,7.6,2.6,0.32,Graduate,Female,Local
2586,1,18,2,9147,1,1,115.0,1,1,37,5,5,108.7,1,0,0,1,0,0,21,0,0,5,8,3,12.0,1,0,5,9,3,12.666666666666666,0,9.4,-0.8,-3.12,Enrolled,Female,Local
2587,1,1,4,9147,1,1,133.1,1,1,19,4,6,106.0,1,0,0,1,0,0,24,0,0,5,11,2,10.5,0,0,5,14,1,11.0,0,12.7,3.7,-1.7,Enrolled,Female,Local
2588,1,17,1,9853,1,1,120.0,1,37,37,9,10,122.6,0,0,0,1,0,0,20,0,0,6,8,3,12.333333333333334,0,0,6,11,2,10.5,0,12.7,3.7,-1.7,Dropout,Female,Local
2589,1,1,4,9853,1,1,134.0,1,19,1,5,9,127.4,1,0,0,1,0,0,18,0,0,6,7,5,12.2,0,0,6,7,5,12.2,0,10.8,1.4,1.74,Enrolled,Female,Local
2590,1,39,1,9003,1,1,133.1,1,19,19,9,9,100.0,0,0,0,1,0,0,30,0,0,6,6,0,0.0,0,0,6,6,0,0.0,0,11.1,0.6,2.02,Dropout,Female,Local
2591,1,1,1,9853,1,1,133.1,1,19,37,9,9,95.0,1,0,1,0,0,0,22,0,0,7,10,6,11.5,0,0,7,8,6,13.166666666666666,0,11.1,0.6,2.02,Enrolled,Female,Local
2592,1,7,1,9147,1,3,130.0,1,37,19,9,8,130.0,0,0,0,1,0,0,21,0,4,9,9,9,10.88888888888889,0,3,10,18,10,11.615384615384617,0,10.8,1.4,1.74,Graduate,Female,Local
2593,1,39,1,9556,1,1,120.0,1,19,19,4,5,122.8,0,0,0,1,0,0,26,0,0,7,12,6,12.166666666666666,0,0,8,8,8,11.675,0,13.9,-0.3,0.79,Dropout,Female,Local
2594,1,17,1,9147,1,1,115.0,1,19,19,7,7,115.0,1,0,0,1,0,0,23,0,0,5,7,2,10.0,1,0,5,9,1,12.0,0,9.4,-0.8,-3.12,Enrolled,Female,Local
2595,1,17,1,9070,1,1,135.0,1,19,37,5,9,145.9,0,0,0,1,0,1,18,0,0,6,6,6,12.666666666666666,0,0,6,6,6,12.166666666666666,0,16.2,0.3,-0.92,Graduate,Female,Local
2596,1,1,1,9070,1,1,133.1,1,1,37,5,9,143.0,1,0,1,1,0,0,21,0,0,6,9,5,11.4,0,0,6,8,5,12.2,0,12.7,3.7,-1.7,Dropout,Female,Local
2597,1,43,1,171,1,1,145.0,1,19,38,9,9,100.0,0,0,0,1,0,1,18,0,0,0,0,0,0.0,0,0,0,0,0,0.0,0,13.9,-0.3,0.79,Dropout,Female,Local
2598,1,17,3,9085,1,1,130.0,1,19,37,5,5,121.3,1,0,0,1,0,0,21,0,0,5,14,2,13.0,2,0,5,8,4,12.0,1,9.4,-0.8,-3.12,Enrolled,Female,Local
2599,1,17,3,9853,1,1,118.0,1,38,38,7,7,121.2,1,0,0,1,0,0,18,0,0,6,8,5,13.4,0,0,6,7,5,12.0,0,7.6,2.6,0.32,Enrolled,Female,Local
2600,1,17,3,9853,1,1,138.0,1,37,37,5,9,125.1,1,1,0,1,0,1,19,0,0,6,6,6,13.5,0,0,6,8,5,12.8,0,12.7,3.7,-1.7,Dropout,Female,Local
2601,1,17,1,9254,1,1,122.0,1,1,1,4,9,112.9,1,0,0,1,0,0,22,0,0,6,14,4,12.25,0,0,6,11,3,11.333333333333334,0,7.6,2.6,0.32,Enrolled,Female,Local
2602,1,1,3,9238,1,1,126.0,1,38,19,5,8,120.8,1,0,0,1,0,0,19,0,0,6,7,6,12.285714285714286,0,0,6,7,6,12.833333333333334,0,12.4,0.5,1.79,Graduate,Female,Local
2603,1,1,5,9085,1,1,121.0,1,38,37,9,8,114.0,1,0,0,0,0,0,19,0,0,5,12,0,0.0,4,0,5,8,0,0.0,1,9.4,-0.8,-3.12,Dropout,Female,Local
2604,1,17,1,9238,1,1,152.0,1,37,37,7,5,132.1,1,0,0,1,0,0,19,0,0,6,10,2,10.5,0,0,6,11,1,13.0,0,9.4,-0.8,-3.12,Dropout,Female,Local
2605,2,44,1,9085,1,39,160.0,1,37,37,192,192,160.0,0,0,0,1,0,0,27,0,0,5,12,3,14.0,2,0,5,8,5,12.0,1,9.4,-0.8,-3.12,Graduate,Female,Local
2606,1,10,1,9085,1,1,134.0,1,37,37,5,5,134.0,1,0,0,1,0,0,22,0,2,5,7,5,14.2,0,0,5,10,5,12.2,0,12.7,3.7,-1.7,Graduate,Female,Local
2607,1,1,1,9773,1,1,128.0,1,37,1,9,7,124.2,1,0,0,1,0,0,18,0,0,6,8,5,13.0,0,0,6,7,6,13.142857142857142,0,15.5,2.8,-4.06,Dropout,Female,Local
2608,1,17,4,9254,1,1,125.0,1,38,38,5,5,115.6,1,0,0,1,0,0,20,0,0,6,6,6,11.0,0,0,6,8,4,12.75,0,9.4,-0.8,-3.12,Graduate,Female,Local
2609,2,43,1,9991,0,1,130.0,1,37,37,9,9,128.2,0,0,0,1,0,0,34,0,3,8,9,3,11.0,0,2,7,7,2,10.0,0,9.4,-0.8,-3.12,Dropout,Female,Local
2610,1,17,2,9500,1,1,138.0,1,1,38,5,8,132.8,1,0,0,1,0,0,18,0,0,7,9,6,12.385714285714286,0,0,8,9,8,13.755555555555556,0,13.9,-0.3,0.79,Graduate,Female,Local
2611,1,17,2,9773,1,1,121.0,1,1,1,5,5,123.1,1,0,0,1,1,0,20,0,0,6,12,4,14.75,0,0,6,7,4,12.25,0,9.4,-0.8,-3.12,Graduate,Male,Local
2612,1,1,1,9130,1,1,134.0,41,1,19,5,5,125.6,1,0,0,1,0,0,20,1,0,5,6,5,16.166666666666668,0,0,5,6,5,15.833333333333334,0,12.7,3.7,-1.7,Graduate,Female,International
2613,1,39,1,9991,0,1,130.0,1,1,38,4,9,115.0,0,0,0,1,1,0,25,0,0,5,7,0,0.0,0,0,5,8,0,0.0,0,16.2,0.3,-0.92,Dropout,Male,Local
2614,1,1,4,9119,1,1,126.0,1,3,19,2,9,123.6,1,0,0,1,1,0,18,0,0,5,6,5,12.4,0,0,5,9,3,13.0,0,8.9,1.4,3.51,Dropout,Male,Local
2615,1,1,1,9130,1,1,148.0,1,1,1,9,9,141.7,0,0,0,0,1,0,18,0,0,6,8,5,11.6,0,0,6,11,4,13.0,0,8.9,1.4,3.51,Dropout,Male,Local
2616,1,17,1,9853,1,1,160.0,1,19,38,5,7,139.0,1,0,0,1,0,1,18,0,0,6,8,5,12.2,0,0,6,13,0,0.0,0,9.4,-0.8,-3.12,Dropout,Female,Local
2617,1,17,1,9254,1,1,118.0,1,1,19,5,4,118.0,0,0,0,1,0,1,19,0,0,6,7,5,11.0,0,0,6,7,5,12.8,0,12.4,0.5,1.79,Graduate,Female,Local
2618,1,17,2,9853,1,1,150.0,1,38,19,5,5,142.0,1,0,0,1,0,1,19,0,0,6,8,6,12.333333333333334,0,0,6,7,5,12.4,0,10.8,1.4,1.74,Dropout,Female,Local
2619,1,44,1,9238,1,1,140.0,1,1,1,5,5,143.4,0,0,0,1,0,1,21,0,3,6,6,6,14.833333333333334,0,2,6,7,6,12.571428571428571,0,13.9,-0.3,0.79,Graduate,Female,Local
2620,1,42,1,9070,1,1,100.0,1,3,2,2,2,115.9,0,0,0,1,0,0,29,0,9,10,15,9,11.555555555555555,0,7,11,17,10,11.9,0,9.4,-0.8,-3.12,Enrolled,Female,Local
2621,1,1,1,9070,1,1,110.0,1,1,37,9,9,105.1,1,0,0,1,0,1,20,0,0,6,6,6,12.0,0,0,6,6,6,11.833333333333334,0,12.4,0.5,1.79,Graduate,Female,Local
2622,1,51,1,8014,0,42,140.0,1,19,37,134,193,138.0,1,0,1,1,0,1,21,0,13,13,13,11,12.727272727272728,0,9,11,11,10,12.6,0,8.9,1.4,3.51,Graduate,Female,Local
2623,1,43,1,9991,0,1,133.1,41,37,37,9,8,114.7,0,0,0,1,0,0,34,1,2,2,2,2,10.5,0,1,1,1,1,11.0,0,10.8,1.4,1.74,Dropout,Female,International
2624,1,1,4,9773,1,1,140.0,22,1,37,3,9,130.5,1,0,0,1,0,0,20,1,0,6,6,6,12.333333333333334,0,0,6,6,6,12.0,0,12.7,3.7,-1.7,Graduate,Female,International
2625,1,39,1,9991,0,1,110.0,1,37,37,9,9,134.3,0,0,0,1,1,0,24,0,0,5,10,0,0.0,0,0,5,7,1,12.0,0,10.8,1.4,1.74,Dropout,Male,Local
2626,1,1,1,9500,1,1,148.0,1,1,1,4,3,137.5,0,0,0,1,1,0,18,0,0,7,7,7,14.842857142857143,0,0,8,9,8,14.38888888888889,0,16.2,0.3,-0.92,Graduate,Male,Local
2627,1,1,1,9500,1,1,137.0,1,1,19,4,4,125.3,0,0,0,1,1,0,19,0,0,7,7,7,12.2,0,0,7,7,7,12.2,0,7.6,2.6,0.32,Enrolled,Male,Local
2628,1,1,1,9147,1,1,120.0,1,1,19,7,7,111.3,0,0,0,1,1,1,18,0,0,5,10,4,10.8,0,0,5,10,4,11.75,0,15.5,2.8,-4.06,Enrolled,Male,Local
2629,1,39,9,9991,0,1,120.0,1,38,38,9,5,144.8,0,0,0,1,1,0,28,0,0,5,7,4,12.75,0,0,5,7,5,14.333333333333334,0,10.8,1.4,1.74,Enrolled,Male,Local
2630,1,39,1,9991,0,1,130.0,1,1,1,9,7,152.1,0,0,0,1,1,0,28,0,0,5,13,2,11.0,0,0,5,12,1,12.0,0,11.1,0.6,2.02,Dropout,Male,Local
2631,1,17,1,9254,1,1,132.0,1,38,38,0,5,126.1,0,0,0,1,1,0,20,0,0,6,9,4,10.75,0,0,6,12,0,0.0,0,7.6,2.6,0.32,Dropout,Male,Local
2632,1,43,1,9500,1,1,130.0,1,1,1,7,4,136.0,1,0,0,1,1,0,22,0,0,8,9,8,12.55375,1,0,8,9,8,12.55375,1,9.4,-0.8,-3.12,Graduate,Male,Local
2633,1,1,4,9500,1,1,128.0,1,19,1,4,4,124.3,1,0,0,1,1,0,19,0,0,8,8,7,12.665714285714284,0,0,8,8,7,12.665714285714284,0,10.8,1.4,1.74,Graduate,Male,Local
2634,1,1,1,9670,1,1,132.0,1,1,19,7,5,129.9,1,0,0,1,1,0,20,0,0,6,10,6,12.714285714285714,0,0,6,8,4,13.0,0,12.4,0.5,1.79,Enrolled,Male,Local
2635,1,39,2,9556,1,1,133.1,1,3,1,2,4,136.1,0,0,0,1,1,0,26,0,0,7,7,2,11.75,0,0,5,10,0,0.0,0,12.4,0.5,1.79,Dropout,Male,Local
2636,1,1,2,9254,1,1,120.0,1,37,37,9,9,115.1,1,0,0,0,1,0,21,0,0,6,11,3,11.0,0,0,6,14,0,0.0,0,9.4,-0.8,-3.12,Dropout,Male,Local
2637,1,16,2,171,1,1,145.0,1,3,3,2,2,143.6,1,0,0,1,1,0,18,0,0,0,0,0,0.0,0,0,0,0,0,0.0,0,12.4,0.5,1.79,Graduate,Male,Local
2638,1,17,1,9147,1,1,127.0,1,37,38,9,7,115.8,1,0,0,1,1,0,18,0,0,5,5,5,13.4,0,0,5,6,5,12.2,0,11.1,0.6,2.02,Graduate,Male,Local
2639,1,1,2,171,1,1,135.0,1,19,19,4,7,149.0,1,0,0,1,1,0,22,0,14,17,21,17,12.578947368421051,0,15,17,20,17,12.117647058823527,0,11.1,0.6,2.02,Graduate,Male,Local
2640,2,39,1,9119,1,19,133.1,1,37,37,9,9,100.0,0,0,0,1,1,0,36,0,0,5,0,0,0.0,0,0,5,0,0,0.0,0,16.2,0.3,-0.92,Dropout,Male,Local
2641,1,1,1,9773,1,1,125.0,1,38,38,9,9,133.4,1,0,0,1,1,1,20,0,0,6,8,6,12.0,0,0,6,8,6,11.5,0,13.9,-0.3,0.79,Graduate,Male,Local
2642,1,17,5,9670,1,1,127.0,1,3,4,2,2,122.8,0,0,0,1,1,0,20,0,0,6,6,3,12.333333333333334,0,0,6,9,0,0.0,0,10.8,1.4,1.74,Dropout,Male,Local
2643,1,39,1,9991,0,1,133.1,1,37,1,5,4,151.2,0,0,0,1,1,0,25,0,0,5,11,4,11.5,0,0,5,11,3,13.5,0,12.4,0.5,1.79,Dropout,Male,Local
2644,1,39,1,9003,1,1,150.0,1,37,19,6,4,137.0,0,0,0,1,1,0,35,0,1,6,7,5,12.8,0,1,6,11,5,13.833333333333334,0,15.5,2.8,-4.06,Graduate,Male,Local
2645,1,1,1,171,1,1,133.1,1,1,37,7,7,118.0,0,0,0,1,1,0,22,0,0,0,0,0,0.0,0,0,0,0,0,0.0,0,11.1,0.6,2.02,Dropout,Male,Local
2646,1,43,1,9070,1,1,150.0,1,3,39,3,7,126.4,0,0,0,1,1,0,26,0,5,7,8,7,13.285714285714286,0,3,8,11,7,12.142857142857142,0,12.4,0.5,1.79,Enrolled,Male,Local
2647,1,44,1,9003,1,39,130.0,1,38,38,9,5,130.0,0,0,1,0,1,0,20,0,0,6,16,4,11.8,0,0,6,15,2,12.0,0,16.2,0.3,-0.92,Dropout,Male,Local
2648,1,43,1,8014,0,12,133.1,1,37,1,9,10,112.5,0,0,0,1,1,0,50,0,6,13,13,6,11.333333333333334,0,2,11,11,2,13.5,0,16.2,0.3,-0.92,Dropout,Male,Local
2649,1,1,1,9500,1,1,125.0,1,19,38,9,8,118.3,0,0,0,1,1,0,20,0,0,8,12,5,12.002,1,0,8,12,5,12.002,1,10.8,1.4,1.74,Dropout,Male,Local
2650,1,1,1,9500,1,1,127.0,1,3,1,2,8,121.4,0,0,0,1,1,0,20,0,0,7,10,5,13.976666666666668,0,0,8,9,8,13.22222222222222,0,12.4,0.5,1.79,Enrolled,Male,Local
2651,1,7,1,9003,1,3,140.0,1,3,19,2,10,140.0,0,0,0,0,1,0,35,0,0,6,10,5,15.2,0,1,6,9,1,11.0,0,15.5,2.8,-4.06,Dropout,Male,Local
2652,1,1,1,9670,1,1,110.0,1,3,19,4,5,109.0,0,0,0,1,1,1,19,0,0,6,7,6,13.142857142857142,0,0,6,8,6,14.166666666666666,0,15.5,2.8,-4.06,Graduate,Male,Local
2653,2,39,2,9147,1,1,133.1,1,37,37,5,7,110.0,0,0,0,1,1,0,43,0,0,5,14,0,0.0,1,0,5,5,0,0.0,0,9.4,-0.8,-3.12,Dropout,Male,Local
2654,1,17,5,9500,1,1,124.0,1,3,38,2,1,119.8,0,0,0,1,1,0,19,0,0,8,11,7,13.867142857142856,0,0,8,11,7,13.867142857142856,0,10.8,1.4,1.74,Graduate,Male,Local
2655,1,39,1,9500,1,1,114.0,1,37,37,9,9,130.0,0,0,0,1,1,0,25,0,0,8,11,6,12.675,0,0,8,11,6,12.675,0,12.7,3.7,-1.7,Graduate,Male,Local
2656,1,16,1,171,1,1,155.0,1,1,3,5,10,167.3,1,0,0,1,1,0,19,0,0,0,0,0,0.0,0,0,0,0,0,0.0,0,13.9,-0.3,0.79,Graduate,Male,Local
2657,1,17,2,9853,1,1,114.0,1,1,19,9,9,111.9,1,0,0,1,1,1,20,0,0,6,6,6,12.0,0,0,6,7,6,12.5,0,7.6,2.6,0.32,Enrolled,Male,Local
2658,1,1,1,171,1,1,133.1,1,38,37,5,5,136.0,1,0,0,1,1,0,22,0,0,0,0,0,0.0,0,0,0,0,0,0.0,0,12.7,3.7,-1.7,Dropout,Male,Local
2659,1,1,1,9254,1,1,125.0,1,37,37,3,3,124.0,0,0,0,1,1,1,19,0,0,6,7,6,11.0,0,0,6,6,5,12.2,0,11.1,0.6,2.02,Dropout,Male,Local
2660,2,39,1,9991,0,1,120.0,1,19,37,3,9,132.9,0,0,0,1,1,0,32,0,0,5,11,4,10.75,0,0,5,11,4,11.333333333333334,0,13.9,-0.3,0.79,Dropout,Male,Local
2661,2,39,1,9773,1,38,100.0,1,37,37,9,7,154.0,1,0,0,1,1,0,57,0,0,6,7,5,14.2,0,0,6,6,6,14.166666666666666,0,9.4,-0.8,-3.12,Graduate,Male,Local
2662,1,1,1,9500,1,1,133.1,1,1,19,3,5,115.0,0,0,0,0,1,0,20,0,0,7,11,4,12.6,0,0,7,7,4,11.575,0,16.2,0.3,-0.92,Dropout,Male,Local
2663,1,39,1,9991,0,1,120.0,1,1,1,5,5,96.0,1,0,0,0,1,0,38,0,0,5,5,0,0.0,0,0,5,5,0,0.0,0,8.9,1.4,3.51,Dropout,Male,Local
2664,2,39,1,9991,0,1,120.0,1,37,3,9,3,168.2,0,0,0,1,1,0,45,0,0,5,6,5,14.0,0,0,5,6,5,14.166666666666666,0,12.4,0.5,1.79,Graduate,Male,Local
2665,2,39,1,9773,1,1,110.0,1,37,37,9,10,140.0,0,0,1,0,1,0,43,0,0,6,16,2,10.0,0,0,6,12,4,12.25,0,10.8,1.4,1.74,Dropout,Male,Local
2666,1,17,4,9070,1,1,144.0,1,38,1,9,9,137.4,1,0,0,1,1,0,19,0,0,6,6,6,13.833333333333334,0,0,6,8,6,13.125,0,10.8,1.4,1.74,Graduate,Male,Local
2667,2,39,1,9991,0,19,133.1,1,19,19,4,4,150.0,0,0,0,0,1,0,49,0,0,5,8,2,11.0,0,0,5,5,1,11.0,0,15.5,2.8,-4.06,Dropout,Male,Local
2668,2,39,1,9500,1,19,133.1,1,37,38,9,7,100.5,1,0,0,1,1,0,43,0,0,8,8,7,11.635714285714286,0,0,8,8,7,11.635714285714286,0,10.8,1.4,1.74,Enrolled,Male,Local
2669,1,39,1,8014,0,1,133.1,1,37,38,9,9,148.5,0,0,0,1,1,0,34,0,0,6,6,4,12.25,0,0,5,5,0,0.0,0,11.1,0.6,2.02,Dropout,Male,Local
2670,1,17,5,9119,1,1,138.0,1,19,19,5,5,123.3,1,0,1,1,1,0,18,0,0,5,9,4,12.5,0,0,5,11,5,11.285714285714286,0,12.4,0.5,1.79,Enrolled,Male,Local
2671,2,39,1,9991,0,1,120.0,1,38,38,1,4,138.7,0,0,0,1,1,0,43,0,0,5,5,5,13.8,0,0,5,6,5,13.666666666666666,0,10.8,1.4,1.74,Graduate,Male,Local
2672,1,1,2,9254,1,1,120.0,1,19,1,9,8,117.2,0,0,0,1,1,0,21,0,0,6,8,3,12.0,0,0,6,9,1,11.0,0,15.5,2.8,-4.06,Dropout,Male,Local
2673,2,39,1,9991,0,1,160.0,1,34,34,99,99,114.3,0,0,0,1,1,0,40,0,0,5,9,3,11.0,0,0,5,8,4,12.5,1,7.6,2.6,0.32,Enrolled,Male,Local
2674,1,17,1,9670,1,1,134.0,1,19,37,5,5,125.3,1,0,0,1,1,1,19,0,0,6,7,4,13.75,0,0,6,10,6,11.555555555555555,0,10.8,1.4,1.74,Graduate,Male,Local
2675,1,1,1,9254,1,1,133.1,1,37,37,1,1,97.0,0,0,0,1,1,0,27,0,0,6,6,6,10.666666666666666,0,0,6,8,4,11.25,0,10.8,1.4,1.74,Enrolled,Male,Local
2676,2,42,1,9556,1,1,110.0,1,37,37,9,6,140.0,0,0,0,1,1,0,43,0,0,7,7,0,0.0,0,0,8,13,2,13.15,0,16.2,0.3,-0.92,Dropout,Male,Local
2677,1,43,1,9991,0,1,130.0,1,37,37,9,9,124.0,0,0,0,1,1,0,31,0,1,5,6,5,13.833333333333334,0,0,5,7,5,15.4,0,9.4,-0.8,-3.12,Graduate,Male,Local
2678,1,44,1,9003,1,39,140.0,1,38,1,134,134,140.0,1,0,1,1,1,0,26,0,0,6,6,0,0.0,0,0,6,7,0,0.0,0,8.9,1.4,3.51,Enrolled,Male,Local
2679,1,39,1,9991,0,1,150.0,1,37,38,175,103,127.0,0,0,0,1,1,0,34,0,0,5,5,5,15.8,0,0,5,5,5,16.8,0,8.9,1.4,3.51,Graduate,Male,Local
2680,4,43,1,9500,1,19,100.0,1,34,34,0,0,110.0,0,0,0,1,1,0,30,0,11,14,26,12,12.52608695652174,1,11,14,26,12,12.52608695652174,1,7.6,2.6,0.32,Graduate,Male,Local
2681,2,39,1,9500,1,19,133.1,1,38,38,7,8,170.0,0,0,0,1,1,0,36,0,0,7,9,6,12.783333333333331,0,0,8,11,0,0.0,0,16.2,0.3,-0.92,Dropout,Male,Local
2682,1,7,1,9991,0,3,120.0,1,37,37,6,7,120.0,0,0,1,0,1,0,46,0,0,5,5,0,0.0,0,0,5,5,1,10.0,0,11.1,0.6,2.02,Dropout,Male,Local
2683,1,17,1,9085,1,1,133.1,1,1,19,5,9,130.0,0,0,0,1,1,0,22,0,0,5,8,3,13.0,0,0,5,8,3,10.666666666666666,0,7.6,2.6,0.32,Graduate,Male,Local
2684,1,7,1,9003,1,3,130.0,1,1,19,5,9,130.0,0,0,0,1,1,0,27,0,0,6,8,0,0.0,0,0,6,10,0,0.0,0,16.2,0.3,-0.92,Dropout,Male,Local
2685,1,1,2,9119,1,1,126.0,1,1,38,141,192,122.5,1,0,0,1,1,0,20,0,0,5,7,5,10.8,0,0,5,9,3,12.0,0,8.9,1.4,3.51,Enrolled,Male,Local
2686,1,51,1,9147,1,1,130.0,1,19,38,9,8,115.7,0,0,0,1,1,0,20,0,0,5,7,5,11.0,0,0,5,7,3,10.0,0,8.9,1.4,3.51,Enrolled,Male,Local
2687,1,42,1,9119,1,1,140.0,1,19,19,90,90,120.0,0,0,1,0,1,0,31,0,0,4,4,0,0.0,0,0,5,5,0,0.0,0,12.7,3.7,-1.7,Dropout,Male,Local
2688,1,1,1,9119,1,1,140.0,1,37,19,9,9,166.0,1,0,1,1,1,0,20,0,0,5,7,0,0.0,0,0,5,5,0,0.0,0,9.4,-0.8,-3.12,Enrolled,Male,Local
2689,1,17,1,9773,1,1,145.0,1,1,38,90,8,132.8,1,0,0,0,1,0,21,0,0,6,10,2,12.0,0,0,6,0,0,0.0,0,10.8,1.4,1.74,Dropout,Male,Local
2690,1,17,1,9147,1,1,133.1,1,19,19,9,7,100.0,0,0,0,1,1,0,21,0,0,5,7,4,10.75,0,0,5,10,2,11.0,3,16.2,0.3,-0.92,Dropout,Male,Local
2691,1,1,1,9147,1,1,127.0,1,1,4,9,10,121.8,0,0,0,1,1,0,19,0,0,5,8,5,11.6,0,0,5,10,4,13.5,3,16.2,0.3,-0.92,Graduate,Male,Local
2692,1,17,4,9147,1,1,114.0,1,19,19,4,4,109.5,1,0,0,1,1,1,20,0,0,5,6,5,11.8,0,0,5,8,4,11.6,0,8.9,1.4,3.51,Graduate,Male,Local
2693,1,1,1,9003,1,1,140.0,1,38,1,9,4,138.3,0,0,0,1,1,0,18,0,0,6,7,6,16.0,0,0,6,6,6,15.166666666666666,0,12.4,0.5,1.79,Graduate,Male,Local
2694,1,1,2,9773,1,1,140.0,1,1,1,4,3,131.6,0,0,0,1,1,1,18,0,0,6,6,6,12.666666666666666,0,0,6,6,6,11.5,0,16.2,0.3,-0.92,Graduate,Male,Local
2695,1,39,1,9500,1,1,120.0,1,1,2,144,123,125.3,0,0,1,1,1,0,30,0,0,7,12,4,14.4,0,0,7,9,6,13.5,0,12.4,0.5,1.79,Enrolled,Male,Local
2696,1,39,1,9254,1,19,133.1,1,19,19,3,1,101.5,0,0,1,0,1,0,34,0,0,6,6,0,0.0,0,0,6,6,0,0.0,0,15.5,2.8,-4.06,Dropout,Male,Local
2697,1,17,1,9670,1,1,115.0,1,19,19,191,171,109.1,0,0,1,0,1,0,21,0,0,6,11,4,12.25,0,0,6,9,4,13.4,0,11.1,0.6,2.02,Enrolled,Male,Local
2698,1,44,1,9070,1,39,123.9,1,37,1,9,7,123.9,0,0,0,1,1,0,20,0,2,7,9,5,12.6,0,5,9,10,8,12.75,1,16.2,0.3,-0.92,Dropout,Male,Local
2699,1,1,1,9500,1,1,157.0,1,37,37,9,9,143.0,0,0,0,1,1,0,18,0,0,8,8,7,13.4,0,0,8,8,7,13.4,0,12.7,3.7,-1.7,Graduate,Male,Local
2700,1,1,1,171,1,1,127.0,1,1,1,4,3,126.3,1,0,1,1,1,0,21,0,0,0,0,0,0.0,0,0,0,0,0,0.0,0,16.2,0.3,-0.92,Dropout,Male,Local
2701,2,42,1,9003,1,1,120.0,1,3,1,2,2,113.3,0,0,0,1,1,0,26,0,0,6,9,1,10.0,0,0,6,6,0,0.0,0,12.4,0.5,1.79,Dropout,Male,Local
2702,1,17,1,9119,1,1,130.0,1,38,19,7,3,119.9,1,0,1,1,1,0,20,0,0,5,5,0,0.0,0,0,5,5,0,0.0,5,9.4,-0.8,-3.12,Dropout,Male,Local
2703,1,44,1,9003,1,39,140.0,1,1,38,1,9,140.0,0,0,0,1,1,0,25,0,0,6,16,3,11.25,0,0,6,14,4,11.2,0,15.5,2.8,-4.06,Dropout,Male,Local
2704,1,17,1,9670,1,1,109.0,1,1,1,4,4,108.0,0,0,0,1,1,0,19,0,0,5,10,0,0.0,0,0,5,5,0,0.0,0,7.6,2.6,0.32,Enrolled,Male,Local
2705,1,39,2,9147,1,1,143.0,1,19,5,4,1,100.0,1,0,0,1,1,0,24,0,0,5,8,3,10.666666666666666,1,0,5,5,1,14.0,0,9.4,-0.8,-3.12,Dropout,Male,Local
2706,1,1,1,9130,1,1,125.0,1,3,3,2,2,132.4,0,0,0,1,1,0,20,0,0,5,7,4,11.75,0,0,5,5,5,13.4,0,7.6,2.6,0.32,Graduate,Male,Local
2707,1,1,1,9147,1,1,136.0,1,1,3,9,5,137.1,0,0,0,1,1,0,20,0,0,5,5,0,0.0,0,0,5,5,0,0.0,0,12.7,3.7,-1.7,Dropout,Male,Local
2708,1,5,3,9070,1,1,157.0,1,3,1,9,6,138.1,1,0,0,1,0,0,18,0,0,6,6,6,12.666666666666666,0,0,6,8,6,14.125,0,10.8,1.4,1.74,Graduate,Female,Local
2709,4,39,1,9556,1,1,160.0,1,19,3,9,2,130.0,0,0,0,1,0,0,25,0,0,7,14,7,11.95,0,0,8,15,7,12.042857142857144,0,12.7,3.7,-1.7,Enrolled,Female,Local
2710,1,17,1,9254,1,1,116.0,1,38,37,9,6,109.7,1,0,0,1,0,0,22,0,0,6,7,5,14.0,0,0,6,6,6,15.666666666666666,0,11.1,0.6,2.02,Graduate,Female,Local
2711,1,43,1,8014,0,1,113.0,1,37,37,0,6,128.2,0,0,0,0,0,0,41,0,0,6,6,0,0.0,6,0,6,12,0,0.0,0,9.4,-0.8,-3.12,Dropout,Female,Local
2712,1,1,2,9147,1,1,130.0,1,37,38,7,9,117.8,0,0,1,1,0,1,19,0,0,5,11,2,11.5,0,0,5,10,0,0.0,0,12.7,3.7,-1.7,Dropout,Female,Local
2713,1,43,1,9130,1,1,150.0,1,3,3,3,4,150.0,1,0,0,1,0,0,21,0,0,6,10,6,12.0,0,0,6,12,5,12.8,0,13.9,-0.3,0.79,Graduate,Female,Local
2714,1,39,1,9085,1,1,110.0,1,1,1,5,5,160.0,1,0,1,1,0,0,30,0,0,6,7,6,16.428571428571427,0,0,6,7,6,16.666666666666668,0,13.9,-0.3,0.79,Dropout,Female,Local
2715,1,1,5,9500,1,1,101.0,1,38,38,9,9,104.5,1,0,0,1,0,1,21,0,0,7,9,5,13.336000000000002,0,0,8,9,7,13.207142857142856,0,11.1,0.6,2.02,Graduate,Female,Local
2716,2,39,2,9556,1,1,110.0,1,19,38,9,9,112.8,0,0,0,1,0,1,26,0,0,7,7,0,0.0,0,0,8,8,0,0.0,6,10.8,1.4,1.74,Enrolled,Female,Local
2717,1,15,1,9670,1,1,133.1,41,1,1,9,4,100.0,0,0,0,1,0,0,21,1,2,7,9,7,14.666666666666666,0,1,6,8,6,14.0,0,11.1,0.6,2.02,Graduate,Female,International
2718,1,1,1,9500,1,1,138.0,1,1,1,3,4,132.5,1,0,0,1,0,0,18,0,0,8,8,7,14.115714285714288,0,0,8,8,7,14.115714285714288,0,10.8,1.4,1.74,Graduate,Female,Local
2719,1,1,4,9085,1,1,138.0,1,3,1,1,4,123.3,1,0,0,1,0,1,19,0,0,6,7,6,14.857142857142858,0,0,6,10,6,13.11111111111111,0,12.4,0.5,1.79,Graduate,Female,Local
2720,1,1,2,9085,1,1,141.0,1,1,38,9,8,128.9,1,0,0,1,0,1,18,0,0,6,7,6,13.833333333333334,0,0,6,10,6,13.714285714285714,0,8.9,1.4,3.51,Graduate,Female,Local
2721,1,17,2,9147,1,1,129.0,1,2,3,2,2,128.3,1,0,0,1,0,0,19,0,0,5,10,3,11.0,0,0,5,9,4,11.75,0,12.7,3.7,-1.7,Enrolled,Female,Local
2722,1,43,1,9085,1,1,127.0,1,3,3,2,5,100.0,0,0,0,1,0,0,21,0,0,6,11,4,11.75,0,0,6,12,3,13.666666666666666,0,13.9,-0.3,0.79,Enrolled,Female,Local
2723,1,17,2,9147,1,1,133.0,1,19,1,9,3,120.1,1,0,0,1,0,1,18,0,0,5,15,2,10.0,0,0,5,14,2,12.0,0,13.9,-0.3,0.79,Dropout,Female,Local
2724,1,39,1,9500,1,1,100.0,1,37,37,7,7,160.0,1,0,0,1,0,1,24,0,0,8,15,6,12.415,0,0,8,15,6,12.415,0,10.8,1.4,1.74,Graduate,Female,Local
2725,1,1,1,9130,1,1,138.0,1,4,5,2,2,123.0,1,0,0,1,0,0,21,0,0,5,12,1,11.0,0,0,5,9,2,10.5,0,12.7,3.7,-1.7,Enrolled,Female,Local
2726,1,44,1,9085,1,39,150.0,1,19,19,9,9,150.0,1,0,0,1,0,0,23,0,1,6,14,5,14.428571428571429,0,1,6,7,6,13.428571428571429,0,16.2,0.3,-0.92,Graduate,Female,Local
2727,1,17,2,9500,1,1,129.0,1,38,19,5,7,124.0,1,0,0,1,0,1,18,0,0,8,8,7,14.312857142857142,0,0,8,8,7,14.312857142857142,0,10.8,1.4,1.74,Graduate,Female,Local
2728,1,39,1,9085,1,1,130.0,1,4,1,2,9,120.0,0,0,0,0,0,0,26,0,0,6,8,6,15.428571428571429,0,0,6,7,5,14.5,0,11.1,0.6,2.02,Enrolled,Female,Local
2729,1,1,1,9130,1,1,133.0,1,38,38,5,8,120.4,1,0,0,1,0,0,20,0,0,5,9,4,12.0,1,0,5,6,5,13.4,0,9.4,-0.8,-3.12,Graduate,Female,Local
2730,1,1,1,9238,1,1,133.0,1,4,1,5,5,131.6,0,0,0,1,0,0,18,0,0,6,7,6,13.833333333333334,0,0,6,7,6,13.714285714285714,0,11.1,0.6,2.02,Graduate,Female,Local
2731,1,1,1,9238,1,1,107.0,1,2,12,3,10,104.2,1,0,0,1,0,0,20,0,0,6,6,6,12.166666666666666,0,0,6,7,6,12.142857142857142,0,11.1,0.6,2.02,Graduate,Female,Local
2732,1,1,1,9500,1,1,131.0,1,19,19,4,4,122.0,1,0,0,1,0,0,20,0,0,8,8,7,14.014285714285714,0,0,8,8,7,14.014285714285714,0,12.7,3.7,-1.7,Enrolled,Female,Local
2733,1,17,2,9238,1,1,118.0,1,1,19,4,10,110.7,1,1,0,1,0,0,18,0,0,6,15,2,10.333333333333334,3,0,6,13,3,13.333333333333334,0,12.7,3.7,-1.7,Enrolled,Female,Local
2734,1,1,4,9773,1,1,136.0,1,1,12,9,10,121.7,1,0,0,1,0,1,22,0,0,6,7,5,13.2,0,0,6,7,5,13.6,0,12.4,0.5,1.79,Graduate,Female,Local
2735,1,1,1,9500,1,1,125.0,1,37,37,9,9,126.0,1,0,1,1,0,0,20,0,0,7,7,6,15.4,0,0,7,7,6,15.4,0,7.6,2.6,0.32,Graduate,Female,Local
2736,1,17,4,9500,1,1,137.0,1,1,37,9,9,128.4,1,0,0,1,0,1,19,0,0,7,7,7,13.385714285714286,0,0,8,8,8,15.925,0,13.9,-0.3,0.79,Graduate,Female,Local
2737,1,1,1,9130,1,1,144.0,1,3,1,2,4,134.9,1,0,1,1,0,0,18,0,0,6,13,6,10.857142857142858,0,0,6,10,4,11.0,0,15.5,2.8,-4.06,Dropout,Female,Local
2738,1,17,2,9147,1,1,146.0,1,38,37,6,6,143.9,0,0,0,1,0,0,18,0,0,5,11,5,11.333333333333334,0,0,5,8,5,12.0,0,13.9,-0.3,0.79,Graduate,Female,Local
2739,1,1,4,9085,1,1,145.0,1,37,1,9,9,145.0,1,0,0,1,0,1,19,0,0,5,7,4,14.5,0,0,5,5,5,13.6,0,10.8,1.4,1.74,Graduate,Female,Local
2740,1,1,2,9070,1,1,126.0,1,19,38,9,9,132.0,1,0,0,1,0,1,19,0,0,6,6,6,14.166666666666666,0,0,6,8,6,12.375,0,10.8,1.4,1.74,Graduate,Female,Local
2741,1,17,1,8014,0,1,141.0,1,34,34,0,0,136.1,0,0,0,1,0,0,24,0,0,6,7,6,12.833333333333334,0,0,6,8,6,12.0,0,7.6,2.6,0.32,Graduate,Female,Local
2742,1,1,1,9238,1,1,141.0,1,37,37,4,4,138.9,0,0,0,1,0,0,21,0,0,6,7,6,13.333333333333334,0,0,6,6,6,14.5,0,10.8,1.4,1.74,Graduate,Female,Local
2743,1,1,1,9238,1,1,133.1,1,1,1,3,3,102.0,1,0,0,1,0,1,20,0,0,6,7,6,13.666666666666666,0,0,6,7,6,14.571428571428571,0,11.1,0.6,2.02,Graduate,Female,Local
2744,1,39,1,9254,1,1,133.1,1,19,19,4,7,123.0,0,0,1,0,0,1,28,0,0,6,6,6,10.833333333333334,0,0,6,7,5,11.0,0,13.9,-0.3,0.79,Dropout,Female,Local
2745,1,1,2,9853,1,1,127.0,1,37,19,9,8,137.5,1,0,0,1,0,0,21,0,0,6,7,6,13.428571428571429,0,0,6,8,6,13.142857142857142,0,7.6,2.6,0.32,Graduate,Female,Local
2746,1,1,1,9500,1,1,106.0,1,37,38,191,163,102.2,1,0,1,1,1,0,20,0,0,7,7,7,12.401428571428571,0,0,8,10,6,11.808333333333332,0,11.1,0.6,2.02,Enrolled,Male,Local
2747,1,42,1,9003,1,1,130.0,1,3,2,2,6,105.3,0,0,0,0,1,0,36,0,0,6,8,0,0.0,0,0,6,10,0,0.0,0,16.2,0.3,-0.92,Dropout,Male,Local
2748,2,39,1,9991,0,1,110.0,1,37,37,9,9,130.0,0,0,0,0,1,0,42,0,0,4,4,0,0.0,0,0,5,0,0,0.0,0,12.7,3.7,-1.7,Dropout,Male,Local
2749,2,39,1,9991,0,1,150.0,1,37,37,9,7,122.5,0,0,0,1,1,0,47,0,0,5,9,4,11.5,0,0,5,6,5,11.6,1,7.6,2.6,0.32,Dropout,Male,Local
2750,1,39,1,9119,1,1,160.0,1,1,38,4,7,112.0,0,0,0,0,1,0,25,0,0,5,8,0,0.0,0,0,5,5,0,0.0,0,9.4,-0.8,-3.12,Dropout,Male,Local
2751,1,39,1,9670,1,12,170.0,1,1,37,3,5,110.0,0,0,0,1,1,1,25,0,0,6,8,6,14.142857142857142,0,0,6,6,6,13.5,0,15.5,2.8,-4.06,Graduate,Male,Local
2752,2,39,1,8014,0,19,133.1,1,19,37,6,8,149.5,0,0,0,1,1,0,48,0,0,6,6,0,0.0,0,0,5,6,0,0.0,0,12.4,0.5,1.79,Dropout,Male,Local
2753,1,43,1,9991,0,1,120.0,1,38,38,9,7,141.0,0,0,0,1,1,1,32,0,5,10,12,10,13.8,0,5,10,10,10,12.8,0,10.8,1.4,1.74,Graduate,Male,Local
2754,1,7,1,9991,0,40,130.0,1,38,38,9,7,130.0,0,0,0,1,1,0,38,0,10,10,10,10,13.6,0,5,10,10,5,13.6,0,8.9,1.4,3.51,Dropout,Male,Local
2755,1,7,1,9238,1,40,130.0,1,37,37,5,5,130.0,0,0,0,1,1,0,37,0,11,16,23,15,11.733333333333333,0,6,11,17,9,11.88888888888889,0,15.5,2.8,-4.06,Graduate,Male,Local
2756,1,39,2,9147,1,1,120.0,1,37,37,9,9,104.0,0,0,0,0,1,0,26,0,0,5,8,1,10.0,0,0,5,9,1,10.0,0,10.8,1.4,1.74,Dropout,Male,Local
2757,1,44,1,9085,1,39,110.0,1,3,5,2,2,110.0,0,0,0,1,1,0,23,0,0,6,19,0,0.0,0,0,6,6,0,0.0,0,13.9,-0.3,0.79,Dropout,Male,Local
2758,1,44,1,9003,1,39,120.0,1,38,19,3,5,120.0,0,0,0,1,1,0,23,0,0,6,6,0,0.0,0,0,6,8,0,0.0,0,15.5,2.8,-4.06,Enrolled,Male,Local
2759,1,44,1,9003,1,39,130.0,1,2,3,9,6,130.0,0,0,0,1,1,0,20,0,0,6,12,4,10.8,0,0,6,13,4,12.0,0,12.4,0.5,1.79,Enrolled,Male,Local
2760,1,39,1,9500,1,4,150.0,1,3,38,3,7,127.0,1,0,0,1,1,0,26,0,2,7,8,6,13.046666666666669,0,2,8,10,7,13.30625,0,11.1,0.6,2.02,Dropout,Male,Local
2761,1,43,1,8014,0,1,120.0,1,37,37,9,5,100.0,0,0,0,1,0,0,45,0,5,9,13,8,11.0,0,3,7,10,6,10.833333333333334,0,12.7,3.7,-1.7,Enrolled,Female,Local
2762,1,39,1,8014,0,19,100.0,1,37,37,5,5,111.0,1,0,0,1,0,1,26,0,0,6,10,3,12.333333333333334,0,0,6,14,3,11.666666666666666,0,7.6,2.6,0.32,Enrolled,Female,Local
2763,1,43,1,8014,0,3,133.1,1,9,9,90,90,130.0,0,0,0,1,0,0,26,0,8,11,16,10,11.8,0,3,7,7,7,13.285714285714286,0,7.6,2.6,0.32,Graduate,Female,Local
2764,1,39,1,9991,0,1,130.0,1,37,37,9,9,130.1,0,0,0,1,0,0,25,0,0,5,8,3,11.0,0,0,5,8,3,11.25,0,10.8,1.4,1.74,Enrolled,Female,Local
2765,1,16,4,9500,1,1,145.0,1,1,1,4,4,127.5,1,0,0,1,0,0,18,0,0,8,8,8,13.11,0,0,8,8,8,13.11,0,9.4,-0.8,-3.12,Graduate,Female,Local
2766,1,7,1,9500,1,3,130.0,1,37,37,7,7,130.0,1,0,0,1,0,0,27,0,0,8,8,7,14.414285714285716,0,0,8,8,7,14.414285714285716,0,12.7,3.7,-1.7,Graduate,Female,Local
2767,6,17,3,8014,0,1,115.0,1,19,1,5,90,115.0,0,0,0,0,0,0,24,0,0,5,5,0,0.0,0,0,5,10,0,0.0,0,10.8,1.4,1.74,Dropout,Female,Local
2768,1,17,1,9147,1,1,124.0,1,38,19,6,10,126.8,1,0,0,1,0,0,20,0,0,5,8,5,12.333333333333334,0,0,5,7,5,12.2,0,15.5,2.8,-4.06,Graduate,Female,Local
2769,1,1,1,9500,1,1,124.0,1,1,19,9,8,116.7,1,0,0,1,0,1,18,0,0,7,9,0,0.0,0,0,7,8,1,10.0,0,15.5,2.8,-4.06,Dropout,Female,Local
2770,1,17,6,9556,1,1,134.0,1,19,38,7,7,128.5,1,0,0,1,0,1,18,0,0,7,9,7,14.1,0,0,8,8,8,13.3125,0,12.7,3.7,-1.7,Graduate,Female,Local
2771,1,1,4,9500,1,1,137.0,1,37,37,9,9,127.5,1,0,0,1,0,0,18,0,0,8,8,8,13.045,0,0,8,8,8,13.045,0,9.4,-0.8,-3.12,Graduate,Female,Local
2772,1,1,1,9500,1,1,124.0,1,19,37,3,8,117.5,1,0,0,1,1,0,19,0,0,8,10,5,12.858,3,0,8,10,5,12.858,3,9.4,-0.8,-3.12,Enrolled,Male,Local
2773,1,42,3,9500,1,1,136.0,1,1,1,4,4,148.8,1,0,0,1,0,1,19,0,0,8,8,8,14.2525,0,0,8,8,8,14.2525,0,9.4,-0.8,-3.12,Graduate,Female,Local
2774,1,1,4,9500,1,1,126.0,1,12,1,5,10,120.2,0,0,0,1,0,1,19,0,0,7,9,5,14.06,0,0,7,9,7,11.242857142857142,0,12.4,0.5,1.79,Enrolled,Female,Local
2775,1,1,4,9500,1,1,142.0,1,38,37,9,5,127.3,1,0,0,1,0,0,18,0,0,8,8,7,15.075714285714286,0,0,8,8,7,15.075714285714286,0,10.8,1.4,1.74,Graduate,Female,Local
2776,1,17,2,171,1,1,141.0,1,19,37,9,9,136.1,1,0,0,1,0,1,18,0,0,0,0,0,0.0,0,0,0,0,0,0.0,0,12.7,3.7,-1.7,Enrolled,Female,Local
2777,1,43,2,9670,1,1,129.0,1,3,3,5,5,122.4,1,0,0,1,0,0,19,0,0,5,5,4,13.75,0,0,6,9,5,12.6,0,12.7,3.7,-1.7,Enrolled,Female,Local
2778,1,7,0,9003,1,3,130.0,1,1,37,4,9,130.0,1,0,0,1,0,0,23,0,10,17,28,17,13.15,2,8,12,22,12,13.214285714285714,0,15.5,2.8,-4.06,Graduate,Female,Local
2779,1,1,2,9238,1,1,136.0,1,19,19,4,7,121.7,1,0,0,1,0,1,21,0,0,6,9,5,12.333333333333334,0,0,6,7,5,11.8,0,13.9,-0.3,0.79,Graduate,Female,Local
2780,1,1,3,9500,1,1,137.0,1,38,38,5,7,122.7,1,0,0,1,0,1,18,0,0,7,8,7,13.778571428571428,0,0,8,10,8,13.122222222222222,0,16.2,0.3,-0.92,Graduate,Female,Local
2781,1,1,1,9853,1,1,125.0,1,34,37,9,9,129.2,1,0,1,0,0,0,20,0,0,6,12,3,10.333333333333334,0,0,6,14,1,11.0,0,10.8,1.4,1.74,Dropout,Female,Local
2782,1,43,1,9773,1,1,119.0,1,19,37,5,5,105.0,1,0,0,1,0,0,23,0,0,6,11,3,11.333333333333334,0,0,6,7,2,11.0,0,16.2,0.3,-0.92,Enrolled,Female,Local
2783,1,1,1,9238,1,1,132.0,1,37,37,9,7,129.9,1,0,0,1,0,0,20,0,0,6,7,5,13.2,0,0,6,6,6,12.666666666666666,0,10.8,1.4,1.74,Enrolled,Female,Local
2784,1,1,1,9070,1,1,152.0,1,37,37,5,7,136.3,0,0,0,1,0,1,18,0,1,6,8,6,13.571428571428571,1,0,6,11,6,12.375,0,13.9,-0.3,0.79,Graduate,Female,Local
2785,1,1,1,8014,0,1,125.0,1,37,37,9,7,114.9,0,0,0,1,0,0,29,0,8,11,14,11,12.75,0,3,7,7,7,13.428571428571429,0,9.4,-0.8,-3.12,Graduate,Female,Local
2786,1,39,1,9773,1,9,133.1,1,38,1,5,4,102.0,1,0,0,1,1,0,28,0,0,6,11,3,13.0,0,0,6,15,1,12.0,0,7.6,2.6,0.32,Dropout,Male,Local
2787,1,1,3,9670,1,1,120.0,1,37,37,7,7,111.3,1,0,0,1,1,0,19,0,0,5,7,3,11.333333333333334,0,0,5,7,4,11.0,0,9.4,-0.8,-3.12,Enrolled,Male,Local
2788,1,39,1,9670,1,1,148.0,1,19,19,7,7,130.9,0,0,1,0,1,0,24,0,0,6,12,0,0.0,0,0,6,9,0,0.0,0,10.8,1.4,1.74,Dropout,Male,Local
2789,1,39,1,171,1,1,133.1,1,37,37,9,7,100.0,0,0,1,1,1,1,33,0,0,0,0,0,0.0,0,0,0,0,0,0.0,0,15.5,2.8,-4.06,Dropout,Male,Local
2790,1,17,1,9147,1,1,115.0,1,19,37,5,7,112.9,1,0,0,0,1,0,19,0,0,5,7,2,12.5,0,0,5,13,1,11.0,0,9.4,-0.8,-3.12,Dropout,Male,Local
2791,1,1,1,9085,1,1,120.0,1,38,19,9,3,112.7,0,0,0,1,1,0,19,0,0,6,7,6,14.857142857142858,0,0,6,8,6,14.142857142857142,0,11.1,0.6,2.02,Graduate,Male,Local
2792,4,39,1,8014,0,1,133.1,1,37,37,7,7,143.0,0,0,0,1,1,0,37,0,3,9,13,8,12.0,0,2,7,8,7,11.571428571428571,0,12.7,3.7,-1.7,Graduate,Male,Local
2793,1,1,1,171,1,1,168.0,1,38,37,9,8,155.1,1,0,1,0,1,1,18,0,0,0,0,0,0.0,0,0,0,0,0,0.0,0,12.7,3.7,-1.7,Graduate,Male,Local
2794,4,39,1,9991,0,1,130.0,1,37,37,9,9,127.6,0,0,0,1,1,0,29,0,0,5,5,0,0.0,0,0,5,5,0,0.0,0,7.6,2.6,0.32,Enrolled,Male,Local
2795,2,39,1,9500,1,38,133.1,1,37,37,9,3,146.6,0,0,0,1,1,0,37,0,0,7,8,7,12.828571428571427,0,0,8,8,8,12.6875,0,13.9,-0.3,0.79,Graduate,Male,Local
2796,1,39,1,9500,1,1,137.0,1,37,37,9,9,141.0,0,0,0,1,1,0,36,0,0,7,0,0,0.0,0,0,8,0,0,0.0,0,12.4,0.5,1.79,Dropout,Male,Local
2797,1,1,2,9670,1,1,123.0,1,1,38,7,7,120.6,1,0,0,1,1,0,19,0,0,6,6,6,13.333333333333334,0,0,6,8,5,14.0,0,8.9,1.4,3.51,Graduate,Male,Local
2798,1,42,1,9500,1,1,150.0,1,19,1,9,3,110.0,1,0,0,1,1,1,33,0,6,14,20,14,13.072857142857144,6,6,14,20,14,13.072857142857144,6,9.4,-0.8,-3.12,Graduate,Male,Local
2799,1,42,1,9119,1,1,120.0,1,1,1,5,7,108.6,0,0,0,0,1,0,34,0,2,7,13,5,12.0,0,2,7,7,3,11.0,0,15.5,2.8,-4.06,Dropout,Male,Local
2800,1,1,1,9254,1,1,145.0,1,3,19,3,8,134.9,1,0,0,1,0,0,18,0,0,6,6,6,15.5,0,0,6,6,6,16.0,0,12.4,0.5,1.79,Graduate,Female,Local
2801,1,44,1,9130,1,39,120.0,1,3,1,2,4,120.0,1,0,0,1,0,0,20,0,0,6,6,0,0.0,0,0,6,6,0,0.0,0,12.4,0.5,1.79,Dropout,Female,Local
2802,1,1,1,9773,1,1,142.0,1,19,37,4,7,141.3,0,0,0,1,0,1,19,0,0,6,7,6,14.714285714285714,0,0,6,6,6,15.166666666666666,0,13.9,-0.3,0.79,Graduate,Female,Local
2803,1,1,3,9085,1,1,147.0,1,19,19,9,1,135.6,1,0,0,1,0,0,20,0,0,6,7,6,16.714285714285715,0,0,6,6,6,15.333333333333334,0,13.9,-0.3,0.79,Graduate,Female,Local
2804,1,1,1,9238,1,1,125.0,1,19,19,9,9,121.5,1,0,0,1,0,1,19,0,0,6,9,6,10.857142857142858,0,0,6,7,6,11.666666666666666,0,12.4,0.5,1.79,Graduate,Female,Local
2805,1,1,4,9500,1,1,126.0,1,19,19,9,9,125.0,1,0,0,1,0,0,19,0,0,7,8,6,11.658333333333331,0,0,8,11,6,12.416666666666666,0,12.4,0.5,1.79,Graduate,Female,Local
2806,1,18,2,9773,1,1,132.0,24,37,19,9,7,119.1,1,0,0,1,0,1,22,1,0,6,8,5,11.6,0,0,6,7,6,12.0,0,9.4,-0.8,-3.12,Graduate,Female,International
2807,1,1,1,9670,1,1,122.0,1,12,12,5,7,126.6,1,0,0,1,0,0,18,0,0,6,8,6,14.625,0,0,6,9,6,14.142857142857142,0,11.1,0.6,2.02,Enrolled,Female,Local
2808,1,1,1,9773,1,1,123.0,1,1,38,9,9,116.7,0,0,0,1,0,1,18,0,0,6,6,6,12.166666666666666,0,0,6,8,6,12.666666666666666,0,12.4,0.5,1.79,Graduate,Female,Local
2809,1,1,3,9500,1,1,126.0,1,1,19,131,181,120.1,1,0,0,1,0,0,19,0,0,7,12,4,13.375,0,0,7,8,6,12.116666666666667,0,12.4,0.5,1.79,Enrolled,Female,Local
2810,1,1,1,9853,1,1,128.0,1,38,37,9,9,124.9,0,0,0,1,0,1,19,0,0,6,6,6,12.5,0,0,6,6,6,12.833333333333334,0,12.7,3.7,-1.7,Graduate,Female,Local
2811,1,39,1,9500,1,1,100.0,1,19,1,1,90,114.0,1,0,1,0,0,0,31,0,0,7,8,5,12.56,0,0,7,8,5,12.56,0,7.6,2.6,0.32,Dropout,Female,Local
2812,1,17,5,9500,1,1,140.0,1,1,1,4,3,131.1,1,0,0,1,0,0,18,0,0,7,7,7,13.19,0,0,8,8,8,14.23125,0,11.1,0.6,2.02,Graduate,Female,Local
2813,1,1,1,9238,1,1,145.0,1,1,19,9,9,129.3,0,0,1,1,0,1,19,0,0,6,11,3,11.0,0,0,6,9,4,11.25,0,10.8,1.4,1.74,Graduate,Female,Local
2814,1,1,1,171,1,1,143.0,1,3,38,2,10,129.7,1,0,0,1,0,0,18,0,0,0,0,0,0.0,0,0,0,0,0,0.0,0,13.9,-0.3,0.79,Graduate,Female,Local
2815,1,17,1,9238,1,1,132.0,1,37,38,9,5,120.8,0,0,0,1,0,1,19,0,0,6,11,5,11.6,0,0,6,10,6,11.714285714285714,0,15.5,2.8,-4.06,Graduate,Female,Local
2816,1,1,1,9500,1,1,130.0,1,19,19,9,6,135.0,0,0,0,1,0,0,19,0,0,7,7,6,14.266666666666666,0,0,7,7,6,14.266666666666666,0,7.6,2.6,0.32,Graduate,Female,Local
2817,1,1,1,9147,1,1,129.0,1,37,37,9,7,117.8,0,0,0,1,0,1,19,0,0,5,6,4,11.0,0,0,5,9,4,13.857142857142858,0,10.8,1.4,1.74,Enrolled,Female,Local
2818,2,7,1,8014,0,3,124.4,1,37,34,0,0,130.0,0,0,0,1,0,0,30,0,8,10,11,9,12.666666666666666,0,3,7,7,7,12.428571428571429,1,7.6,2.6,0.32,Graduate,Female,Local
2819,1,43,1,9773,1,1,127.0,1,19,1,5,5,117.6,1,0,0,1,0,0,18,0,0,6,6,0,0.0,0,0,6,10,3,11.0,0,16.2,0.3,-0.92,Enrolled,Female,Local
2820,1,18,6,9500,1,1,144.0,1,1,1,3,6,130.8,1,0,0,1,0,0,18,0,0,8,11,7,12.771428571428572,0,0,8,11,7,12.771428571428572,0,12.7,3.7,-1.7,Graduate,Female,Local
2821,1,18,5,9085,1,1,121.0,1,5,3,2,3,111.9,1,0,0,1,0,0,21,0,0,5,12,0,0.0,3,0,5,5,0,0.0,0,12.7,3.7,-1.7,Dropout,Female,Local
2822,1,44,1,9238,1,1,150.0,1,1,38,4,9,145.9,0,0,0,1,0,1,19,0,3,6,6,6,15.5,0,2,6,7,6,13.571428571428571,0,13.9,-0.3,0.79,Graduate,Female,Local
2823,1,17,1,9670,1,1,115.0,1,1,1,4,4,109.1,1,0,0,1,0,1,19,0,0,6,7,6,13.285714285714286,0,0,6,9,5,14.6,0,12.4,0.5,1.79,Enrolled,Female,Local
2824,1,1,5,9500,1,1,125.0,1,3,19,4,8,120.3,1,0,0,1,0,0,19,0,0,7,11,5,11.716666666666669,0,0,7,8,5,13.7,0,13.9,-0.3,0.79,Enrolled,Female,Local
2825,1,17,1,9130,1,1,117.0,1,19,19,4,4,113.5,1,0,0,1,0,0,19,0,0,6,8,6,11.333333333333334,0,0,6,12,4,13.75,0,8.9,1.4,3.51,Dropout,Female,Local
2826,1,1,2,9670,1,1,121.0,1,1,19,4,7,135.4,1,0,0,1,0,1,19,0,0,6,6,6,13.333333333333334,0,0,6,10,5,13.4,0,8.9,1.4,3.51,Graduate,Female,Local
2827,2,39,1,9991,0,1,140.0,1,37,37,9,6,130.2,0,0,0,1,0,1,39,0,0,5,13,4,12.333333333333334,0,0,5,14,2,10.0,4,16.2,0.3,-0.92,Graduate,Female,Local
2828,1,1,2,9070,1,1,129.0,1,3,4,2,2,136.4,1,0,0,1,0,0,18,0,0,6,6,6,12.333333333333334,0,0,6,6,6,12.833333333333334,0,7.6,2.6,0.32,Enrolled,Female,Local
2829,1,17,1,171,1,1,130.0,1,3,1,9,9,126.9,1,0,0,1,0,0,20,0,0,0,0,0,0.0,0,0,0,0,0,0.0,0,12.7,3.7,-1.7,Dropout,Female,Local
2830,1,17,5,9147,1,1,131.0,1,19,38,3,10,119.8,1,0,0,1,0,0,19,0,0,5,8,5,12.6,0,0,5,9,4,11.6,0,8.9,1.4,3.51,Graduate,Female,Local
2831,1,17,3,9147,1,1,137.0,1,1,1,4,7,124.4,1,0,0,1,0,0,18,0,0,5,5,5,12.6,0,0,5,5,4,11.0,0,11.1,0.6,2.02,Enrolled,Female,Local
2832,2,39,1,9003,1,1,150.0,1,3,3,2,2,120.0,0,0,1,0,0,0,34,0,1,6,10,6,14.333333333333334,0,0,6,9,6,12.833333333333334,0,11.1,0.6,2.02,Enrolled,Female,Local
2833,1,1,2,9670,1,1,117.0,1,37,37,9,9,111.8,0,0,0,1,0,0,22,0,0,5,8,3,12.0,0,0,5,9,2,11.0,1,7.6,2.6,0.32,Enrolled,Female,Local
2834,1,39,1,9085,1,1,133.1,1,19,19,7,7,130.0,1,0,0,1,0,0,24,0,0,6,7,6,14.857142857142858,0,0,6,10,5,13.6,0,13.9,-0.3,0.79,Graduate,Female,Local
2835,2,43,1,9147,1,1,130.0,1,19,37,7,10,138.0,0,0,0,1,0,0,34,0,12,15,17,12,11.916666666666666,0,11,13,13,11,13.181818181818182,0,7.6,2.6,0.32,Graduate,Female,Local
2836,2,39,1,9991,0,1,110.0,1,34,34,0,0,114.6,1,0,0,1,0,0,46,0,0,5,5,0,0.0,0,0,5,5,0,0.0,0,7.6,2.6,0.32,Dropout,Female,Local
2837,2,39,2,9147,1,1,140.0,1,37,37,9,8,108.0,0,0,0,1,0,0,50,0,0,5,12,3,13.333333333333334,1,0,5,8,5,12.2,0,9.4,-0.8,-3.12,Enrolled,Female,Local
2838,1,39,1,9991,0,1,140.0,1,37,37,9,5,140.0,0,0,0,0,0,0,37,0,0,5,5,0,0.0,0,0,5,5,0,0.0,0,15.5,2.8,-4.06,Dropout,Female,Local
2839,1,1,2,9085,1,1,148.0,1,38,19,4,9,134.7,1,0,0,1,0,0,18,0,0,6,6,6,17.0,0,0,6,6,6,15.5,0,8.9,1.4,3.51,Graduate,Female,Local
2840,1,39,1,9085,1,1,130.0,1,37,37,6,6,110.0,0,0,0,1,0,1,25,0,0,6,13,3,11.666666666666666,0,0,6,14,2,11.333333333333334,0,11.1,0.6,2.02,Enrolled,Female,Local
2841,2,39,1,9003,1,1,140.0,1,37,37,9,6,104.8,0,0,0,1,0,0,46,0,14,19,24,19,12.210526315789474,0,11,13,13,13,11.384615384615383,0,15.5,2.8,-4.06,Graduate,Female,Local
2842,2,39,1,9070,1,1,160.0,1,3,1,2,5,126.5,0,0,0,1,0,1,30,0,1,6,8,6,13.0,1,0,6,9,5,12.857142857142858,0,13.9,-0.3,0.79,Graduate,Female,Local
2843,4,1,1,9991,0,1,130.0,1,37,37,9,9,118.1,0,0,1,0,0,0,37,0,0,5,0,0,0.0,0,0,5,0,0,0.0,0,12.7,3.7,-1.7,Dropout,Female,Local
2844,2,39,1,9991,0,1,120.0,1,37,37,9,9,119.9,0,0,0,1,0,0,50,0,0,5,9,2,10.5,0,0,5,7,3,11.0,0,12.7,3.7,-1.7,Enrolled,Female,Local
2845,1,44,1,9003,1,39,160.0,1,38,38,9,6,160.0,1,0,0,1,0,0,20,0,0,6,7,6,13.571428571428571,0,0,6,9,6,12.714285714285714,0,12.4,0.5,1.79,Graduate,Female,Local
2846,2,39,2,9556,1,12,133.1,1,34,34,99,99,100.5,0,0,0,1,0,0,39,0,0,3,7,1,14.0,0,0,2,4,0,0.0,0,11.1,0.6,2.02,Dropout,Female,Local
2847,2,39,1,9773,1,19,133.1,1,37,37,9,6,110.0,0,0,0,0,0,0,53,0,0,5,5,0,0.0,0,0,4,5,0,0.0,0,15.5,2.8,-4.06,Dropout,Female,Local
2848,2,42,1,9147,1,1,100.0,1,37,37,9,9,100.0,1,0,0,1,0,0,54,0,13,15,20,13,12.461538461538462,1,10,13,13,10,11.1,1,15.5,2.8,-4.06,Dropout,Female,Local
2849,1,44,1,9085,1,39,140.0,1,3,3,4,2,140.0,1,0,0,1,0,0,19,0,0,6,8,4,14.4,0,0,6,6,5,13.0,0,13.9,-0.3,0.79,Graduate,Female,Local
2850,1,18,2,9773,1,1,109.0,1,1,1,4,4,109.0,1,0,0,0,0,0,20,0,0,6,6,0,0.0,0,0,6,0,0,0.0,0,8.9,1.4,3.51,Dropout,Female,Local
2851,1,1,3,9773,1,1,130.0,1,1,37,4,5,120.9,1,0,1,1,0,0,18,0,0,6,6,6,14.333333333333334,0,0,6,6,6,14.166666666666666,0,8.9,1.4,3.51,Graduate,Female,Local
2852,1,53,1,9003,1,42,130.0,1,1,1,144,144,125.8,0,0,1,1,0,0,21,0,7,13,21,11,11.909090909090908,0,5,11,14,11,10.727272727272728,0,8.9,1.4,3.51,Graduate,Female,Local
2853,1,18,3,9070,1,1,164.0,1,1,1,5,3,161.2,1,0,0,1,0,0,18,0,1,6,8,6,13.714285714285714,1,0,6,8,6,14.375,0,13.9,-0.3,0.79,Graduate,Female,Local
2854,1,1,1,9500,1,1,125.0,1,19,19,9,10,122.0,1,0,1,1,0,0,19,0,0,7,0,0,0.0,0,0,8,0,0,0.0,0,11.1,0.6,2.02,Dropout,Female,Local
2855,1,17,1,9500,1,1,137.0,1,1,1,9,9,127.9,1,0,0,1,0,1,18,0,0,7,10,5,13.46,0,0,7,8,7,12.2375,0,11.1,0.6,2.02,Dropout,Female,Local
2856,1,1,1,9773,1,1,133.0,1,1,3,3,3,135.8,1,0,0,1,0,0,19,0,0,6,6,6,15.0,0,0,6,6,6,13.333333333333334,0,11.1,0.6,2.02,Graduate,Female,Local
2857,1,1,1,171,1,1,163.0,1,1,1,4,3,149.7,1,0,0,1,0,1,18,0,0,0,0,0,0.0,0,0,0,0,0,0.0,0,13.9,-0.3,0.79,Dropout,Female,Local
2858,1,1,2,9670,1,1,160.0,1,2,1,4,4,137.3,1,0,0,1,0,0,19,0,0,6,7,5,13.4,0,0,6,6,5,12.8,0,12.7,3.7,-1.7,Graduate,Female,Local
2859,4,43,1,8014,0,12,133.1,1,34,34,0,0,106.0,1,0,0,1,0,0,48,0,0,6,9,5,13.0,0,0,6,10,4,12.5,0,7.6,2.6,0.32,Enrolled,Female,Local
2860,4,43,1,9238,1,1,120.0,1,37,37,9,9,110.0,0,0,1,1,0,0,34,0,0,6,13,4,11.25,0,0,6,8,4,13.75,0,13.9,-0.3,0.79,Graduate,Female,Local
2861,1,1,1,9085,1,1,140.0,1,3,3,2,2,146.4,0,0,0,1,0,0,18,0,0,5,5,5,12.6,0,0,5,7,5,11.6,0,7.6,2.6,0.32,Graduate,Female,Local
2862,2,39,1,8014,0,1,140.0,1,37,37,9,9,121.0,0,0,0,1,0,0,50,0,0,6,8,6,12.666666666666666,0,0,6,6,6,11.833333333333334,0,10.8,1.4,1.74,Graduate,Female,Local
2863,1,43,1,9853,1,1,140.0,1,37,37,6,6,125.2,0,0,1,1,0,0,41,0,20,21,23,21,12.333333333333334,0,19,19,19,19,12.105263157894736,0,12.4,0.5,1.79,Graduate,Female,Local
2864,1,17,2,9773,1,1,115.0,1,1,1,5,5,119.6,1,0,0,1,0,1,22,0,0,6,11,5,12.0,0,0,6,11,5,11.0,0,7.6,2.6,0.32,Dropout,Female,Local
2865,4,39,1,9147,1,1,140.0,1,37,37,9,9,142.8,0,0,0,1,0,0,43,0,0,5,5,5,16.4,0,0,5,5,5,16.6,0,7.6,2.6,0.32,Graduate,Female,Local
2866,2,39,1,8014,0,19,133.1,1,3,19,90,90,123.5,0,0,0,1,0,0,50,0,0,1,1,0,0.0,1,0,6,0,0,0.0,0,10.8,1.4,1.74,Dropout,Female,Local
2867,1,39,1,9003,1,19,133.1,1,37,37,9,9,100.0,0,0,0,1,0,0,60,0,0,6,10,6,12.75,0,0,6,6,4,14.75,0,13.9,-0.3,0.79,Graduate,Female,Local
2868,2,39,1,9147,1,1,110.0,1,37,37,9,10,140.0,0,0,0,1,0,0,41,0,0,5,14,4,14.5,1,0,5,12,5,13.0,0,9.4,-0.8,-3.12,Enrolled,Female,Local
2869,2,39,1,9991,0,19,133.1,1,37,37,9,9,150.3,0,0,0,1,0,0,47,0,0,5,5,5,14.8,0,0,5,5,5,14.4,0,7.6,2.6,0.32,Graduate,Female,Local
2870,1,1,1,171,1,3,116.0,1,3,3,2,2,128.2,0,0,0,1,0,0,22,0,12,17,22,17,10.36842105263158,0,14,17,18,17,11.5,0,11.1,0.6,2.02,Graduate,Female,Local
2871,2,39,1,9500,1,1,110.0,1,37,37,9,6,114.3,0,0,0,1,0,0,41,0,0,7,0,0,0.0,0,0,8,0,0,0.0,0,10.8,1.4,1.74,Dropout,Female,Local
2872,2,43,1,9991,0,1,140.0,1,38,37,5,6,117.3,0,0,0,1,0,0,28,0,6,10,15,6,10.666666666666666,0,5,10,17,9,11.333333333333334,1,7.6,2.6,0.32,Enrolled,Female,Local
2873,5,42,1,9254,1,2,120.0,1,37,37,4,9,120.0,0,0,0,1,0,0,32,0,9,15,21,13,12.692307692307692,0,12,15,22,13,12.384615384615383,0,10.8,1.4,1.74,Graduate,Female,Local
2874,2,39,1,9991,0,12,133.1,1,37,34,90,90,110.7,1,0,0,1,0,0,50,0,0,5,0,0,0.0,0,0,5,0,0,0.0,0,7.6,2.6,0.32,Dropout,Female,Local
2875,1,51,1,9147,1,1,160.0,1,1,37,9,10,118.0,0,0,0,1,0,0,53,0,14,15,15,15,11.8,0,12,13,13,12,11.666666666666666,1,8.9,1.4,3.51,Enrolled,Female,Local
2876,1,39,1,9556,1,1,133.1,6,3,3,4,4,169.2,0,0,1,0,0,0,54,1,0,7,7,0,0.0,0,0,5,10,0,0.0,0,12.4,0.5,1.79,Dropout,Female,International
2877,1,39,1,8014,0,1,120.0,1,37,37,9,7,106.8,0,0,0,1,0,0,49,0,0,6,9,5,12.333333333333334,0,0,6,12,4,11.5,0,13.9,-0.3,0.79,Enrolled,Female,Local
2878,2,42,1,9853,1,1,133.1,1,37,37,4,7,100.0,0,0,0,1,0,0,34,0,6,12,18,11,13.0,0,4,13,22,8,11.875,0,12.7,3.7,-1.7,Dropout,Female,Local
2879,4,39,1,8014,0,1,133.1,1,38,37,5,7,144.5,0,0,0,1,0,0,45,0,0,6,13,4,12.5,0,0,6,8,3,11.666666666666666,0,16.2,0.3,-0.92,Dropout,Female,Local
2880,4,39,1,8014,0,19,133.1,1,37,37,9,7,134.5,0,0,0,1,0,1,47,0,0,6,8,5,12.2,0,0,6,10,4,11.25,0,12.4,0.5,1.79,Graduate,Female,Local
2881,1,43,1,9238,1,1,122.0,1,19,19,5,5,114.3,1,0,0,1,0,0,22,0,5,10,15,8,11.0,0,2,7,16,5,11.2,0,9.4,-0.8,-3.12,Enrolled,Female,Local
2882,2,39,1,9991,0,1,133.1,1,37,37,9,9,113.4,0,0,0,1,0,0,33,0,0,5,14,1,10.0,0,0,5,13,2,12.0,0,12.4,0.5,1.79,Dropout,Female,Local
2883,2,39,1,8014,0,1,140.0,1,37,37,9,9,128.0,0,0,0,1,0,1,43,0,0,6,7,6,12.333333333333334,0,0,6,8,6,11.5,0,8.9,1.4,3.51,Graduate,Female,Local
2884,1,7,1,9003,1,3,120.0,1,37,37,6,6,120.0,0,0,0,1,0,0,54,0,9,13,13,13,14.307692307692308,0,5,12,15,12,15.23076923076923,0,15.5,2.8,-4.06,Graduate,Female,Local
2885,1,39,1,8014,0,2,130.0,1,37,37,5,7,147.5,0,0,0,1,0,0,39,0,7,11,13,11,14.454545454545457,0,6,8,8,8,13.5,0,12.7,3.7,-1.7,Graduate,Female,Local
2886,2,39,1,9991,0,1,120.0,1,37,37,9,9,120.7,0,0,0,1,0,0,39,0,0,5,6,5,11.0,0,0,5,5,5,13.2,0,7.6,2.6,0.32,Graduate,Female,Local
2887,1,1,1,9853,1,1,153.0,1,19,37,9,9,153.7,0,0,0,1,0,1,18,0,0,6,8,6,13.142857142857142,0,0,6,6,6,12.833333333333334,0,15.5,2.8,-4.06,Graduate,Female,Local
2888,1,17,1,9238,1,1,131.0,1,37,37,9,7,121.9,0,0,0,1,0,1,19,0,0,6,8,6,13.75,0,0,6,7,6,11.857142857142858,0,16.2,0.3,-0.92,Graduate,Female,Local
2889,1,17,4,9670,1,1,126.0,1,38,19,9,6,119.4,1,0,0,1,0,1,18,0,0,6,6,6,14.0,0,0,6,9,5,13.8,0,8.9,1.4,3.51,Graduate,Female,Local
2890,2,39,1,8014,0,12,110.0,1,34,34,0,0,157.8,0,0,0,1,0,0,44,0,5,8,13,8,13.75,0,2,6,9,6,12.5,0,7.6,2.6,0.32,Graduate,Female,Local
2891,1,39,1,9991,0,1,150.0,1,3,1,3,9,154.0,0,0,0,1,0,0,27,0,0,5,5,0,0.0,0,0,5,6,0,0.0,0,12.4,0.5,1.79,Dropout,Female,Local
2892,1,1,2,9670,1,1,131.0,1,1,19,4,7,135.9,1,0,0,1,0,1,18,0,0,6,6,6,13.166666666666666,0,0,6,8,6,12.428571428571429,0,8.9,1.4,3.51,Graduate,Female,Local
2893,2,43,1,8014,0,1,130.0,1,34,34,0,0,130.0,0,0,0,1,0,0,45,0,10,12,12,9,12.444444444444445,3,4,7,8,6,12.0,0,9.4,-0.8,-3.12,Dropout,Female,Local
2894,1,17,4,9853,1,1,122.0,1,38,37,9,9,118.9,1,0,0,1,0,0,20,0,0,6,7,6,12.666666666666666,0,0,6,7,5,13.0,0,7.6,2.6,0.32,Graduate,Female,Local
2895,2,1,1,8014,0,1,151.0,1,37,37,9,9,152.4,0,0,0,1,0,0,40,0,0,6,7,6,11.333333333333334,0,0,6,7,6,10.5,0,10.8,1.4,1.74,Graduate,Female,Local
2896,1,39,1,9991,0,1,120.0,1,37,37,6,6,147.8,0,0,0,1,0,0,40,0,0,5,9,4,11.25,0,0,5,6,5,12.0,0,13.9,-0.3,0.79,Enrolled,Female,Local
2897,1,43,1,9500,1,1,136.0,1,3,3,2,2,100.0,0,0,0,1,0,0,18,0,0,7,8,7,13.6125,0,0,8,8,8,14.575,0,13.9,-0.3,0.79,Graduate,Female,Local
2898,1,18,6,9500,1,1,140.0,1,3,19,3,8,129.0,1,0,0,1,0,0,21,0,0,8,8,7,12.414285714285716,0,0,8,8,7,12.414285714285716,0,12.7,3.7,-1.7,Graduate,Female,Local
2899,1,17,2,171,1,1,131.0,1,2,1,3,3,148.9,1,0,0,1,0,0,20,0,0,0,0,0,0.0,0,0,0,0,0,0.0,0,9.4,-0.8,-3.12,Graduate,Female,Local
2900,2,43,1,9991,0,2,120.0,1,37,37,9,8,120.0,0,0,0,1,0,0,36,0,8,12,21,11,11.5,0,7,12,22,12,11.4375,0,9.4,-0.8,-3.12,Enrolled,Female,Local
2901,2,7,1,8014,0,3,170.0,1,19,19,4,4,170.0,0,0,0,1,0,0,27,0,0,5,5,0,0.0,0,0,6,0,0,0.0,0,9.4,-0.8,-3.12,Dropout,Female,Local
2902,2,39,1,9556,1,1,100.0,6,38,38,9,9,130.0,0,0,0,1,0,0,32,1,0,7,10,7,11.0,0,0,8,8,8,13.125,0,12.7,3.7,-1.7,Graduate,Female,International
2903,1,17,1,9238,1,1,116.0,1,1,1,3,3,119.2,1,0,0,1,0,1,18,0,0,6,6,6,14.0,0,0,6,6,6,13.5,0,8.9,1.4,3.51,Graduate,Female,Local
2904,1,39,1,8014,0,1,133.1,1,37,37,9,7,129.0,0,0,0,1,0,0,37,0,0,6,13,4,12.0,0,0,6,10,3,12.0,0,16.2,0.3,-0.92,Dropout,Female,Local
2905,1,17,1,9773,1,1,136.0,1,3,1,2,3,132.5,1,0,0,1,0,0,19,0,0,6,7,6,12.5,0,0,6,7,6,12.5,0,10.8,1.4,1.74,Graduate,Female,Local
2906,4,39,2,8014,0,1,160.0,1,37,38,7,5,115.0,0,0,0,1,0,1,41,0,0,6,8,6,11.333333333333334,0,0,6,9,6,11.333333333333334,0,10.8,1.4,1.74,Graduate,Female,Local
2907,2,1,4,9500,1,1,140.0,1,1,37,4,9,128.0,0,0,0,1,0,1,18,0,0,7,7,6,14.066666666666668,0,0,7,7,6,14.066666666666668,0,7.6,2.6,0.32,Graduate,Female,Local
2908,1,43,1,9085,1,1,130.0,1,37,37,90,90,125.1,0,0,0,1,0,0,21,0,2,9,14,8,13.555555555555555,0,2,7,10,7,13.571428571428571,0,7.6,2.6,0.32,Graduate,Female,Local
2909,1,44,1,9003,1,1,140.0,1,1,19,3,9,140.0,1,0,1,0,0,0,23,0,0,6,13,5,11.6,0,0,6,11,4,12.25,0,12.4,0.5,1.79,Dropout,Female,Local
2910,1,17,2,9773,1,1,123.0,1,1,1,3,3,120.9,1,0,0,1,0,0,18,0,0,6,0,0,0.0,0,0,6,0,0,0.0,0,13.9,-0.3,0.79,Dropout,Female,Local
2911,1,1,6,9500,1,1,143.0,1,19,19,4,4,135.3,1,0,0,1,0,0,18,0,0,8,8,8,13.27625,0,0,8,8,8,13.27625,0,9.4,-0.8,-3.12,Graduate,Female,Local
2912,1,43,4,9085,1,1,133.1,1,34,34,99,99,125.2,0,0,0,1,0,0,21,0,0,6,0,0,0.0,0,0,6,0,0,0.0,0,7.6,2.6,0.32,Dropout,Female,Local
2913,1,1,2,9238,1,1,136.0,1,22,30,0,8,135.7,1,0,0,1,0,0,19,0,0,6,8,6,14.375,0,0,6,8,6,14.75,0,7.6,2.6,0.32,Graduate,Female,Local
2914,6,39,2,9147,1,1,133.1,1,37,37,9,9,110.0,0,0,0,1,0,0,47,0,0,5,0,0,0.0,0,0,5,0,0,0.0,0,9.4,-0.8,-3.12,Dropout,Female,Local
2915,6,39,1,8014,0,1,133.1,1,37,37,9,9,119.0,0,0,0,1,0,1,48,0,0,6,7,6,10.666666666666666,0,0,6,9,5,11.8,0,10.8,1.4,1.74,Enrolled,Female,Local
2916,2,7,1,8014,0,3,110.0,1,37,37,9,9,110.0,0,0,0,1,0,0,39,0,9,13,19,12,13.416666666666666,0,4,10,10,10,14.5,0,16.2,0.3,-0.92,Graduate,Female,Local
2917,1,1,1,9500,1,1,118.0,1,38,38,7,7,115.2,1,0,0,1,0,0,19,0,0,7,9,6,12.97166666666667,0,0,8,9,7,12.321428571428571,0,11.1,0.6,2.02,Graduate,Female,Local
2918,1,43,1,9991,0,2,110.0,1,37,37,9,9,112.9,0,0,0,1,0,0,38,0,14,15,16,14,10.928571428571429,0,12,14,16,12,11.833333333333334,0,9.4,-0.8,-3.12,Dropout,Female,Local
2919,5,39,1,9003,1,19,133.1,1,19,1,9,9,119.4,0,0,1,0,0,0,27,0,0,6,6,0,0.0,0,0,6,7,0,0.0,0,8.9,1.4,3.51,Dropout,Female,Local
2920,1,1,1,171,1,1,162.0,1,19,19,4,7,152.9,1,0,0,1,0,1,18,0,0,0,0,0,0.0,0,0,0,0,0,0.0,0,12.4,0.5,1.79,Graduate,Female,Local
2921,1,39,1,8014,0,1,155.0,1,19,37,4,5,117.5,0,0,0,1,0,0,34,0,0,6,6,4,13.25,0,0,6,6,0,0.0,0,12.7,3.7,-1.7,Enrolled,Female,Local
2922,2,39,1,9238,1,19,133.1,1,37,37,4,4,98.5,0,0,0,1,0,0,48,0,0,6,14,6,11.333333333333334,0,0,6,11,5,12.4,0,15.5,2.8,-4.06,Dropout,Female,Local
2923,1,39,1,9670,1,1,150.0,1,34,34,0,0,108.0,0,0,0,1,0,0,25,0,0,5,6,1,11.0,0,0,5,5,0,0.0,0,7.6,2.6,0.32,Dropout,Female,Local
2924,2,39,1,9500,1,1,133.1,1,19,37,6,6,120.0,0,0,0,1,0,1,32,0,0,8,9,7,12.757142857142856,0,0,8,9,7,12.757142857142856,0,12.7,3.7,-1.7,Graduate,Female,Local
2925,1,1,1,9773,1,1,154.0,1,37,37,9,7,150.2,0,0,0,1,0,1,18,0,0,6,6,6,14.5,0,0,6,6,6,14.666666666666666,0,16.2,0.3,-0.92,Graduate,Female,Local
2926,1,44,1,8014,0,39,140.0,1,1,3,4,6,139.2,0,0,1,1,0,0,20,0,3,6,6,6,13.833333333333334,0,2,6,7,6,14.571428571428571,0,12.4,0.5,1.79,Graduate,Female,Local
2927,1,1,1,9147,1,1,158.0,1,19,37,9,7,130.0,1,0,0,1,0,0,20,0,0,5,8,4,11.25,0,0,5,7,5,10.4,0,7.6,2.6,0.32,Graduate,Female,Local
2928,1,1,1,171,1,1,122.0,1,37,37,9,3,115.7,1,0,0,1,0,0,20,0,0,0,0,0,0.0,0,0,0,0,0,0.0,0,9.4,-0.8,-3.12,Dropout,Female,Local
2929,1,1,3,9500,1,1,136.0,1,1,1,4,4,127.0,1,0,0,1,0,0,19,0,0,8,10,1,13.67,7,0,8,10,1,13.67,7,9.4,-0.8,-3.12,Enrolled,Female,Local
2930,1,39,1,9991,0,9,133.1,1,37,34,90,90,118.1,1,0,0,1,0,0,39,0,0,5,9,0,0.0,0,0,5,5,2,12.5,0,7.6,2.6,0.32,Dropout,Female,Local
2931,1,1,1,9130,1,1,132.0,1,6,6,0,4,119.1,1,0,1,1,0,0,29,0,0,5,10,1,13.0,4,0,5,14,0,0.0,8,10.8,1.4,1.74,Dropout,Female,Local
2932,1,39,1,9991,0,1,130.0,1,37,37,6,6,111.9,0,0,1,1,0,0,36,0,0,5,5,0,0.0,0,0,5,5,0,0.0,0,12.7,3.7,-1.7,Dropout,Female,Local
2933,1,1,6,9500,1,1,144.0,1,19,19,9,9,130.5,1,0,0,1,0,0,18,0,0,8,12,7,11.971428571428572,0,0,8,12,7,11.971428571428572,0,12.7,3.7,-1.7,Graduate,Female,Local
2934,2,39,1,8014,0,12,133.1,1,34,34,0,0,135.0,0,0,0,1,0,0,51,0,0,6,12,0,0.0,0,1,6,11,0,0.0,1,7.6,2.6,0.32,Dropout,Female,Local
2935,1,43,1,9773,1,1,133.1,22,34,34,90,90,130.0,0,0,1,1,0,0,23,1,0,6,11,1,16.0,0,0,6,8,4,12.25,0,7.6,2.6,0.32,Dropout,Female,International
2936,1,44,1,9085,1,1,150.0,1,29,10,6,6,150.0,1,0,0,1,0,0,21,0,0,6,0,0,0.0,0,0,6,0,0,0.0,0,10.8,1.4,1.74,Dropout,Female,Local
2937,1,43,5,9853,1,1,150.0,1,34,34,0,0,150.2,1,0,0,0,0,0,28,0,0,6,9,4,12.75,1,0,5,5,0,0.0,5,9.4,-0.8,-3.12,Dropout,Female,Local
2938,2,39,1,9991,0,1,110.0,1,37,37,9,3,127.1,0,0,0,1,0,0,34,0,0,5,9,4,11.0,0,0,5,10,4,10.75,1,7.6,2.6,0.32,Enrolled,Female,Local
2939,1,39,1,8014,0,1,100.0,1,37,37,6,5,107.5,0,0,0,1,0,0,41,0,0,2,2,0,0.0,0,0,6,0,0,0.0,0,12.7,3.7,-1.7,Dropout,Female,Local
2940,4,39,1,8014,0,3,100.0,1,37,37,9,9,130.0,0,0,0,1,0,1,43,0,0,6,7,5,12.2,0,0,6,6,6,12.333333333333334,0,9.4,-0.8,-3.12,Graduate,Female,Local
2941,2,39,2,9556,1,1,133.1,105,1,3,9,2,152.8,1,0,0,1,0,0,28,1,0,7,9,7,12.428571428571429,0,0,8,8,8,12.3,0,12.4,0.5,1.79,Enrolled,Female,International
2942,1,1,1,171,1,1,145.0,1,40,1,2,4,160.1,0,0,0,1,0,1,19,0,6,12,12,12,14.5,0,4,11,15,11,13.583333333333334,0,8.9,1.4,3.51,Graduate,Female,Local
2943,1,39,1,9003,1,1,130.0,1,19,19,9,1,140.0,0,0,0,1,0,0,26,0,6,12,13,6,13.0,0,4,12,14,11,13.833333333333334,0,15.5,2.8,-4.06,Graduate,Female,Local
2944,1,1,4,9500,1,1,118.0,1,4,3,2,3,110.7,1,0,0,1,0,0,18,0,0,7,7,7,11.714285714285714,0,0,8,8,8,12.75,0,12.4,0.5,1.79,Graduate,Female,Local
2945,2,39,1,9853,1,1,133.1,1,37,19,9,5,138.3,0,0,0,1,0,0,45,0,0,7,12,4,10.25,0,0,7,10,3,13.0,0,11.1,0.6,2.02,Dropout,Female,Local
2946,1,44,1,9853,1,39,150.0,1,3,37,2,7,150.0,0,0,0,1,0,0,19,0,0,6,0,0,0.0,0,0,6,0,0,0.0,0,12.4,0.5,1.79,Dropout,Female,Local
2947,1,17,6,9670,1,1,113.0,1,4,1,3,10,112.3,0,0,0,1,0,0,20,0,0,6,9,6,12.375,0,0,6,7,6,13.142857142857142,0,11.1,0.6,2.02,Graduate,Female,Local
2948,1,1,6,9853,1,1,136.0,1,1,19,5,5,122.0,0,0,0,1,0,0,18,0,0,6,6,6,12.666666666666666,0,0,6,6,6,12.0,0,7.6,2.6,0.32,Graduate,Female,Local
2949,1,39,1,9085,1,1,140.0,1,3,3,4,2,141.7,1,0,0,1,0,0,27,0,0,6,13,3,10.5,0,0,6,19,1,12.0,0,12.4,0.5,1.79,Dropout,Female,Local
2950,2,1,1,9003,1,1,131.0,1,19,38,5,5,118.4,0,0,0,1,0,0,20,0,0,6,11,6,14.125,0,0,6,10,5,12.6,0,13.9,-0.3,0.79,Graduate,Female,Local
2951,1,1,3,9085,1,1,138.0,1,1,1,4,8,128.7,1,0,0,1,0,0,18,0,0,6,7,6,14.666666666666666,0,0,6,12,6,13.833333333333334,0,8.9,1.4,3.51,Graduate,Female,Local
2952,2,39,2,9670,1,1,100.0,1,37,37,9,9,100.0,0,0,0,1,0,0,35,0,0,5,8,5,11.4,0,0,5,7,3,12.333333333333334,0,9.4,-0.8,-3.12,Enrolled,Female,Local
2953,1,39,1,171,1,1,140.0,1,37,37,9,9,100.8,0,1,0,1,0,0,26,0,0,0,0,0,0.0,0,0,0,0,0,0.0,0,16.2,0.3,-0.92,Dropout,Female,Local
2954,4,39,1,9238,1,1,120.0,1,37,37,9,9,125.5,1,0,0,1,0,1,39,0,0,6,7,6,14.0,0,0,6,7,5,14.8,0,12.7,3.7,-1.7,Graduate,Female,Local
2955,1,1,1,171,1,1,139.0,1,37,37,9,9,124.0,1,0,0,1,0,0,18,0,0,0,0,0,0.0,0,0,0,0,0,0.0,0,7.6,2.6,0.32,Graduate,Female,Local
2956,1,7,1,9500,1,3,130.0,1,37,37,9,5,130.0,0,0,0,1,0,0,36,0,0,7,7,0,0.0,7,0,7,7,0,0.0,7,16.2,0.3,-0.92,Dropout,Female,Local
2957,2,39,1,8014,0,3,110.0,1,37,37,9,9,160.5,0,0,0,1,0,0,38,0,8,11,11,11,12.636363636363637,0,5,8,8,8,11.0,0,13.9,-0.3,0.79,Graduate,Female,Local
2958,2,39,1,9853,1,19,133.1,1,37,19,3,7,100.0,0,0,0,1,0,0,45,0,0,6,11,3,12.333333333333334,0,0,6,13,2,11.0,0,7.6,2.6,0.32,Dropout,Female,Local
2959,5,39,1,9254,1,1,133.1,1,2,2,2,2,103.0,0,0,0,1,0,0,62,0,0,6,7,6,15.0,0,0,6,10,6,12.833333333333334,0,10.8,1.4,1.74,Graduate,Female,Local
2960,1,1,1,9670,1,1,133.1,1,1,1,9,1,103.0,1,0,0,1,0,1,20,0,0,6,8,4,11.75,0,0,6,10,6,12.666666666666666,0,10.8,1.4,1.74,Graduate,Female,Local
2961,1,1,1,9500,1,1,139.0,1,19,37,9,9,131.5,1,0,0,1,0,0,18,0,0,8,8,7,14.13714285714286,0,0,8,8,7,14.13714285714286,0,10.8,1.4,1.74,Graduate,Female,Local
2962,1,18,3,9070,1,1,134.0,1,1,1,3,4,121.4,0,0,0,1,0,0,18,0,0,6,6,2,12.0,0,0,6,6,1,11.0,0,9.4,-0.8,-3.12,Dropout,Female,Local
2963,2,1,1,9991,0,3,160.0,1,1,3,4,9,137.3,0,0,0,1,0,0,23,0,0,5,5,5,10.8,0,0,5,9,4,11.5,0,9.4,-0.8,-3.12,Graduate,Female,Local
2964,1,1,1,9070,1,1,124.0,1,19,19,9,9,138.4,1,0,1,1,0,1,19,0,1,6,8,6,13.285714285714286,1,0,6,8,6,12.5,0,13.9,-0.3,0.79,Dropout,Female,Local
2965,1,17,1,9147,1,1,137.0,1,1,3,7,3,131.1,1,0,1,1,0,1,19,0,0,5,7,5,13.6,0,0,5,5,5,12.6,0,8.9,1.4,3.51,Graduate,Female,Local
2966,1,42,1,9500,1,1,157.0,1,3,3,3,3,100.0,0,0,0,1,0,0,18,0,0,7,8,7,13.55,0,0,8,8,8,14.1875,0,13.9,-0.3,0.79,Graduate,Female,Local
2967,1,17,4,9500,1,1,138.0,1,4,1,2,1,133.0,1,0,0,1,0,0,18,0,0,8,8,0,0.0,5,0,8,8,0,0.0,5,9.4,-0.8,-3.12,Enrolled,Female,Local
2968,1,39,2,8014,0,1,100.0,1,35,37,90,90,100.0,0,0,0,1,0,0,41,0,0,6,10,4,13.5,0,1,6,7,6,11.166666666666666,0,7.6,2.6,0.32,Graduate,Female,Local
2969,1,39,1,9670,1,1,130.0,1,19,3,4,2,159.0,0,0,0,1,0,1,51,0,0,6,8,5,11.6,0,0,6,9,5,14.2,0,12.4,0.5,1.79,Graduate,Female,Local
2970,1,43,2,9238,1,1,133.1,1,19,19,4,5,120.6,1,0,0,1,0,0,24,0,6,10,16,10,12.5,0,2,7,9,4,12.6,0,16.2,0.3,-0.92,Graduate,Female,Local
2971,1,39,1,9991,0,3,120.0,1,19,1,9,5,134.0,0,0,0,1,0,0,25,0,0,5,14,1,11.0,0,0,5,11,2,12.666666666666666,4,16.2,0.3,-0.92,Dropout,Female,Local
2972,1,5,1,9085,1,1,150.0,1,1,1,4,4,139.4,0,0,0,1,0,0,18,0,0,5,9,3,12.0,1,0,5,6,4,13.0,0,7.6,2.6,0.32,Enrolled,Female,Local
2973,1,16,6,9147,1,1,128.0,1,37,37,9,9,116.5,1,0,0,1,0,0,20,0,0,5,8,4,11.6,0,0,5,10,3,12.333333333333334,0,7.6,2.6,0.32,Graduate,Female,Local
2974,1,1,1,171,1,1,124.0,1,1,19,123,103,113.9,1,1,0,1,0,0,19,0,0,0,0,0,0.0,0,0,0,0,0,0.0,0,13.9,-0.3,0.79,Dropout,Female,Local
2975,5,43,1,9991,0,3,130.0,1,3,3,1,1,130.0,0,0,0,1,0,0,41,0,5,10,14,10,14.636363636363637,0,5,10,13,10,14.6,0,16.2,0.3,-0.92,Graduate,Female,Local
2976,1,1,2,9254,1,1,132.0,1,1,19,9,9,129.9,1,0,0,1,0,1,19,0,0,6,8,6,13.0,0,0,6,6,6,12.166666666666666,0,8.9,1.4,3.51,Graduate,Female,Local
2977,1,42,1,9853,1,12,133.1,1,1,3,3,2,133.7,0,0,0,1,0,0,28,0,14,18,23,14,12.785714285714286,2,16,17,18,16,13.875,0,16.2,0.3,-0.92,Dropout,Female,Local
2978,1,1,3,9070,1,1,129.0,1,5,3,5,7,124.8,1,0,0,1,0,0,21,0,0,6,6,6,14.5,0,0,6,7,5,12.0,0,12.4,0.5,1.79,Graduate,Female,Local
2979,1,1,1,9085,1,1,135.0,1,3,2,1,1,133.6,1,0,0,0,0,0,22,0,0,5,12,4,14.6,3,0,5,5,4,12.75,1,9.4,-0.8,-3.12,Dropout,Female,Local
2980,1,17,4,9773,1,1,138.0,1,37,19,5,7,133.5,1,0,0,0,0,0,18,0,0,6,7,6,12.5,0,0,6,6,6,12.166666666666666,0,10.8,1.4,1.74,Graduate,Female,Local
2981,1,1,1,9070,1,1,135.0,1,19,37,9,9,128.0,1,0,0,1,0,1,19,0,0,6,6,6,14.0,0,0,6,8,6,13.125,0,10.8,1.4,1.74,Graduate,Female,Local
2982,1,17,6,9500,1,1,131.0,1,3,19,5,5,127.2,1,0,0,1,0,1,19,0,0,7,7,7,13.801428571428572,0,0,8,8,8,14.575,0,11.1,0.6,2.02,Graduate,Female,Local
2983,1,7,1,9853,1,3,150.0,1,19,19,4,5,150.0,0,0,1,0,0,0,25,0,1,6,7,6,14.428571428571429,0,0,6,7,6,13.666666666666666,0,10.8,1.4,1.74,Graduate,Female,Local
2984,1,42,4,9500,1,6,133.0,1,1,19,2,9,127.8,1,0,0,1,0,1,18,0,0,7,7,6,14.35,0,0,7,7,6,14.35,0,7.6,2.6,0.32,Graduate,Female,Local
2985,1,17,1,9070,1,1,135.0,1,37,19,9,9,125.2,1,0,0,1,0,0,19,0,0,6,6,6,14.333333333333334,0,0,6,6,6,13.5,0,12.7,3.7,-1.7,Graduate,Female,Local
2986,1,43,2,9853,1,1,118.0,1,19,1,5,4,110.0,1,0,0,1,0,0,20,0,0,6,10,4,12.25,0,0,6,8,4,11.5,0,10.8,1.4,1.74,Enrolled,Female,Local
2987,2,39,1,8014,0,19,100.0,1,34,34,0,0,100.0,0,0,0,1,0,0,46,0,0,6,9,6,13.333333333333334,0,0,6,6,6,11.833333333333334,0,7.6,2.6,0.32,Graduate,Female,Local
2988,1,17,1,171,1,1,158.0,1,3,3,3,3,151.4,1,0,0,0,0,0,19,0,6,12,12,12,13.0,0,4,11,14,11,13.25,0,8.9,1.4,3.51,Graduate,Female,Local
2989,1,1,2,9254,1,1,137.0,1,38,19,9,7,125.1,1,0,0,1,0,0,18,0,0,6,10,4,11.75,0,0,6,9,5,11.2,0,7.6,2.6,0.32,Enrolled,Female,Local
2990,1,1,1,9130,1,1,172.0,1,19,19,9,9,163.3,1,0,0,1,0,1,18,0,0,6,8,6,14.5,0,0,6,11,4,13.0,0,13.9,-0.3,0.79,Graduate,Female,Local
2991,1,18,1,9500,1,1,123.0,1,37,37,3,3,118.0,1,0,0,1,0,1,19,0,0,8,8,7,11.82,0,0,8,8,7,11.82,0,10.8,1.4,1.74,Graduate,Female,Local
2992,1,1,2,9773,1,1,144.0,1,3,3,3,2,140.2,1,0,0,1,0,0,20,0,0,6,0,0,0.0,0,0,6,0,0,0.0,0,16.2,0.3,-0.92,Dropout,Female,Local
2993,2,39,1,8014,0,1,140.0,1,37,37,5,6,128.5,0,0,0,1,0,1,38,0,0,6,6,5,12.4,0,0,6,7,6,12.666666666666666,0,9.4,-0.8,-3.12,Graduate,Female,Local
2994,1,17,1,9773,1,1,136.0,1,1,38,9,8,131.5,1,0,0,1,0,0,18,0,0,6,7,6,12.571428571428571,0,0,6,8,6,11.857142857142858,0,13.9,-0.3,0.79,Graduate,Female,Local
2995,1,17,5,9500,1,1,137.0,1,1,1,5,5,132.6,1,0,0,1,0,1,18,0,0,7,7,7,13.857142857142858,0,0,8,8,8,14.9,0,13.9,-0.3,0.79,Graduate,Female,Local
2996,1,17,1,9238,1,1,128.0,1,19,1,0,5,122.1,1,0,0,1,0,0,18,0,0,6,9,5,11.833333333333334,0,0,6,7,5,13.8,0,13.9,-0.3,0.79,Graduate,Female,Local
2997,1,17,1,9147,1,1,120.0,1,3,3,2,2,112.0,0,0,0,1,0,0,20,0,0,5,10,4,11.0,0,0,5,7,4,11.5,0,15.5,2.8,-4.06,Enrolled,Female,Local
2998,1,1,1,9130,1,1,130.0,1,3,19,4,8,133.0,1,0,0,1,0,0,19,0,0,6,6,6,14.666666666666666,0,0,6,8,6,13.666666666666666,0,12.4,0.5,1.79,Graduate,Female,Local
2999,4,39,1,8014,0,1,138.0,1,19,19,90,90,127.0,0,0,0,0,0,0,37,0,0,4,4,0,0.0,0,0,5,10,0,0.0,0,10.8,1.4,1.74,Dropout,Female,Local
3000,1,39,1,9500,1,1,148.0,1,3,19,2,5,130.0,0,0,0,1,0,0,24,0,0,8,12,7,12.714285714285714,0,0,8,12,7,12.714285714285714,0,12.7,3.7,-1.7,Enrolled,Female,Local
3001,1,1,2,9500,1,1,139.0,1,4,1,2,10,136.4,1,0,0,1,0,0,19,0,0,7,9,7,13.422222222222224,0,0,8,11,7,12.18888888888889,0,15.5,2.8,-4.06,Graduate,Female,Local
3002,1,1,3,9773,1,1,136.0,1,3,1,5,3,129.0,1,0,0,1,0,1,19,0,0,6,7,6,14.0,0,0,6,8,5,12.2,0,13.9,-0.3,0.79,Dropout,Female,Local
3003,1,17,3,9556,1,1,126.0,1,19,19,9,4,119.0,1,0,0,1,0,1,19,0,0,7,8,7,12.142857142857142,0,0,8,8,8,13.375,0,16.2,0.3,-0.92,Dropout,Female,Local
3004,1,17,1,9147,1,1,135.0,1,37,38,9,9,128.0,1,0,1,1,0,1,18,0,0,5,5,5,12.8,0,0,5,5,5,13.0,0,11.1,0.6,2.02,Graduate,Female,Local
3005,1,1,4,9500,1,1,122.0,1,19,38,7,7,117.1,1,0,0,1,0,1,18,0,0,7,7,7,14.572857142857142,0,0,8,9,8,14.955555555555556,0,12.4,0.5,1.79,Graduate,Female,Local
3006,1,1,4,9147,1,1,137.0,1,1,19,4,5,136.3,0,0,0,1,0,0,18,0,0,5,9,4,11.25,0,0,5,6,4,11.0,0,8.9,1.4,3.51,Graduate,Female,Local
3007,1,17,5,9147,1,1,127.0,1,1,38,4,5,124.6,1,0,0,1,0,1,19,0,0,5,12,2,10.0,0,0,5,11,4,11.75,0,11.1,0.6,2.02,Enrolled,Female,Local
3008,1,1,1,9130,1,1,137.0,1,40,19,2,9,130.7,1,0,0,1,0,0,18,0,0,6,8,5,14.4,0,0,6,11,4,14.6,0,8.9,1.4,3.51,Dropout,Female,Local
3009,1,1,4,9500,1,1,125.0,1,1,12,3,6,115.2,1,0,0,1,0,0,20,0,0,7,7,7,12.982857142857142,0,0,8,8,8,14.4625,0,12.4,0.5,1.79,Graduate,Female,Local
3010,1,17,1,9085,1,1,141.0,1,3,2,2,3,130.2,1,0,0,1,0,0,20,0,0,6,14,6,15.75,0,0,6,8,6,13.0,0,15.5,2.8,-4.06,Graduate,Female,Local
3011,1,1,1,9085,1,1,132.0,1,2,2,6,6,128.5,0,0,0,1,0,0,18,0,0,6,11,5,12.285714285714286,0,0,6,19,3,14.0,1,12.4,0.5,1.79,Dropout,Female,Local
3012,1,16,1,9500,1,1,133.1,1,37,37,9,9,95.0,1,0,0,1,0,0,20,0,0,7,7,6,13.755,0,0,8,9,7,13.571428571428571,0,12.4,0.5,1.79,Graduate,Female,Local
3013,1,17,1,9670,1,1,132.0,1,1,1,3,3,119.4,1,0,0,1,0,1,18,0,0,6,7,6,13.833333333333334,0,0,6,11,6,13.5,0,8.9,1.4,3.51,Graduate,Female,Local
3014,1,1,6,9500,1,1,142.0,1,1,37,7,7,123.5,1,0,0,1,0,0,19,0,0,7,0,0,0.0,0,0,8,0,0,0.0,0,12.7,3.7,-1.7,Dropout,Female,Local
3015,1,1,4,9500,1,1,136.0,1,38,1,5,6,133.9,1,0,0,1,0,0,18,0,0,7,9,7,14.711111111111112,0,0,8,9,8,14.627777777777778,0,15.5,2.8,-4.06,Graduate,Female,Local
3016,1,53,1,9085,1,42,150.0,1,1,19,4,8,145.2,1,0,0,1,0,0,20,0,7,11,13,11,14.615384615384617,0,4,9,11,9,13.7,0,8.9,1.4,3.51,Graduate,Female,Local
3017,1,1,1,9500,1,1,130.0,1,3,3,1,5,118.8,0,0,0,1,0,0,18,0,0,7,7,7,13.677142857142858,0,0,8,9,8,14.533333333333331,0,11.1,0.6,2.02,Graduate,Female,Local
3018,1,16,2,9085,1,1,136.0,1,37,37,9,9,123.4,1,0,0,1,0,1,19,0,0,5,8,5,13.166666666666666,2,0,5,5,5,12.8,0,9.4,-0.8,-3.12,Graduate,Female,Local
3019,1,17,6,9238,1,1,138.0,1,3,3,1,2,123.0,1,0,0,1,0,0,19,0,0,6,11,5,10.8,0,0,6,12,5,11.333333333333334,0,15.5,2.8,-4.06,Graduate,Female,Local
3020,1,17,1,9130,1,1,131.0,1,19,9,5,3,118.4,0,0,0,1,0,0,19,0,0,5,8,3,12.0,0,0,5,7,5,12.833333333333334,0,7.6,2.6,0.32,Graduate,Female,Local
3021,1,1,1,9500,1,1,147.0,1,3,1,2,3,131.6,0,0,0,1,0,0,18,0,0,7,8,6,13.958333333333334,0,0,8,8,8,14.71875,0,11.1,0.6,2.02,Graduate,Female,Local
3022,1,17,1,9853,1,1,140.0,1,38,19,4,10,122.3,1,0,0,1,0,0,19,0,0,6,9,4,13.0,0,0,6,9,4,12.25,0,12.7,3.7,-1.7,Dropout,Female,Local
3023,1,1,2,171,1,1,152.0,1,38,19,9,9,151.7,1,0,0,1,0,1,24,0,0,0,0,0,0.0,0,0,0,0,0,0.0,0,11.1,0.6,2.02,Graduate,Female,Local
3024,1,1,1,171,1,1,169.0,1,19,37,9,7,176.0,1,0,0,1,0,1,18,0,0,0,0,0,0.0,0,0,0,0,0,0.0,0,12.4,0.5,1.79,Graduate,Female,Local
3025,1,1,6,9500,1,1,149.0,1,1,1,4,9,133.0,1,0,0,1,0,1,18,0,0,8,8,7,14.0,0,0,8,8,7,14.0,0,12.7,3.7,-1.7,Graduate,Female,Local
3026,1,1,4,9773,1,1,137.0,1,3,19,2,3,139.8,1,1,0,1,0,0,18,0,0,6,10,6,12.571428571428571,0,0,6,11,6,12.571428571428571,0,10.8,1.4,1.74,Enrolled,Female,Local
3027,1,1,4,9773,1,1,122.0,1,41,1,4,3,119.6,1,0,0,1,0,0,19,0,0,6,6,4,12.0,0,0,6,11,3,11.333333333333334,0,11.1,0.6,2.02,Dropout,Female,Local
3028,1,39,1,8014,0,1,130.0,1,37,37,9,6,134.0,0,0,0,1,0,1,35,0,2,8,8,8,13.625,0,1,7,7,7,14.0,0,8.9,1.4,3.51,Graduate,Female,Local
3029,1,17,6,9147,1,1,145.0,1,37,37,9,9,132.0,1,0,0,1,0,0,19,0,0,5,7,4,12.5,0,0,5,8,4,10.0,1,7.6,2.6,0.32,Graduate,Female,Local
3030,1,7,1,9853,1,3,130.0,1,37,37,9,9,130.0,0,0,0,1,0,0,28,0,14,15,25,14,12.428571428571429,1,8,14,22,11,11.909090909090908,0,7.6,2.6,0.32,Dropout,Female,Local
3031,1,43,1,9500,1,1,157.0,1,38,3,5,2,141.4,0,0,0,1,0,0,21,0,3,7,8,7,13.3875,0,2,8,8,8,15.9,0,13.9,-0.3,0.79,Graduate,Female,Local
3032,1,18,2,9500,1,1,135.0,1,19,1,5,5,128.9,1,0,0,1,0,1,19,0,0,7,8,6,12.648333333333332,0,0,8,9,8,12.205555555555556,0,11.1,0.6,2.02,Graduate,Female,Local
3033,1,5,2,9238,1,1,123.0,1,40,38,2,9,118.1,1,0,0,1,0,0,19,0,0,6,6,6,14.0,0,0,6,6,6,13.333333333333334,0,8.9,1.4,3.51,Graduate,Female,Local
3034,1,1,1,9085,1,1,139.0,1,3,4,2,2,130.6,0,0,0,1,0,0,18,0,0,5,12,5,12.8,2,0,5,10,5,11.857142857142858,1,9.4,-0.8,-3.12,Graduate,Female,Local
3035,1,1,1,9254,1,1,136.0,1,12,1,4,4,122.0,1,0,0,1,0,0,18,0,0,6,8,6,11.333333333333334,0,0,6,11,6,10.833333333333334,0,7.6,2.6,0.32,Graduate,Female,Local
3036,1,1,2,9500,1,1,135.0,1,3,3,2,2,123.0,1,0,0,0,0,0,19,0,0,7,0,0,0.0,0,0,8,0,0,0.0,0,12.7,3.7,-1.7,Dropout,Female,Local
3037,1,1,1,9670,1,1,126.0,1,1,1,9,10,126.7,1,0,0,1,0,1,20,0,0,6,6,6,14.166666666666666,0,0,6,9,6,13.0,0,8.9,1.4,3.51,Graduate,Female,Local
3038,1,1,1,9773,1,1,122.0,1,38,19,9,9,126.6,1,0,0,1,0,0,18,0,0,6,6,6,12.833333333333334,0,0,6,6,6,13.833333333333334,0,8.9,1.4,3.51,Graduate,Female,Local
3039,1,1,1,9853,1,1,125.0,1,38,38,9,9,125.4,0,0,1,0,0,0,19,0,0,7,11,4,12.0,0,0,7,9,6,11.833333333333334,0,16.2,0.3,-0.92,Dropout,Female,Local
3040,1,1,3,9773,1,1,134.0,1,1,19,9,9,136.1,1,0,0,1,0,1,20,0,0,6,6,6,13.0,0,0,6,7,6,13.142857142857142,0,12.4,0.5,1.79,Dropout,Female,Local
3041,1,17,5,9500,1,1,130.0,1,19,1,9,4,128.8,1,0,0,1,0,0,18,0,0,7,8,6,13.39,0,0,8,10,7,12.757142857142856,0,11.1,0.6,2.02,Enrolled,Female,Local
3042,1,17,4,9670,1,1,110.0,1,1,37,7,7,111.1,1,0,0,0,0,0,18,0,0,6,6,6,12.333333333333334,0,0,6,8,5,13.6,0,8.9,1.4,3.51,Graduate,Female,Local
3043,1,1,1,9070,1,1,131.0,1,3,3,3,3,135.9,0,0,0,1,0,1,21,0,1,6,8,6,12.571428571428571,1,0,6,8,6,11.625,0,13.9,-0.3,0.79,Graduate,Female,Local
3044,1,5,5,9254,1,1,122.0,1,1,37,9,7,119.6,1,0,0,1,0,1,19,0,0,6,6,6,12.333333333333334,0,0,6,6,6,12.833333333333334,0,12.4,0.5,1.79,Graduate,Female,Local
3045,1,17,2,9853,1,1,123.0,1,1,1,3,9,116.7,1,0,0,1,0,0,19,0,0,6,8,5,13.0,0,0,6,8,4,10.75,0,9.4,-0.8,-3.12,Graduate,Female,Local
3046,1,1,1,9085,1,1,146.0,1,1,1,9,7,126.0,0,0,0,1,0,0,19,0,0,5,7,3,12.333333333333334,0,0,5,7,4,10.25,0,7.6,2.6,0.32,Enrolled,Female,Local
3047,1,1,4,9773,1,1,137.0,1,37,37,0,90,134.2,1,0,0,1,0,0,18,0,0,6,6,6,13.166666666666666,0,0,6,8,5,14.2,0,10.8,1.4,1.74,Dropout,Female,Local
3048,1,1,1,9147,1,1,130.0,1,1,19,3,3,123.0,0,0,0,1,0,1,18,0,0,5,7,5,13.333333333333334,0,0,5,6,5,13.6,0,12.7,3.7,-1.7,Graduate,Female,Local
3049,1,1,2,9085,1,1,127.0,1,38,37,5,7,123.9,1,0,0,1,0,0,18,0,0,5,9,4,13.0,0,0,5,8,5,13.142857142857142,0,10.8,1.4,1.74,Graduate,Female,Local
3050,2,39,1,9556,1,1,160.0,1,37,37,9,6,120.0,0,0,0,1,0,0,31,0,0,7,21,5,10.9,3,0,8,21,3,11.7,1,12.7,3.7,-1.7,Dropout,Female,Local
3051,1,42,1,9147,1,1,139.0,1,3,38,2,5,112.3,1,0,0,1,0,0,19,0,0,5,8,2,11.5,0,0,5,10,3,10.857142857142858,0,10.8,1.4,1.74,Enrolled,Female,Local
3052,1,16,1,9085,1,1,138.0,1,37,37,9,9,123.0,1,0,0,1,0,1,20,0,0,6,7,6,15.857142857142858,0,0,6,6,6,16.0,0,13.9,-0.3,0.79,Graduate,Female,Local
3053,1,17,1,9085,1,1,137.0,1,38,19,0,90,122.3,0,0,0,1,0,1,19,0,0,5,5,5,12.6,0,0,5,9,3,13.0,0,7.6,2.6,0.32,Dropout,Female,Local
3054,1,17,1,9238,1,1,127.0,1,38,38,9,6,122.8,0,0,0,1,0,1,19,0,0,6,8,6,14.0,0,0,6,7,6,14.571428571428571,0,16.2,0.3,-0.92,Graduate,Female,Local
3055,5,7,1,9130,1,3,160.0,1,19,38,9,6,160.0,0,0,0,0,0,0,27,0,1,5,8,3,14.666666666666666,2,0,5,7,2,13.0,2,10.8,1.4,1.74,Dropout,Female,Local
3056,1,17,2,9773,1,1,132.0,1,19,19,9,6,120.1,1,0,0,1,0,1,18,0,0,6,6,6,13.666666666666666,0,0,6,6,6,14.0,0,8.9,1.4,3.51,Graduate,Female,Local
3057,1,1,1,8014,0,1,126.0,1,34,34,0,0,142.4,0,0,0,1,0,0,32,0,0,6,0,0,0.0,0,0,6,0,0,0.0,0,7.6,2.6,0.32,Dropout,Female,Local
3058,1,1,4,9500,1,1,133.0,1,38,19,8,7,127.3,1,0,0,1,0,0,18,0,0,8,8,7,12.628571428571428,0,0,8,8,7,12.628571428571428,0,12.7,3.7,-1.7,Graduate,Female,Local
3059,1,1,3,9500,1,1,140.0,1,19,37,9,9,125.5,1,0,0,1,0,1,19,0,0,8,8,7,14.232857142857142,0,0,8,8,7,14.232857142857142,0,10.8,1.4,1.74,Graduate,Female,Local
3060,1,1,2,9773,1,1,130.0,1,19,19,5,6,137.4,0,0,0,1,0,0,19,0,0,6,6,6,15.0,0,0,6,7,6,14.0,0,15.5,2.8,-4.06,Enrolled,Female,Local
3061,1,17,2,9254,1,1,129.0,1,12,37,9,9,122.0,1,0,0,1,0,0,18,0,0,6,15,2,10.0,0,0,6,12,0,0.0,0,10.8,1.4,1.74,Dropout,Female,Local
3062,1,17,3,9670,1,1,110.0,1,19,1,4,4,107.5,1,0,0,1,0,1,18,0,0,6,11,4,12.25,0,0,6,10,4,11.0,0,12.7,3.7,-1.7,Dropout,Female,Local
3063,1,39,1,9773,1,19,133.1,1,19,19,171,163,104.0,0,0,1,0,0,1,24,0,0,6,6,6,13.5,0,0,6,6,6,13.0,0,11.1,0.6,2.02,Graduate,Female,Local
3064,1,17,2,9238,1,1,132.0,1,38,1,7,7,133.1,1,0,0,1,0,1,19,0,0,6,8,5,12.2,0,0,6,7,6,11.5,0,9.4,-0.8,-3.12,Graduate,Female,Local
3065,1,17,2,9254,1,1,115.0,1,19,19,9,7,113.3,1,0,1,1,0,0,21,0,0,6,0,0,0.0,0,0,6,0,0,0.0,0,11.1,0.6,2.02,Dropout,Female,Local
3066,1,44,1,9070,1,39,130.0,1,1,1,4,10,130.0,1,0,0,1,0,0,19,0,2,7,11,6,12.0,0,5,9,9,8,12.75,0,16.2,0.3,-0.92,Graduate,Female,Local
3067,1,1,3,9500,1,1,140.0,6,2,3,5,2,124.3,1,0,0,1,0,0,19,1,0,7,9,5,12.32,0,0,7,9,5,11.9,0,12.4,0.5,1.79,Enrolled,Female,International
3068,1,39,1,9556,1,1,140.0,1,37,37,9,8,105.0,1,0,0,1,0,1,36,0,0,7,11,6,12.35,0,0,7,12,5,12.5,0,8.9,1.4,3.51,Graduate,Female,Local
3069,1,39,1,9085,1,12,133.1,1,37,37,10,9,144.0,0,0,0,1,1,0,51,0,0,6,0,0,0.0,0,0,6,0,0,0.0,0,12.4,0.5,1.79,Dropout,Male,Local
3070,1,1,3,9670,1,1,121.0,1,1,19,5,5,111.9,1,0,0,1,1,1,20,0,0,6,7,6,11.333333333333334,0,0,6,10,4,10.571428571428571,0,10.8,1.4,1.74,Enrolled,Male,Local
3071,1,39,1,8014,0,38,133.1,1,1,1,4,4,107.5,0,0,1,0,1,0,29,0,0,6,6,0,0.0,0,0,5,5,0,0.0,0,8.9,1.4,3.51,Dropout,Male,Local
3072,1,44,1,9238,1,39,130.0,1,1,19,4,5,127.4,0,0,1,0,1,0,27,0,3,6,8,5,11.6,0,2,6,9,5,12.0,0,13.9,-0.3,0.79,Dropout,Male,Local
3073,1,39,1,9119,1,1,130.0,1,19,37,9,4,149.0,1,0,0,1,1,0,33,0,0,5,10,4,12.0,0,0,5,8,3,13.666666666666666,1,7.6,2.6,0.32,Enrolled,Male,Local
3074,2,2,1,9147,1,2,120.0,1,37,37,9,9,120.0,0,0,0,0,1,0,57,0,12,15,17,12,11.75,0,9,14,16,9,12.22222222222222,0,9.4,-0.8,-3.12,Dropout,Male,Local
3075,1,1,1,9670,1,1,132.0,1,4,2,123,112,143.6,1,0,0,1,1,0,20,0,0,6,8,5,12.8,0,0,6,10,5,11.6,0,13.9,-0.3,0.79,Enrolled,Male,Local
3076,1,39,1,9670,1,1,100.0,1,1,1,4,4,120.0,0,0,0,1,1,0,26,0,0,5,7,3,11.333333333333334,0,0,5,7,3,13.666666666666666,0,9.4,-0.8,-3.12,Dropout,Male,Local
3077,1,43,1,9119,1,1,130.0,1,1,1,9,2,128.0,0,0,1,0,1,0,27,0,0,5,5,0,0.0,0,0,5,7,0,0.0,0,13.9,-0.3,0.79,Enrolled,Male,Local
3078,1,1,1,9670,1,1,129.0,1,1,37,4,9,118.2,0,0,0,1,1,0,19,0,0,5,5,5,10.8,0,0,5,5,4,12.25,0,9.4,-0.8,-3.12,Graduate,Male,Local
3079,1,44,1,9085,1,39,160.0,1,12,38,4,8,160.0,1,0,0,1,1,0,23,0,1,6,10,5,12.5,0,1,6,8,2,13.5,0,12.4,0.5,1.79,Dropout,Male,Local
3080,1,39,1,9991,0,1,120.0,1,19,38,5,5,152.4,0,0,0,1,1,0,27,0,0,5,5,5,15.2,0,0,5,6,5,14.166666666666666,0,10.8,1.4,1.74,Graduate,Male,Local
3081,1,1,6,9500,1,1,122.0,1,19,37,3,5,116.6,1,0,1,1,1,1,20,0,0,7,7,7,13.314285714285717,0,0,8,8,8,12.575,0,12.4,0.5,1.79,Graduate,Male,Local
3082,1,18,1,9070,1,1,143.0,1,38,38,7,5,141.6,0,0,0,1,0,1,19,0,6,12,12,11,13.090909090909092,0,5,11,12,11,12.083333333333334,0,10.8,1.4,1.74,Graduate,Female,Local
3083,1,1,1,9130,1,1,110.0,1,3,19,2,9,105.5,1,0,1,0,0,0,19,0,0,6,0,0,0.0,0,0,6,0,0,0.0,0,11.1,0.6,2.02,Dropout,Female,Local
3084,1,1,1,9070,1,1,124.0,1,37,19,9,3,116.3,1,0,0,1,0,0,20,0,0,6,8,5,12.2,0,0,6,6,6,11.5,0,16.2,0.3,-0.92,Graduate,Female,Local
3085,2,7,1,9147,1,3,110.0,1,19,1,9,9,110.0,0,0,0,1,0,0,33,0,5,8,10,6,12.833333333333334,0,2,5,8,4,12.0,0,11.1,0.6,2.02,Enrolled,Female,Local
3086,1,43,1,9991,0,1,130.0,1,37,37,9,9,119.5,1,0,0,1,0,0,22,0,9,15,17,15,11.2,0,9,14,15,14,12.428571428571429,0,7.6,2.6,0.32,Graduate,Female,Local
3087,1,1,6,9147,1,1,139.0,1,19,12,4,4,125.0,1,0,0,1,0,0,18,0,0,5,8,3,12.333333333333334,0,0,5,7,4,12.0,0,7.6,2.6,0.32,Graduate,Female,Local
3088,5,39,1,9500,1,3,140.0,1,37,38,9,9,160.0,0,0,0,1,0,0,27,0,0,8,8,7,15.94285714285714,0,0,8,8,7,15.94285714285714,0,12.7,3.7,-1.7,Graduate,Female,Local
3089,1,39,1,9991,0,1,150.0,1,37,37,9,7,150.0,0,0,0,1,0,0,27,0,0,5,0,0,0.0,0,0,5,0,0,0.0,0,15.5,2.8,-4.06,Dropout,Female,Local
3090,1,1,1,9238,1,1,123.0,1,37,37,9,9,115.0,1,0,0,1,0,0,19,0,0,6,10,4,10.25,0,0,6,8,6,10.714285714285714,0,11.1,0.6,2.02,Graduate,Female,Local
3091,1,17,1,9853,1,1,128.0,1,38,38,9,7,128.4,1,0,0,1,0,1,20,0,0,6,10,5,13.2,0,0,6,12,5,12.833333333333334,0,9.4,-0.8,-3.12,Enrolled,Female,Local
3092,1,1,1,8014,0,1,100.0,1,38,19,6,10,112.8,0,0,0,1,0,1,23,0,0,6,6,6,14.166666666666666,0,0,6,6,6,12.5,0,12.7,3.7,-1.7,Graduate,Female,Local
3093,1,43,1,9500,1,1,148.0,1,29,38,90,3,131.0,1,0,0,1,0,1,22,0,18,23,23,20,14.575,3,18,23,23,20,14.575,3,7.6,2.6,0.32,Graduate,Female,Local
3094,1,17,2,9254,1,1,130.0,1,19,19,7,7,121.6,1,0,0,1,0,1,18,0,0,6,9,1,10.0,1,0,6,6,0,0.0,0,12.7,3.7,-1.7,Dropout,Female,Local
3095,1,1,4,9238,1,1,118.0,1,19,38,9,9,110.0,0,0,0,1,0,1,18,0,0,6,7,6,12.285714285714286,0,0,6,8,6,11.428571428571429,0,12.4,0.5,1.79,Graduate,Female,Local
3096,1,39,1,8014,0,1,120.0,1,38,38,9,9,148.5,0,0,0,1,0,1,31,0,0,6,6,6,14.0,0,0,6,6,6,12.333333333333334,0,10.8,1.4,1.74,Graduate,Female,Local
3097,1,17,4,9773,1,1,119.0,1,38,19,9,9,118.3,0,0,0,1,0,0,19,0,0,6,8,4,11.25,0,0,6,0,0,0.0,0,15.5,2.8,-4.06,Dropout,Female,Local
3098,1,1,1,9238,1,1,138.0,1,37,37,9,9,135.9,1,0,0,1,0,0,19,0,0,6,11,5,11.6,0,0,6,11,6,11.666666666666666,0,7.6,2.6,0.32,Enrolled,Female,Local
3099,1,17,1,8014,0,1,127.0,1,19,37,4,7,115.8,0,0,0,1,0,0,24,0,0,6,12,1,12.0,0,0,6,12,0,0.0,0,10.8,1.4,1.74,Dropout,Female,Local
3100,1,1,1,9500,1,1,134.0,1,38,19,3,10,121.2,0,0,0,1,0,0,19,0,0,7,10,7,13.47,0,0,8,8,8,13.32625,0,15.5,2.8,-4.06,Graduate,Female,Local
3101,1,17,4,9147,1,1,133.0,1,1,1,4,5,136.2,1,0,0,1,0,0,19,0,0,5,6,5,12.4,0,0,5,5,5,12.8,0,7.6,2.6,0.32,Graduate,Female,Local
3102,1,39,1,9670,1,1,133.1,1,37,37,9,9,100.2,1,0,0,0,0,0,26,0,0,6,9,3,11.75,0,0,6,11,4,11.5,3,16.2,0.3,-0.92,Dropout,Female,Local
3103,1,1,1,171,1,1,180.0,41,37,37,9,9,152.7,1,0,1,0,1,0,27,1,0,0,0,0,0.0,0,0,0,0,0,0.0,0,7.6,2.6,0.32,Dropout,Male,International
3104,1,17,4,9238,1,1,129.0,1,19,19,4,7,123.1,1,0,0,1,0,0,19,0,0,6,7,6,12.0,0,0,6,7,6,12.428571428571429,0,11.1,0.6,2.02,Graduate,Female,Local
3105,2,39,1,9085,1,1,120.0,1,19,19,1,4,130.0,0,0,0,1,0,0,29,0,0,5,8,5,15.333333333333334,2,0,5,6,5,15.4,0,9.4,-0.8,-3.12,Dropout,Female,Local
3106,1,1,6,9500,1,1,141.0,1,1,38,4,5,125.0,1,0,0,1,0,1,18,0,0,8,8,8,12.32,0,0,8,8,8,12.32,0,9.4,-0.8,-3.12,Graduate,Female,Local
3107,1,1,1,9500,1,1,118.0,1,1,19,9,10,113.1,1,0,0,1,0,0,19,0,0,7,7,7,13.79857142857143,0,0,8,8,8,14.75625,0,11.1,0.6,2.02,Graduate,Female,Local
3108,1,1,5,9773,1,1,127.0,1,38,1,4,5,121.1,1,0,0,1,0,0,18,0,0,6,6,6,13.166666666666666,0,0,6,6,6,12.5,0,15.5,2.8,-4.06,Enrolled,Female,Local
3109,1,1,1,9147,1,1,177.0,1,1,38,3,9,162.3,0,0,0,1,0,1,18,0,0,5,6,5,16.333333333333332,0,0,5,5,5,15.4,0,15.5,2.8,-4.06,Graduate,Female,Local
3110,1,42,1,171,1,1,132.0,1,1,1,1,4,132.0,1,0,0,1,0,0,19,0,0,0,0,0,0.0,0,0,0,0,0,0.0,0,12.7,3.7,-1.7,Dropout,Female,Local
3111,1,17,4,9500,1,1,133.0,1,4,4,4,4,130.7,1,0,0,1,0,0,19,0,0,7,7,7,14.757142857142856,0,0,8,9,8,15.366666666666667,0,12.4,0.5,1.79,Graduate,Female,Local
3112,1,17,4,9254,1,1,124.0,1,1,1,4,4,122.3,1,0,0,1,0,0,19,0,0,6,7,6,11.666666666666666,0,0,6,6,6,12.333333333333334,0,13.9,-0.3,0.79,Dropout,Female,Local
3113,1,1,1,9670,1,1,143.0,1,3,38,2,9,144.1,1,0,0,1,0,0,19,0,0,6,7,5,12.6,0,0,6,10,5,12.375,0,10.8,1.4,1.74,Enrolled,Female,Local
3114,1,1,1,9773,1,1,128.0,1,1,19,9,7,118.2,0,0,0,1,0,0,19,0,0,6,6,6,11.666666666666666,0,0,6,6,6,11.5,0,12.7,3.7,-1.7,Graduate,Female,Local
3115,1,1,1,9238,1,1,138.0,1,19,38,5,8,133.5,0,0,0,1,0,1,19,0,0,6,6,6,15.0,0,0,6,6,6,13.333333333333334,0,8.9,1.4,3.51,Graduate,Female,Local
3116,1,1,5,9500,1,1,144.0,1,37,37,7,9,126.8,1,0,1,0,0,0,18,0,0,7,0,0,0.0,0,0,8,0,0,0.0,0,9.4,-0.8,-3.12,Dropout,Female,Local
3117,1,1,4,9773,1,1,122.0,1,19,19,9,7,121.0,1,0,0,1,0,0,20,0,0,6,7,6,13.571428571428571,0,0,6,6,6,13.333333333333334,0,13.9,-0.3,0.79,Graduate,Female,Local
3118,1,17,1,9254,1,1,111.0,1,19,19,3,10,117.7,0,0,0,1,0,0,20,0,0,6,8,5,10.8,0,0,6,9,4,11.5,0,9.4,-0.8,-3.12,Graduate,Female,Local
3119,1,1,1,9085,1,1,133.1,1,38,37,1,1,115.0,1,0,0,1,0,0,21,0,0,5,8,3,11.333333333333334,1,0,5,8,3,13.333333333333334,0,12.7,3.7,-1.7,Enrolled,Female,Local
3120,2,1,1,9991,0,2,120.0,1,37,37,6,3,129.2,0,0,0,1,0,0,31,0,4,10,16,5,11.4,0,4,10,10,6,12.833333333333334,0,9.4,-0.8,-3.12,Dropout,Female,Local
3121,1,1,1,9556,1,1,135.0,1,37,38,7,9,125.8,0,0,0,1,0,1,20,0,0,7,14,7,10.642857142857142,0,0,8,8,8,11.55,0,12.7,3.7,-1.7,Graduate,Female,Local
3122,1,17,5,9670,1,1,125.0,1,19,30,7,7,118.4,1,0,0,1,0,1,19,0,0,5,8,3,10.5,0,0,5,6,4,11.75,1,7.6,2.6,0.32,Enrolled,Female,Local
3123,1,1,1,9500,1,1,147.0,1,38,38,9,9,142.0,1,0,0,1,0,0,18,0,0,7,7,6,14.65,0,0,7,7,6,14.65,0,7.6,2.6,0.32,Graduate,Female,Local
3124,1,17,3,9500,1,1,137.0,1,19,37,7,7,126.7,1,0,0,1,0,1,19,0,0,7,7,7,13.714285714285714,0,0,8,11,8,14.863636363636363,0,16.2,0.3,-0.92,Graduate,Female,Local
3125,1,43,1,9238,1,1,117.0,1,34,34,0,0,109.3,0,0,0,1,0,0,30,0,9,16,19,15,12.266666666666667,0,11,13,14,13,12.071428571428571,0,9.4,-0.8,-3.12,Graduate,Female,Local
3126,1,17,1,9238,1,1,126.0,1,37,19,9,8,116.9,1,0,0,1,0,0,21,0,0,6,11,6,10.375,0,0,6,12,3,11.666666666666666,0,12.7,3.7,-1.7,Enrolled,Female,Local
3127,1,18,1,9147,1,1,128.0,1,19,19,9,5,121.7,1,0,0,1,0,0,19,0,0,5,8,5,11.0,0,0,5,6,5,15.4,0,12.4,0.5,1.79,Graduate,Female,Local
3128,1,1,6,9147,1,1,115.0,1,1,37,4,9,117.1,1,0,1,1,0,0,22,0,0,5,5,5,13.8,0,0,5,5,5,13.0,0,7.6,2.6,0.32,Graduate,Female,Local
3129,1,1,1,9773,1,1,121.0,1,1,38,4,9,114.4,0,0,0,1,0,1,18,0,0,6,6,6,12.666666666666666,0,0,6,6,6,12.833333333333334,0,11.1,0.6,2.02,Graduate,Female,Local
3130,1,17,1,9238,1,1,134.0,1,3,1,3,4,133.0,1,0,0,1,0,0,18,0,0,6,8,6,11.75,0,0,6,10,5,12.0,0,12.7,3.7,-1.7,Graduate,Female,Local
3131,1,1,3,9500,1,1,126.0,1,38,38,9,8,118.8,1,0,0,1,0,1,19,0,0,8,8,7,12.785714285714286,0,0,8,8,7,12.785714285714286,0,12.7,3.7,-1.7,Graduate,Female,Local
3132,1,1,1,9130,1,1,151.0,1,3,1,2,4,151.0,1,0,0,1,0,0,18,0,0,6,11,6,14.444444444444445,0,0,6,6,6,13.333333333333334,0,16.2,0.3,-0.92,Graduate,Female,Local
3133,1,1,6,9500,1,1,122.0,1,1,1,4,4,119.6,1,0,0,1,0,0,21,0,0,7,8,6,13.25,0,0,8,8,8,13.8375,0,13.9,-0.3,0.79,Enrolled,Female,Local
3134,1,17,1,9500,1,1,141.0,1,2,38,2,10,135.4,1,0,0,1,0,0,18,0,0,7,9,7,12.50625,0,0,8,15,5,13.2,0,13.9,-0.3,0.79,Enrolled,Female,Local
3135,1,1,1,171,1,1,138.0,1,1,40,4,3,149.9,1,0,0,1,0,0,20,0,0,0,0,0,0.0,0,0,0,0,0,0.0,0,11.1,0.6,2.02,Graduate,Female,Local
3136,1,1,1,9085,1,1,133.0,1,38,37,9,7,120.1,1,0,0,1,0,0,18,0,0,5,8,4,12.75,1,0,5,10,4,11.75,0,12.7,3.7,-1.7,Graduate,Female,Local
3137,1,39,1,9085,1,3,150.0,1,2,3,4,7,173.3,1,0,0,1,0,0,25,0,1,6,7,6,16.857142857142858,0,1,6,6,6,16.5,0,13.9,-0.3,0.79,Graduate,Female,Local
3138,1,1,1,9773,1,1,136.0,1,19,19,4,3,126.2,0,0,0,1,0,0,19,0,0,6,6,6,13.166666666666666,0,0,6,6,6,15.0,0,16.2,0.3,-0.92,Graduate,Female,Local
3139,1,1,1,9853,1,1,129.0,1,19,38,2,7,126.9,1,0,0,1,0,1,19,0,0,6,9,5,12.2,0,0,6,10,4,11.5,0,7.6,2.6,0.32,Enrolled,Female,Local
3140,1,39,1,9085,1,1,128.0,1,19,1,9,10,157.4,1,0,0,1,0,0,26,0,0,6,7,6,16.5,0,0,6,8,6,14.285714285714286,0,8.9,1.4,3.51,Graduate,Female,Local
3141,1,17,2,9147,1,1,131.0,1,1,19,4,5,120.2,1,0,0,1,0,0,21,0,0,5,10,4,11.75,0,0,5,6,5,11.6,0,12.4,0.5,1.79,Graduate,Female,Local
3142,1,1,1,9147,1,1,130.0,1,38,38,2,9,124.8,0,0,0,1,0,0,19,0,0,5,14,1,11.0,0,0,5,6,0,0.0,0,13.9,-0.3,0.79,Dropout,Female,Local
3143,1,17,1,9500,1,1,150.0,1,37,37,9,9,130.3,0,0,0,1,0,1,19,0,0,8,8,7,15.114285714285714,0,0,8,8,7,15.114285714285714,0,12.7,3.7,-1.7,Graduate,Female,Local
3144,1,1,1,9238,1,1,165.0,1,37,38,9,8,152.4,1,0,0,1,0,1,18,0,0,6,8,6,15.5,0,0,6,7,6,14.285714285714286,0,16.2,0.3,-0.92,Graduate,Female,Local
3145,2,43,1,9991,0,1,133.1,1,37,37,9,7,113.5,0,0,0,1,0,1,32,0,3,10,12,7,11.142857142857142,0,4,10,10,8,12.0,0,10.8,1.4,1.74,Graduate,Female,Local
3146,1,1,1,9238,1,1,126.0,1,3,1,5,5,125.7,0,0,0,1,0,1,18,0,0,6,6,6,11.333333333333334,0,0,6,8,6,11.333333333333334,0,15.5,2.8,-4.06,Graduate,Female,Local
3147,1,1,5,9500,1,1,101.0,1,1,1,3,4,102.4,0,0,0,1,0,0,20,0,0,7,9,5,12.04,0,0,7,9,6,11.77142857142857,0,12.4,0.5,1.79,Enrolled,Female,Local
3148,1,17,3,9147,1,1,125.0,1,38,19,7,7,125.7,0,0,0,1,0,0,20,0,0,5,7,5,11.166666666666666,0,0,5,9,4,10.75,0,15.5,2.8,-4.06,Enrolled,Female,Local
3149,4,39,1,9670,1,1,100.0,1,37,37,4,10,120.0,0,0,1,1,0,1,39,0,0,5,6,5,10.6,0,0,5,7,4,10.75,0,9.4,-0.8,-3.12,Graduate,Female,Local
3150,1,1,1,9130,1,1,117.0,1,1,1,9,9,109.3,1,0,0,1,0,0,20,0,0,5,10,4,12.5,0,0,5,12,2,13.0,0,12.7,3.7,-1.7,Enrolled,Female,Local
3151,1,1,1,171,1,1,159.0,1,3,1,4,4,162.2,1,0,1,0,0,0,18,0,0,0,0,0,0.0,0,0,0,0,0,0.0,0,12.4,0.5,1.79,Dropout,Female,Local
3152,1,17,1,9773,1,1,177.0,1,2,1,123,135,155.7,0,0,1,1,0,1,18,0,0,6,6,6,15.666666666666666,0,0,6,6,6,13.833333333333334,0,8.9,1.4,3.51,Graduate,Female,Local
3153,1,1,1,171,1,1,156.0,1,3,3,2,2,147.7,1,0,0,1,0,0,21,0,6,12,12,12,15.333333333333334,0,4,11,15,11,15.0,0,8.9,1.4,3.51,Graduate,Female,Local
3154,1,1,5,9500,1,1,125.0,1,1,1,3,8,115.6,1,0,0,1,0,0,18,0,0,7,9,6,12.183333333333332,0,0,7,9,6,11.783333333333331,0,16.2,0.3,-0.92,Enrolled,Female,Local
3155,1,1,2,9147,1,1,130.0,1,37,37,9,9,117.8,0,0,0,1,0,0,18,0,0,5,8,2,10.0,0,0,5,9,3,11.333333333333334,0,7.6,2.6,0.32,Enrolled,Female,Local
3156,1,43,1,9003,1,1,125.0,1,1,38,4,7,125.0,1,0,0,1,0,0,21,0,9,14,23,9,12.0,2,6,12,21,8,11.25,0,15.5,2.8,-4.06,Graduate,Female,Local
3157,1,1,1,9147,1,1,127.0,1,19,19,5,5,129.8,1,0,0,1,0,0,22,0,0,5,8,3,10.333333333333334,0,0,5,11,2,10.0,0,7.6,2.6,0.32,Dropout,Female,Local
3158,1,17,1,9254,1,1,121.0,1,1,1,4,4,123.1,1,0,0,1,1,0,21,0,0,6,11,6,11.166666666666666,0,0,6,14,3,14.666666666666666,0,7.6,2.6,0.32,Enrolled,Male,Local
3159,1,43,1,9070,1,1,135.0,1,19,19,9,9,122.8,1,0,0,1,1,1,20,0,0,6,8,3,11.0,0,0,6,8,2,11.333333333333334,0,10.8,1.4,1.74,Enrolled,Male,Local
3160,1,1,2,171,1,1,125.0,1,38,19,9,9,117.3,1,0,0,1,1,1,21,0,0,0,0,0,0.0,0,0,0,0,0,0.0,0,10.8,1.4,1.74,Graduate,Male,Local
3161,1,1,1,9254,1,1,138.0,41,1,1,9,9,126.5,1,0,0,1,0,1,20,1,0,6,7,6,12.857142857142858,0,0,6,8,5,11.8,0,8.9,1.4,3.51,Graduate,Female,International
3162,1,1,4,9500,1,1,136.0,1,19,38,9,9,123.0,1,0,0,1,0,0,19,0,0,8,8,7,14.328571428571427,0,0,8,8,7,14.328571428571427,0,10.8,1.4,1.74,Graduate,Female,Local
3163,1,1,1,9238,1,1,142.0,1,1,38,5,7,127.7,0,0,0,1,0,1,20,0,0,6,7,6,15.0,0,0,6,6,6,16.333333333333332,0,13.9,-0.3,0.79,Graduate,Female,Local
3164,1,1,1,9085,1,1,129.0,1,19,37,9,9,117.5,1,0,0,1,0,0,19,0,0,5,9,5,13.6,1,0,5,5,5,12.4,0,12.7,3.7,-1.7,Graduate,Female,Local
3165,1,1,1,9085,1,1,134.0,1,1,1,2,7,128.4,1,0,0,1,0,1,18,0,0,5,12,5,12.857142857142858,2,0,5,8,4,13.25,0,9.4,-0.8,-3.12,Graduate,Female,Local
3166,1,17,2,9853,1,1,123.0,1,3,1,2,3,124.1,1,0,0,1,0,0,18,0,0,6,7,2,14.5,0,0,6,6,1,10.0,0,15.5,2.8,-4.06,Dropout,Female,Local
3167,1,39,1,9991,0,1,150.0,1,19,38,9,8,140.9,0,1,0,1,0,0,24,0,0,5,7,3,10.666666666666666,0,0,5,7,3,10.5,0,10.8,1.4,1.74,Dropout,Female,Local
3168,1,1,1,9254,1,1,129.0,1,1,1,4,2,126.2,0,0,1,0,0,1,21,0,0,6,7,6,13.428571428571429,0,0,6,8,6,11.333333333333334,0,8.9,1.4,3.51,Dropout,Female,Local
3169,1,1,3,9500,1,1,134.0,1,1,37,8,7,120.5,1,0,0,1,1,1,18,0,0,7,12,7,11.716666666666663,0,0,8,13,4,10.868,0,15.5,2.8,-4.06,Graduate,Male,Local
3170,1,17,1,9147,1,1,127.0,1,1,37,4,8,121.1,1,0,0,1,1,1,20,0,0,5,11,4,12.0,0,0,5,5,5,12.8,0,11.1,0.6,2.02,Graduate,Male,Local
3171,1,18,2,9853,1,1,123.0,1,1,3,9,2,123.7,1,0,1,0,0,0,20,0,0,6,11,5,13.2,0,0,6,8,4,10.75,0,10.8,1.4,1.74,Dropout,Female,Local
3172,1,17,3,9254,1,1,127.0,1,12,38,5,7,116.9,1,0,1,1,0,0,18,0,0,6,7,5,12.2,0,0,6,10,4,12.25,0,12.4,0.5,1.79,Dropout,Female,Local
3173,1,39,1,9556,1,1,133.1,1,38,19,9,6,100.0,1,0,0,1,0,1,25,0,0,7,11,5,12.58,0,0,7,9,6,12.157142857142857,0,8.9,1.4,3.51,Graduate,Female,Local
3174,1,17,5,9238,1,1,131.0,1,19,37,5,7,120.2,1,0,0,1,0,1,19,0,0,6,9,5,11.333333333333334,0,0,6,6,6,10.833333333333334,0,13.9,-0.3,0.79,Enrolled,Female,Local
3175,2,39,1,33,1,1,120.0,1,38,1,9,5,153.8,0,0,1,1,1,0,35,0,0,7,9,0,0.0,0,0,7,8,0,0.0,0,11.1,0.6,2.02,Dropout,Male,Local
3176,1,1,4,9500,1,1,133.0,1,19,19,9,5,120.1,1,0,0,1,0,1,19,0,0,7,9,6,12.428571428571429,0,0,8,8,8,14.0,0,13.9,-0.3,0.79,Graduate,Female,Local
3177,1,1,1,9670,1,1,133.0,1,38,38,9,9,128.1,1,0,0,1,1,1,18,0,0,6,6,6,13.0,0,0,6,6,6,13.0,0,13.9,-0.3,0.79,Dropout,Male,Local
3178,1,1,1,9500,1,1,143.0,1,3,19,3,10,126.8,0,0,0,1,1,0,19,0,0,8,8,7,14.535714285714286,0,0,8,8,7,14.535714285714286,0,10.8,1.4,1.74,Graduate,Male,Local
3179,1,43,1,9500,1,1,140.0,1,19,38,9,7,125.7,1,0,0,1,1,1,19,0,0,7,8,5,11.2,0,0,7,8,5,11.2,0,7.6,2.6,0.32,Enrolled,Male,Local
3180,1,17,1,9070,1,1,157.0,1,3,3,3,3,146.2,0,0,0,1,1,0,18,0,0,6,6,6,16.0,0,0,6,6,6,13.666666666666666,0,12.4,0.5,1.79,Graduate,Male,Local
3181,1,39,1,9130,1,19,133.1,1,19,3,9,2,140.0,1,0,1,1,1,0,24,0,0,6,13,5,13.142857142857142,0,0,6,15,3,12.666666666666666,0,16.2,0.3,-0.92,Dropout,Male,Local
3182,1,43,1,8014,0,1,145.0,6,34,34,0,0,134.5,1,0,0,1,1,0,25,1,8,14,23,11,11.6875,0,6,10,20,8,11.142857142857142,0,9.4,-0.8,-3.12,Graduate,Male,International
3183,1,39,1,9119,1,1,130.0,1,37,3,9,3,137.0,1,0,0,1,1,0,28,0,0,5,11,4,10.5,0,0,5,12,4,11.0,4,7.6,2.6,0.32,Enrolled,Male,Local
3184,1,1,1,9085,1,1,111.0,1,1,38,5,9,107.5,0,0,0,1,1,1,19,0,0,6,9,6,13.833333333333334,0,0,6,12,5,13.666666666666666,0,11.1,0.6,2.02,Graduate,Male,Local
3185,1,17,2,9119,1,1,116.0,1,19,1,9,7,112.2,0,0,0,1,1,0,19,0,0,5,0,0,0.0,0,0,5,0,0,0.0,0,16.2,0.3,-0.92,Dropout,Male,Local
3186,1,39,1,9130,1,10,133.1,1,12,36,90,90,128.2,0,0,0,0,1,1,30,0,0,5,13,0,0.0,3,0,5,5,0,0.0,5,9.4,-0.8,-3.12,Dropout,Male,Local
3187,1,1,1,9500,1,1,135.0,1,19,19,4,5,126.8,1,0,0,1,1,0,19,0,0,7,9,0,0.0,0,0,7,8,0,0.0,0,15.5,2.8,-4.06,Dropout,Male,Local
3188,1,17,1,9147,1,1,145.0,1,19,38,4,4,132.1,1,0,0,1,1,0,21,0,0,5,10,1,10.0,0,0,5,5,0,0.0,0,11.1,0.6,2.02,Dropout,Male,Local
3189,1,1,1,171,1,1,118.0,1,37,37,3,5,110.0,0,0,0,1,1,0,19,0,0,0,0,0,0.0,0,0,0,0,0,0.0,0,13.9,-0.3,0.79,Dropout,Male,Local
3190,1,39,1,9003,1,1,130.0,1,19,19,9,5,100.0,0,0,0,0,1,0,29,0,0,6,9,0,0.0,0,0,6,6,0,0.0,0,13.9,-0.3,0.79,Dropout,Male,Local
3191,1,1,1,9670,1,1,115.0,1,19,37,9,9,114.3,0,0,0,1,1,0,18,0,0,6,7,4,12.6,0,0,6,6,4,13.0,0,12.4,0.5,1.79,Dropout,Male,Local
3192,1,1,2,9147,1,1,122.0,1,1,38,4,5,116.4,0,0,0,1,1,0,21,0,0,5,10,3,11.25,0,0,5,9,3,11.0,0,15.5,2.8,-4.06,Enrolled,Male,Local
3193,1,42,1,9070,1,1,120.0,1,3,2,3,1,116.9,0,0,0,1,1,0,20,0,6,7,13,7,12.375,0,4,7,8,4,11.25,0,13.9,-0.3,0.79,Dropout,Male,Local
3194,1,51,1,9991,0,1,120.0,1,38,3,5,3,128.2,0,0,1,1,1,0,24,0,3,10,15,7,10.714285714285714,0,3,10,11,9,12.555555555555555,0,12.4,0.5,1.79,Enrolled,Male,Local
3195,1,17,2,9773,1,1,120.0,1,1,1,2,5,127.0,1,0,0,0,1,0,18,0,0,6,6,0,0.0,0,0,6,0,0,0.0,0,8.9,1.4,3.51,Dropout,Male,Local
3196,1,42,1,9003,1,1,140.0,1,1,3,4,2,140.0,1,0,0,1,1,0,23,0,0,6,14,5,12.0,0,0,6,12,5,12.142857142857142,0,15.5,2.8,-4.06,Enrolled,Male,Local
3197,1,1,6,9147,1,1,127.0,1,1,19,1,6,120.0,1,0,0,1,1,0,19,0,0,5,6,5,12.6,0,0,5,8,3,12.666666666666666,0,8.9,1.4,3.51,Graduate,Male,Local
3198,1,7,1,9254,1,3,110.0,1,19,19,3,3,110.0,0,0,0,1,1,0,35,0,0,6,7,0,0.0,0,0,6,6,0,0.0,0,16.2,0.3,-0.92,Dropout,Male,Local
3199,1,1,1,9500,1,1,148.0,1,1,1,9,9,127.0,1,0,0,1,1,0,20,0,0,8,8,7,12.84142857142857,0,0,8,8,7,12.84142857142857,0,10.8,1.4,1.74,Graduate,Male,Local
3200,2,39,1,9238,1,42,170.0,1,19,38,8,8,159.5,0,0,0,1,1,0,33,0,0,6,6,0,0.0,0,0,5,5,0,0.0,0,8.9,1.4,3.51,Dropout,Male,Local
3201,1,1,1,9773,1,1,146.0,1,1,3,4,1,135.2,1,0,0,1,1,0,18,0,0,6,7,6,14.166666666666666,0,0,6,6,6,12.833333333333334,0,9.4,-0.8,-3.12,Graduate,Male,Local
3202,1,1,1,9773,1,1,127.0,1,5,3,4,4,122.8,1,0,0,1,1,0,20,0,0,6,7,6,12.166666666666666,0,0,6,9,3,12.0,0,12.4,0.5,1.79,Enrolled,Male,Local
3203,1,17,1,9773,1,1,125.0,1,3,3,2,3,118.0,1,0,0,1,1,0,19,0,0,6,12,4,10.8,0,0,6,14,3,11.0,0,13.9,-0.3,0.79,Dropout,Male,Local
3204,1,17,5,9773,1,1,139.0,1,38,1,4,4,123.6,1,0,0,1,1,0,18,0,0,6,6,6,13.0,0,0,6,12,0,0.0,0,7.6,2.6,0.32,Dropout,Male,Local
3205,1,39,1,9991,0,1,133.1,1,37,37,7,9,111.0,0,0,0,0,1,0,28,0,0,5,0,0,0.0,0,0,5,0,0,0.0,0,8.9,1.4,3.51,Dropout,Male,Local
3206,1,1,1,9147,1,1,146.0,1,5,1,1,5,144.6,0,0,0,1,1,0,18,0,0,5,5,5,13.0,0,0,5,6,5,13.333333333333334,0,16.2,0.3,-0.92,Graduate,Male,Local
3207,1,1,1,9773,1,1,109.0,1,2,3,3,3,111.8,1,0,1,1,1,0,25,0,0,6,8,6,11.571428571428571,0,0,6,9,6,11.571428571428571,0,15.5,2.8,-4.06,Dropout,Male,Local
3208,1,1,1,9238,1,1,135.0,1,1,38,4,6,122.1,0,1,1,0,1,0,19,0,0,6,6,4,11.5,0,0,6,6,5,11.0,0,8.9,1.4,3.51,Dropout,Male,Local
3209,1,18,2,9070,1,1,122.0,1,38,19,5,5,119.9,0,0,0,1,1,0,18,0,0,6,8,5,11.0,0,0,6,6,4,10.75,0,9.4,-0.8,-3.12,Graduate,Male,Local
3210,1,7,1,9003,1,3,130.0,1,3,3,6,2,130.0,1,0,0,1,1,0,29,0,1,6,10,6,17.11111111111111,0,2,6,9,6,15.571428571428571,0,13.9,-0.3,0.79,Graduate,Male,Local
3211,1,1,1,171,1,1,124.0,1,2,2,3,2,118.4,1,0,0,1,1,0,18,0,0,0,0,0,0.0,0,0,0,0,0,0.0,0,7.6,2.6,0.32,Enrolled,Male,Local
3212,1,1,1,9254,1,1,115.0,1,3,2,4,5,112.6,0,0,0,1,1,1,20,0,0,6,9,6,12.571428571428571,0,0,6,6,6,12.166666666666666,0,8.9,1.4,3.51,Graduate,Male,Local
3213,1,44,1,9003,1,39,150.0,1,3,19,2,6,150.0,0,0,0,1,1,0,20,0,0,6,6,0,0.0,0,0,6,8,0,0.0,0,15.5,2.8,-4.06,Dropout,Male,Local
3214,1,1,4,9070,1,1,170.0,1,3,3,2,2,165.8,1,0,0,1,1,0,18,0,0,6,7,6,14.5,0,0,6,6,6,15.166666666666666,0,9.4,-0.8,-3.12,Graduate,Male,Local
3215,1,1,6,9254,1,1,102.0,1,3,1,2,2,101.7,1,0,0,1,1,1,21,0,0,6,6,6,13.5,0,0,6,6,6,12.333333333333334,0,12.4,0.5,1.79,Graduate,Male,Local
3216,1,17,2,9254,1,1,140.0,1,3,3,2,2,124.3,0,0,0,0,1,0,18,0,0,6,9,5,11.2,0,0,6,14,2,10.0,0,9.4,-0.8,-3.12,Dropout,Male,Local
3217,1,1,5,9119,1,1,135.0,1,37,37,90,90,122.1,1,0,0,1,1,0,20,0,0,5,10,3,10.666666666666666,0,0,5,5,4,12.25,0,7.6,2.6,0.32,Graduate,Male,Local
3218,1,43,1,8014,0,1,148.0,1,37,37,9,9,134.7,0,0,0,1,0,0,23,0,9,13,15,9,11.0,0,4,11,12,7,11.571428571428571,0,15.5,2.8,-4.06,Enrolled,Female,Local
3219,1,39,1,9991,0,1,140.0,1,1,37,9,8,154.5,0,0,0,1,0,0,26,0,0,1,2,0,0.0,0,0,5,8,0,0.0,0,16.2,0.3,-0.92,Dropout,Female,Local
3220,1,17,3,9670,1,1,147.0,1,37,37,8,8,128.8,0,0,1,1,0,0,19,0,0,5,5,1,10.0,0,0,5,5,0,0.0,0,9.4,-0.8,-3.12,Dropout,Female,Local
3221,1,39,1,9556,1,1,140.0,1,37,38,9,9,106.0,1,0,1,0,0,1,24,0,0,7,14,5,12.36,0,1,8,15,5,12.0,0,8.9,1.4,3.51,Dropout,Female,Local
3222,1,1,1,9670,1,1,157.0,1,19,38,9,7,146.2,1,0,0,1,0,1,20,0,0,6,8,6,15.25,0,0,6,7,6,14.714285714285714,0,11.1,0.6,2.02,Graduate,Female,Local
3223,1,17,1,9991,0,1,120.0,1,38,3,9,3,116.9,1,0,1,0,0,0,26,0,0,5,5,0,0.0,0,0,5,6,0,0.0,0,10.8,1.4,1.74,Dropout,Female,Local
3224,1,39,1,9147,1,12,133.1,1,19,37,7,9,118.2,0,0,0,1,0,0,31,0,0,5,8,1,13.0,2,0,5,9,4,12.25,0,10.8,1.4,1.74,Dropout,Female,Local
3225,2,43,1,9500,1,1,140.0,1,37,37,9,10,105.7,1,0,0,1,0,0,27,0,0,8,8,8,13.81375,0,0,8,8,8,13.81375,0,9.4,-0.8,-3.12,Graduate,Female,Local
3226,1,1,1,9085,1,1,130.0,1,19,38,9,9,126.9,0,0,1,1,0,0,24,0,0,6,8,6,13.285714285714286,0,0,6,13,6,12.875,0,11.1,0.6,2.02,Graduate,Female,Local
3227,1,44,1,9085,1,39,150.0,1,19,38,194,193,150.0,1,0,0,1,0,0,23,0,0,6,11,4,11.5,0,0,6,12,4,12.2,0,8.9,1.4,3.51,Enrolled,Female,Local
3228,1,1,2,9500,1,1,115.0,1,38,38,9,8,108.4,1,0,0,1,0,1,20,0,0,7,8,7,11.9625,0,0,8,9,8,13.044444444444444,0,13.9,-0.3,0.79,Graduate,Female,Local
3229,1,1,6,9500,1,1,118.0,1,38,38,5,5,114.2,1,0,0,1,0,0,20,0,0,7,9,6,13.683333333333332,0,0,8,11,6,13.116666666666667,0,11.1,0.6,2.02,Graduate,Female,Local
3230,1,39,1,9500,1,1,130.0,1,38,1,9,4,140.0,1,0,0,1,0,0,24,0,0,8,8,7,14.985714285714286,0,0,8,8,7,14.985714285714286,0,12.7,3.7,-1.7,Graduate,Female,Local
3231,2,39,1,9147,1,1,130.0,1,37,37,9,9,142.5,0,0,0,1,0,0,39,0,0,5,8,4,11.25,0,0,5,8,4,11.5,0,11.1,0.6,2.02,Enrolled,Female,Local
3232,1,1,2,9773,1,1,130.0,1,19,38,3,9,126.5,1,0,0,1,0,0,18,0,0,6,8,4,12.5,0,0,6,6,5,12.6,0,12.7,3.7,-1.7,Graduate,Female,Local
3233,1,17,3,9085,1,1,120.0,1,37,38,9,9,111.3,0,0,0,1,0,0,20,0,0,6,0,0,0.0,0,0,6,0,0,0.0,0,11.1,0.6,2.02,Dropout,Female,Local
3234,1,1,2,9500,1,1,130.0,1,1,1,4,3,125.1,1,0,0,1,0,0,18,0,0,7,10,7,13.78,0,0,8,10,8,13.661,0,15.5,2.8,-4.06,Graduate,Female,Local
3235,1,1,2,9500,1,1,141.0,1,37,37,9,7,126.3,1,0,0,1,0,0,19,0,0,7,10,7,13.805,0,0,8,8,8,14.2725,0,15.5,2.8,-4.06,Graduate,Female,Local
3236,1,17,1,9085,1,1,138.0,1,1,19,4,9,142.2,1,0,0,1,0,0,18,0,0,5,7,5,13.8,0,0,5,5,5,12.6,0,10.8,1.4,1.74,Graduate,Female,Local
3237,1,1,1,9670,1,1,113.0,1,37,19,9,9,110.2,1,0,0,1,0,0,22,0,0,5,7,3,12.666666666666666,0,0,5,6,4,12.0,0,7.6,2.6,0.32,Enrolled,Female,Local
3238,1,17,4,9500,1,1,135.0,1,1,1,4,4,127.0,1,0,0,1,0,0,18,0,0,7,7,7,14.424285714285714,0,0,8,8,8,13.9375,0,11.1,0.6,2.02,Graduate,Female,Local
3239,1,1,1,9238,1,1,137.0,1,3,1,4,9,128.6,0,0,0,1,0,1,18,0,0,6,7,6,13.166666666666666,0,0,6,6,6,12.5,0,12.4,0.5,1.79,Graduate,Female,Local
3240,4,39,1,9991,0,1,133.1,1,37,37,9,9,130.4,0,0,0,1,0,0,30,0,0,5,10,3,10.666666666666666,0,0,5,8,5,10.4,0,12.7,3.7,-1.7,Enrolled,Female,Local
3241,2,43,1,9238,1,12,100.0,1,37,37,9,9,134.4,0,0,0,1,0,0,34,0,9,16,20,14,12.071428571428571,1,11,13,13,11,12.272727272727272,0,7.6,2.6,0.32,Graduate,Female,Local
3242,1,39,1,8014,0,19,133.1,1,37,37,9,9,100.0,0,0,0,1,0,0,38,0,0,6,10,3,10.25,0,0,6,7,1,12.0,0,13.9,-0.3,0.79,Dropout,Female,Local
3243,1,1,1,9500,1,1,142.0,1,37,19,7,7,133.0,1,0,0,1,0,1,19,0,0,8,8,8,14.11,0,0,8,8,8,14.11,0,9.4,-0.8,-3.12,Graduate,Female,Local
3244,1,17,3,9853,1,1,140.0,1,38,38,5,7,126.7,1,0,0,1,0,0,19,0,0,6,9,5,12.4,0,0,6,10,3,10.666666666666666,0,10.8,1.4,1.74,Dropout,Female,Local
3245,1,43,1,9773,1,1,129.0,1,1,1,4,8,129.0,0,0,0,0,0,0,21,0,0,6,7,6,12.0,0,0,6,6,6,12.0,0,10.8,1.4,1.74,Dropout,Female,Local
3246,1,17,1,9773,1,1,141.0,1,2,3,2,2,133.7,1,0,0,1,0,1,18,0,0,6,6,6,14.833333333333334,0,0,6,6,6,13.5,0,11.1,0.6,2.02,Graduate,Female,Local
3247,1,17,5,9085,1,1,118.0,1,1,38,4,7,122.2,1,0,0,1,0,1,20,0,0,6,7,6,15.428571428571429,0,0,6,7,6,13.5,0,13.9,-0.3,0.79,Graduate,Female,Local
3248,1,17,5,9147,1,1,131.0,1,37,38,5,5,128.9,0,0,0,1,0,1,18,0,0,5,7,5,11.6,0,0,5,11,5,11.4,4,16.2,0.3,-0.92,Graduate,Female,Local
3249,1,1,3,9070,1,1,161.0,1,38,37,5,5,154.4,1,0,0,1,0,0,18,0,0,6,6,6,14.166666666666666,0,0,6,6,6,14.0,0,16.2,0.3,-0.92,Graduate,Female,Local
3250,1,7,1,9556,1,2,130.0,1,37,37,9,9,130.0,1,0,0,1,0,1,36,0,0,7,9,1,9.8,0,0,7,7,0,0.0,0,12.7,3.7,-1.7,Dropout,Female,Local
3251,1,17,4,9147,1,1,121.0,1,38,37,6,7,113.0,1,0,0,1,0,1,18,0,0,5,12,4,10.714285714285714,0,0,5,9,4,11.0,0,13.9,-0.3,0.79,Graduate,Female,Local
3252,1,43,1,9130,1,6,133.1,1,1,29,4,90,123.3,1,0,0,1,0,1,21,0,0,5,7,0,0.0,0,0,5,5,0,0.0,0,7.6,2.6,0.32,Dropout,Female,Local
3253,1,44,1,9130,1,39,130.0,1,1,3,9,2,130.0,1,0,1,1,0,1,21,0,1,6,13,3,12.333333333333334,0,1,6,12,1,13.0,0,13.9,-0.3,0.79,Dropout,Female,Local
3254,1,15,1,9085,1,1,133.1,41,3,3,4,2,101.3,0,0,0,1,0,0,18,1,0,6,13,6,13.0,0,0,6,15,6,12.25,0,11.1,0.6,2.02,Graduate,Female,International
3255,1,17,6,9670,1,1,120.0,1,1,14,4,5,113.7,1,0,0,1,0,0,18,0,0,5,7,4,11.4,0,0,5,5,4,11.25,0,9.4,-0.8,-3.12,Graduate,Female,Local
3256,1,1,2,9500,1,1,140.0,1,38,38,9,7,138.8,1,0,0,1,0,0,19,0,0,7,7,6,12.766666666666666,0,0,7,7,6,12.766666666666666,0,7.6,2.6,0.32,Graduate,Female,Local
3257,2,39,1,9003,1,19,133.1,1,37,19,9,4,140.0,0,0,1,1,0,0,29,0,0,6,11,5,12.6,0,0,6,6,6,12.666666666666666,0,11.1,0.6,2.02,Graduate,Female,Local
3258,1,44,1,9147,1,39,130.0,1,19,1,9,3,130.0,0,0,0,1,0,1,20,0,4,7,8,7,13.0,0,2,5,5,5,13.4,0,11.1,0.6,2.02,Graduate,Female,Local
3259,1,17,2,9500,1,1,140.0,1,37,37,9,9,132.5,1,0,0,1,0,0,18,0,0,7,7,6,14.316666666666668,0,0,7,7,6,14.316666666666668,0,7.6,2.6,0.32,Graduate,Female,Local
3260,1,1,1,9085,1,1,124.0,1,2,1,4,10,117.4,1,0,0,1,0,0,19,0,0,5,7,4,12.75,0,0,5,5,5,12.0,0,10.8,1.4,1.74,Graduate,Female,Local
3261,1,1,3,9147,1,1,115.0,1,1,38,3,8,109.8,1,0,0,1,0,1,19,0,0,5,5,5,13.4,0,0,5,5,5,12.6,0,8.9,1.4,3.51,Graduate,Female,Local
3262,1,39,1,8014,0,1,100.0,1,12,5,9,4,116.5,0,0,1,0,0,0,37,0,0,6,6,0,0.0,0,0,5,5,0,0.0,0,8.9,1.4,3.51,Dropout,Female,Local
3263,1,1,2,9085,1,1,162.0,1,37,1,9,9,165.2,1,0,0,1,0,1,18,0,0,5,6,4,15.75,0,0,5,5,5,13.8,0,10.8,1.4,1.74,Graduate,Female,Local
3264,1,1,1,9853,1,1,121.0,1,19,19,7,7,113.0,1,0,0,1,0,0,21,0,0,6,9,5,12.4,0,0,6,11,1,11.0,0,12.7,3.7,-1.7,Dropout,Female,Local
3265,1,17,1,9238,1,1,125.0,1,1,38,144,181,123.3,0,0,0,1,0,1,19,0,0,6,8,6,11.5,0,0,6,7,6,12.333333333333334,0,12.4,0.5,1.79,Graduate,Female,Local
3266,1,17,2,9670,1,1,123.0,1,3,1,3,1,116.7,0,0,0,1,0,0,19,0,0,5,5,5,13.4,0,0,5,5,5,14.0,0,9.4,-0.8,-3.12,Graduate,Female,Local
3267,2,39,1,9991,0,39,140.0,1,38,19,9,5,110.0,0,0,0,1,0,1,35,0,0,5,9,3,11.666666666666666,0,0,5,7,5,11.8,0,12.7,3.7,-1.7,Enrolled,Female,Local
3268,2,39,1,9500,1,1,133.1,1,37,38,9,8,118.9,0,0,0,1,0,0,30,0,0,7,0,0,0.0,0,0,8,0,0,0.0,0,13.9,-0.3,0.79,Dropout,Female,Local
3269,1,43,2,9773,1,1,120.0,1,34,34,0,0,103.6,1,0,0,1,0,0,27,0,4,8,11,7,13.285714285714286,0,4,7,13,5,11.6,0,9.4,-0.8,-3.12,Dropout,Female,Local
3270,2,1,1,9254,1,1,136.0,1,37,37,9,9,122.7,0,0,0,1,0,1,45,0,0,6,10,4,11.5,0,0,6,16,2,10.5,0,7.6,2.6,0.32,Dropout,Female,Local
3271,2,39,1,8014,0,1,133.1,1,38,38,9,9,113.5,0,0,0,1,0,1,50,0,3,9,11,8,13.25,0,2,7,8,7,11.714285714285714,0,12.7,3.7,-1.7,Graduate,Female,Local
3272,4,42,1,9147,1,1,110.0,1,37,37,9,9,128.2,0,0,0,1,0,0,41,0,8,14,24,11,12.25,3,5,10,12,10,13.4,0,9.4,-0.8,-3.12,Graduate,Female,Local
3273,1,43,1,9500,1,1,120.0,1,37,37,9,6,120.0,1,0,0,1,0,0,26,0,0,7,8,6,12.0,0,0,7,8,6,12.0,0,7.6,2.6,0.32,Enrolled,Female,Local
3274,1,39,1,9003,1,19,133.1,1,37,37,9,9,130.0,0,0,0,1,0,0,44,0,0,6,10,1,12.0,0,0,6,6,0,0.0,0,11.1,0.6,2.02,Dropout,Female,Local
3275,5,7,1,9147,1,40,110.0,1,37,37,9,9,110.0,0,0,0,1,0,0,23,0,10,15,15,13,10.923076923076923,0,5,10,10,7,11.142857142857142,0,15.5,2.8,-4.06,Graduate,Female,Local
3276,1,51,1,33,1,1,130.0,1,19,19,9,9,117.7,0,0,0,1,0,0,34,0,10,12,12,10,12.0,0,5,10,11,5,11.0,0,11.1,0.6,2.02,Dropout,Female,Local
3277,1,1,1,9147,1,1,102.0,1,38,38,9,9,99.6,1,0,0,1,0,1,21,0,0,5,10,5,13.714285714285714,0,0,5,7,5,14.4,0,11.1,0.6,2.02,Graduate,Female,Local
3278,1,43,3,9147,1,1,127.0,21,3,37,3,3,117.9,1,0,0,1,0,0,22,1,0,5,8,1,10.0,0,0,5,8,2,13.0,0,7.6,2.6,0.32,Dropout,Female,International
3279,4,39,1,8014,0,1,133.1,1,37,37,9,8,113.0,0,0,0,1,0,1,32,0,0,6,18,2,10.333333333333334,0,0,6,7,6,11.5,0,16.2,0.3,-0.92,Graduate,Female,Local
3280,1,17,2,9556,1,1,137.0,41,1,1,7,7,124.4,1,0,0,1,0,0,20,1,0,7,8,7,12.728571428571428,0,0,8,8,8,14.625,0,15.5,2.8,-4.06,Graduate,Female,International
3281,2,7,1,8014,0,3,130.0,1,35,35,90,90,140.0,0,0,0,0,0,0,59,0,10,15,22,12,13.333333333333334,0,8,8,8,8,12.875,0,10.8,1.4,1.74,Dropout,Female,Local
3282,2,53,1,9147,1,42,130.0,1,19,19,175,152,132.4,0,0,0,1,0,0,30,0,6,11,20,9,12.22222222222222,0,3,9,16,9,11.6,0,8.9,1.4,3.51,Enrolled,Female,Local
3283,1,1,4,9254,1,1,131.0,1,38,36,9,9,124.0,1,0,0,1,0,1,18,0,0,6,7,6,11.333333333333334,0,0,6,9,6,10.833333333333334,0,9.4,-0.8,-3.12,Graduate,Female,Local
3284,2,39,1,9991,0,1,162.0,1,37,37,9,6,132.0,0,0,1,1,1,0,25,0,0,5,8,4,11.0,0,0,5,7,4,12.0,0,7.6,2.6,0.32,Enrolled,Male,Local
3285,4,43,1,9991,0,1,140.0,1,37,37,5,5,149.8,0,0,0,1,1,0,36,0,0,5,5,5,13.8,0,0,5,6,5,13.8,0,12.7,3.7,-1.7,Graduate,Male,Local
3286,1,7,1,9556,1,43,160.0,1,38,19,9,9,160.0,0,0,0,1,1,0,36,0,0,7,16,1,12.0,0,0,7,13,0,0.0,1,11.1,0.6,2.02,Dropout,Male,Local
3287,1,17,6,9670,1,1,117.0,1,38,19,0,1,114.6,0,0,0,0,1,0,19,0,0,6,9,4,11.25,0,0,6,11,3,10.166666666666666,0,10.8,1.4,1.74,Dropout,Male,Local
3288,1,39,1,9991,0,1,150.0,1,1,37,4,6,120.0,0,0,0,1,1,0,25,0,0,5,6,4,10.5,0,0,5,6,5,12.0,0,9.4,-0.8,-3.12,Graduate,Male,Local
3289,1,39,1,9003,1,19,133.1,1,37,37,9,7,100.0,0,0,0,1,1,0,35,0,17,18,20,18,11.555555555555555,0,11,13,13,13,11.615384615384617,0,15.5,2.8,-4.06,Graduate,Male,Local
3290,1,1,1,9238,1,1,125.0,1,1,1,5,5,128.5,0,0,0,1,1,0,20,0,0,6,13,1,14.0,0,0,6,7,0,0.0,0,16.2,0.3,-0.92,Dropout,Male,Local
3291,1,39,1,9003,1,1,130.0,1,37,37,9,7,113.0,1,0,0,0,1,0,35,0,0,6,17,1,13.0,0,0,6,8,0,0.0,0,15.5,2.8,-4.06,Dropout,Male,Local
3292,1,1,1,9238,1,1,170.0,1,37,37,0,0,150.8,1,0,0,1,0,0,27,0,0,6,13,2,11.0,0,0,6,14,1,11.0,0,7.6,2.6,0.32,Dropout,Female,Local
3293,1,17,3,9500,1,1,132.0,1,19,3,9,5,130.8,1,0,0,1,0,0,18,0,0,8,8,7,13.68142857142857,0,0,8,8,7,13.68142857142857,0,10.8,1.4,1.74,Enrolled,Female,Local
3294,1,43,1,9500,1,1,133.1,1,38,19,9,10,114.5,0,0,0,1,0,0,23,0,0,7,11,6,12.1,0,0,7,7,6,12.616666666666667,0,16.2,0.3,-0.92,Enrolled,Female,Local
3295,1,17,2,8014,0,1,120.0,1,19,1,5,10,114.8,1,0,0,1,0,0,19,0,0,6,8,4,10.5,0,0,6,8,4,11.25,0,10.8,1.4,1.74,Graduate,Female,Local
3296,1,17,2,9500,1,1,126.0,1,37,37,7,7,126.2,1,0,0,1,0,1,18,0,0,7,10,5,11.94,0,0,7,8,6,12.8,0,11.1,0.6,2.02,Enrolled,Female,Local
3297,1,39,1,9500,1,1,130.0,1,19,19,3,7,129.0,0,0,1,0,0,0,26,0,0,7,11,4,12.86,0,0,7,10,5,11.566666666666668,0,12.4,0.5,1.79,Dropout,Female,Local
3298,1,17,1,9238,1,1,133.1,1,1,38,9,7,110.5,0,0,0,1,0,0,19,0,0,6,10,6,14.25,0,0,6,7,6,14.0,0,16.2,0.3,-0.92,Graduate,Female,Local
3299,1,1,5,9500,1,1,141.0,1,38,19,7,7,132.5,1,0,0,0,0,0,19,0,0,7,0,0,0.0,0,0,8,0,0,0.0,0,12.7,3.7,-1.7,Dropout,Female,Local
3300,1,1,1,171,1,1,138.0,1,19,19,5,1,130.7,1,0,0,1,0,0,18,0,0,0,0,0,0.0,0,0,0,0,0,0.0,0,13.9,-0.3,0.79,Dropout,Female,Local
3301,1,17,1,9500,1,1,130.0,1,19,1,9,7,130.4,1,0,0,1,0,1,19,0,0,7,7,7,13.894285714285711,0,0,8,8,8,14.3625,0,11.1,0.6,2.02,Graduate,Female,Local
3302,1,17,1,9500,1,1,128.0,1,37,37,9,8,124.3,1,0,0,1,0,1,19,0,0,7,8,7,13.46875,0,0,8,8,8,13.31375,0,15.5,2.8,-4.06,Graduate,Female,Local
3303,1,1,4,9085,1,1,135.0,1,38,37,9,9,132.6,1,0,0,1,0,1,19,0,0,5,5,5,13.6,0,0,5,5,5,14.6,0,10.8,1.4,1.74,Graduate,Female,Local
3304,1,44,1,8014,0,39,150.0,1,1,37,9,7,146.7,0,0,0,1,0,1,21,0,3,6,6,6,14.666666666666666,0,2,6,6,6,13.833333333333334,0,12.4,0.5,1.79,Graduate,Female,Local
3305,1,1,3,9773,1,1,135.0,1,1,1,3,5,130.1,1,0,0,1,0,0,18,0,0,6,6,6,13.666666666666666,0,0,6,7,6,13.0,0,15.5,2.8,-4.06,Graduate,Female,Local
3306,2,43,1,9254,1,3,120.0,1,38,37,9,3,120.0,1,0,0,1,0,0,33,0,9,12,22,10,13.3,0,9,11,11,11,13.727272727272728,0,9.4,-0.8,-3.12,Graduate,Female,Local
3307,1,7,1,8014,0,3,120.0,1,19,37,5,3,121.3,0,0,0,1,0,0,32,0,7,11,13,11,13.454545454545457,0,5,11,13,7,12.428571428571429,0,12.7,3.7,-1.7,Graduate,Female,Local
3308,1,1,6,9500,1,1,140.0,1,19,19,1,4,133.3,1,0,0,1,0,1,17,0,0,8,8,8,13.41625,0,0,8,8,8,13.41625,0,9.4,-0.8,-3.12,Graduate,Female,Local
3309,2,39,1,9500,1,1,140.0,1,19,19,9,7,110.5,0,0,0,1,0,0,31,0,0,7,0,0,0.0,0,0,8,0,0,0.0,0,12.7,3.7,-1.7,Dropout,Female,Local
3310,2,39,1,8014,0,1,140.0,1,19,19,9,7,102.5,0,0,0,1,0,1,32,0,0,6,6,6,11.333333333333334,0,0,6,8,5,13.0,0,15.5,2.8,-4.06,Graduate,Female,Local
3311,1,1,2,9085,1,1,156.0,1,40,40,3,7,150.9,1,0,0,1,0,0,18,0,0,6,8,6,16.0,0,0,6,10,6,14.625,0,11.1,0.6,2.02,Dropout,Female,Local
3312,1,51,1,9070,1,12,133.1,1,37,19,3,7,106.6,0,0,1,1,0,0,31,0,2,6,8,5,11.0,0,4,6,12,6,10.166666666666666,0,8.9,1.4,3.51,Enrolled,Female,Local
3313,1,1,1,9254,1,1,120.0,1,1,1,9,10,118.3,0,0,0,1,1,0,20,0,0,6,8,6,12.857142857142858,0,0,6,9,5,12.4,0,8.9,1.4,3.51,Enrolled,Male,Local
3314,1,43,1,9991,0,1,100.0,1,3,19,1,1,117.9,0,0,0,0,1,0,40,0,0,5,5,0,0.0,0,0,5,6,0,0.0,0,10.8,1.4,1.74,Dropout,Male,Local
3315,2,1,1,9991,0,1,120.0,1,37,19,9,9,135.0,1,0,0,1,1,0,32,0,0,5,5,5,14.8,0,0,5,5,5,14.2,0,7.6,2.6,0.32,Graduate,Male,Local
3316,1,7,1,9119,1,3,120.0,1,19,19,1,1,120.0,0,0,0,0,1,0,40,0,1,5,7,1,13.0,0,2,5,5,2,14.0,0,12.7,3.7,-1.7,Dropout,Male,Local
3317,1,1,1,171,1,1,172.0,1,1,1,4,9,167.1,0,0,0,1,1,1,18,0,0,0,0,0,0.0,0,0,0,0,0,0.0,0,16.2,0.3,-0.92,Graduate,Male,Local
3318,1,43,1,9991,0,1,120.0,1,37,37,9,9,115.8,0,0,1,0,1,0,28,0,4,9,14,4,10.0,0,1,6,6,1,10.0,0,12.7,3.7,-1.7,Dropout,Male,Local
3319,1,16,2,9070,1,1,137.0,1,1,1,3,1,141.2,1,0,1,1,1,0,19,0,0,6,11,5,11.2,0,0,6,7,6,12.0,0,9.4,-0.8,-3.12,Graduate,Male,Local
3320,1,1,1,9773,1,1,117.0,1,1,37,5,9,118.4,0,0,0,1,1,1,19,0,0,6,8,6,11.833333333333334,0,0,6,11,3,13.0,0,15.5,2.8,-4.06,Graduate,Male,Local
3321,1,1,6,9147,1,1,142.0,1,38,37,7,7,134.3,0,1,0,1,1,0,21,0,0,5,0,0,0.0,0,0,5,0,0,0.0,0,10.8,1.4,1.74,Dropout,Male,Local
3322,1,17,4,9147,1,1,135.0,1,19,1,0,4,128.7,1,0,0,1,1,0,22,0,0,5,8,2,10.5,0,0,5,10,0,0.0,0,7.6,2.6,0.32,Dropout,Male,Local
3323,1,17,3,9119,1,1,115.0,1,3,1,3,3,116.1,1,0,0,0,1,0,18,0,0,5,8,5,12.5,0,0,5,7,5,13.571428571428571,0,12.4,0.5,1.79,Dropout,Male,Local
3324,1,39,1,171,1,1,110.0,1,12,3,5,2,100.0,1,0,0,1,1,0,27,0,0,0,0,0,0.0,0,0,0,0,0,0.0,0,9.4,-0.8,-3.12,Dropout,Male,Local
3325,1,1,1,171,1,1,123.0,1,1,3,2,2,118.8,0,0,0,1,1,0,19,0,4,10,10,5,11.0,0,2,7,8,2,10.0,0,8.9,1.4,3.51,Enrolled,Male,Local
3326,2,43,1,9991,0,1,140.0,1,37,37,9,9,130.0,1,0,0,1,1,0,30,0,6,10,14,9,12.333333333333334,0,7,10,12,8,12.0,0,9.4,-0.8,-3.12,Graduate,Male,Local
3327,1,39,1,9130,1,39,150.0,1,1,3,4,1,150.0,0,0,0,1,1,0,28,0,0,6,9,0,0.0,0,0,6,8,1,10.0,1,16.2,0.3,-0.92,Dropout,Male,Local
3328,5,39,1,9119,1,1,120.0,1,37,37,9,9,116.0,0,0,1,1,1,1,34,0,0,5,14,1,17.0,0,0,5,10,2,11.0,0,9.4,-0.8,-3.12,Enrolled,Male,Local
3329,1,17,1,9147,1,1,110.0,1,1,1,4,4,99.0,0,0,0,1,1,0,21,0,0,5,5,5,11.0,0,0,5,11,3,11.428571428571429,0,10.8,1.4,1.74,Enrolled,Male,Local
3330,1,1,1,9238,1,1,133.0,1,1,19,9,9,132.0,0,0,0,1,1,1,20,0,0,6,11,5,11.142857142857142,0,0,6,9,6,11.571428571428571,0,16.2,0.3,-0.92,Graduate,Male,Local
3331,1,43,1,9254,1,1,110.0,1,12,19,9,9,125.0,0,0,0,0,1,0,31,0,3,8,19,5,12.166666666666666,0,3,7,12,5,12.0,0,7.6,2.6,0.32,Dropout,Male,Local
3332,1,17,1,9119,1,1,126.0,1,1,1,9,9,116.2,0,0,1,0,1,0,21,0,0,5,9,2,11.0,0,0,5,8,2,11.5,2,7.6,2.6,0.32,Dropout,Male,Local
3333,1,39,2,9670,1,19,133.1,1,34,34,0,0,100.0,1,0,0,0,1,0,27,0,0,5,8,1,11.0,0,0,5,6,3,10.666666666666666,1,7.6,2.6,0.32,Dropout,Male,Local
3334,1,1,6,9773,1,1,136.0,1,38,38,9,9,132.9,1,0,0,1,1,0,19,0,0,6,10,4,13.25,0,0,6,13,5,11.8,0,7.6,2.6,0.32,Graduate,Male,Local
3335,1,17,4,9773,1,1,129.0,1,3,1,2,7,132.5,1,0,0,1,1,0,21,0,0,6,7,0,0.0,0,0,6,11,1,10.0,0,10.8,1.4,1.74,Enrolled,Male,Local
3336,1,44,1,9003,1,39,140.0,1,19,19,4,4,140.0,1,0,0,0,1,0,21,0,0,6,17,2,12.5,0,0,6,10,0,0.0,0,16.2,0.3,-0.92,Dropout,Male,Local
3337,1,43,1,9670,1,1,160.0,1,34,34,99,99,100.1,0,0,0,0,1,0,35,0,6,10,10,7,12.142857142857142,0,4,9,9,4,12.25,0,7.6,2.6,0.32,Dropout,Male,Local
3338,1,39,1,9085,1,1,133.1,1,37,36,90,7,128.2,0,0,0,1,1,0,28,0,0,5,8,3,12.0,0,0,5,10,3,11.333333333333334,0,7.6,2.6,0.32,Dropout,Male,Local
3339,1,17,1,9670,1,1,140.0,1,1,1,4,3,133.4,0,0,0,1,1,0,24,0,0,6,6,4,11.25,0,0,6,9,4,10.428571428571429,0,10.8,1.4,1.74,Enrolled,Male,Local
3340,1,1,3,9773,1,1,142.0,1,34,1,5,10,136.1,1,0,0,0,1,0,19,0,0,4,8,0,0.0,1,0,6,0,0,0.0,0,9.4,-0.8,-3.12,Dropout,Male,Local
3341,1,17,1,9670,1,1,138.0,1,1,1,4,8,123.0,0,0,1,0,1,0,20,0,0,6,7,5,12.4,0,0,6,8,4,13.0,0,13.9,-0.3,0.79,Enrolled,Male,Local
3342,1,1,1,9070,1,1,131.0,1,3,19,4,4,130.3,1,0,0,1,1,1,20,0,0,6,6,6,12.833333333333334,0,0,6,8,6,12.666666666666666,2,16.2,0.3,-0.92,Graduate,Male,Local
3343,1,1,1,9119,1,1,160.0,1,37,37,9,6,153.7,0,0,0,1,1,0,19,0,0,5,7,1,13.0,0,0,5,7,2,10.0,0,9.4,-0.8,-3.12,Enrolled,Male,Local
3344,1,39,1,9085,1,1,110.0,1,40,1,5,6,142.5,0,0,1,0,1,0,37,0,5,7,7,5,12.0,0,3,7,7,3,11.666666666666666,0,8.9,1.4,3.51,Dropout,Male,Local
3345,1,1,1,9254,1,1,124.0,1,37,38,9,8,114.6,1,0,0,1,1,0,19,0,0,6,13,2,12.0,0,0,6,12,1,13.0,0,7.6,2.6,0.32,Dropout,Male,Local
3346,1,39,1,9500,1,1,120.0,1,37,37,9,8,108.5,0,0,0,1,1,0,36,0,0,7,18,0,0.0,0,0,7,7,0,0.0,0,13.9,-0.3,0.79,Dropout,Male,Local
3347,1,39,1,9147,1,12,133.1,1,37,37,9,9,140.0,0,0,0,1,1,0,29,0,0,5,0,0,0.0,0,0,5,0,0,0.0,0,9.4,-0.8,-3.12,Dropout,Male,Local
3348,1,39,1,9003,1,1,133.1,1,38,37,9,4,120.0,0,0,0,1,1,0,30,0,0,6,10,6,11.375,0,0,6,10,5,11.6,0,13.9,-0.3,0.79,Graduate,Male,Local
3349,1,51,1,9670,1,19,133.1,1,2,1,3,10,120.0,0,0,1,1,1,0,32,0,1,6,15,2,12.0,0,0,6,7,0,0.0,0,11.1,0.6,2.02,Dropout,Male,Local
3350,1,1,1,8014,0,1,123.0,1,3,1,2,9,127.6,1,0,0,1,1,0,26,0,0,6,6,6,11.833333333333334,0,0,6,6,6,11.666666666666666,0,10.8,1.4,1.74,Enrolled,Male,Local
3351,2,44,1,9003,1,39,140.0,1,37,37,4,7,140.0,0,0,0,1,1,0,37,0,0,6,17,1,12.0,0,0,6,23,2,10.5,1,16.2,0.3,-0.92,Dropout,Male,Local
3352,1,39,1,9119,1,1,138.7,1,1,12,4,3,111.3,0,0,0,1,1,0,27,0,1,6,7,3,12.0,0,2,6,7,2,11.0,0,13.9,-0.3,0.79,Dropout,Male,Local
3353,1,1,1,9773,1,1,131.0,1,38,1,5,7,131.0,1,0,0,1,1,1,18,0,0,6,7,6,12.714285714285714,0,0,6,8,5,11.833333333333334,0,13.9,-0.3,0.79,Graduate,Male,Local
3354,1,1,1,9500,1,1,149.0,1,38,37,9,9,139.5,0,0,0,1,1,1,18,0,0,8,8,8,15.3,0,0,8,8,8,15.3,0,9.4,-0.8,-3.12,Graduate,Male,Local
3355,2,39,2,9003,1,19,133.1,1,38,19,4,1,110.0,0,0,0,0,1,0,32,0,2,8,12,2,11.5,2,0,7,9,0,0.0,0,15.5,2.8,-4.06,Dropout,Male,Local
3356,1,44,1,9119,1,39,130.0,1,3,19,3,4,130.0,0,0,0,1,1,0,20,0,0,5,12,1,13.0,0,0,5,8,3,12.6,0,12.4,0.5,1.79,Enrolled,Male,Local
3357,1,43,1,9003,1,1,120.0,1,3,3,1,2,115.0,0,0,0,1,1,0,22,0,0,6,12,0,0.0,0,0,6,10,0,0.0,0,16.2,0.3,-0.92,Dropout,Male,Local
3358,4,39,1,9500,1,1,133.1,1,1,19,3,3,154.3,0,0,0,1,0,0,32,0,0,7,0,0,0.0,0,0,8,0,0,0.0,0,12.4,0.5,1.79,Dropout,Female,Local
3359,1,1,1,9147,1,1,143.0,1,1,37,9,9,135.0,1,0,0,1,0,0,21,0,0,5,8,4,11.0,0,0,5,8,5,12.0,0,7.6,2.6,0.32,Enrolled,Female,Local
3360,1,17,4,9670,1,1,126.0,1,1,1,4,7,115.2,0,0,0,0,0,0,19,0,0,6,7,3,12.666666666666666,0,0,6,10,5,13.125,0,10.8,1.4,1.74,Dropout,Female,Local
3361,1,1,1,9773,1,1,125.0,1,19,1,9,9,130.6,1,0,0,1,0,1,18,0,0,6,6,6,13.5,0,0,6,6,6,14.0,0,8.9,1.4,3.51,Graduate,Female,Local
3362,1,1,4,9147,1,1,123.0,1,1,1,9,7,117.4,1,0,0,1,0,1,18,0,0,5,7,5,12.0,0,0,5,10,5,11.4,0,8.9,1.4,3.51,Graduate,Female,Local
3363,1,7,1,9147,1,2,150.0,1,3,37,2,5,150.0,1,0,1,0,0,0,38,0,0,5,6,0,0.0,0,0,5,5,0,0.0,0,15.5,2.8,-4.06,Dropout,Female,Local
3364,1,17,3,9853,1,1,132.0,1,34,34,0,0,131.3,1,0,0,1,0,0,21,0,0,6,8,5,11.8,0,0,6,8,4,10.5,0,7.6,2.6,0.32,Dropout,Female,Local
3365,1,1,1,9238,1,1,133.0,1,34,37,5,5,120.4,0,0,0,0,0,0,21,0,0,6,12,2,11.5,0,0,6,13,1,13.0,0,9.4,-0.8,-3.12,Dropout,Female,Local
3366,1,1,1,9991,0,1,122.0,1,37,37,9,3,113.6,0,0,0,1,1,0,26,0,0,5,11,2,11.5,0,0,5,10,3,12.0,0,7.6,2.6,0.32,Enrolled,Male,Local
3367,1,1,4,9500,1,1,137.0,1,19,38,9,3,125.0,1,0,0,1,0,0,19,0,0,7,7,6,14.616666666666667,0,0,7,7,6,14.616666666666667,0,7.6,2.6,0.32,Graduate,Female,Local
3368,1,1,6,9500,1,1,145.0,1,19,37,9,9,132.3,1,0,0,1,0,1,19,0,0,8,8,7,14.06,0,0,8,8,7,14.06,0,10.8,1.4,1.74,Enrolled,Female,Local
3369,1,17,1,9254,1,1,150.0,1,1,1,9,10,142.7,0,0,1,1,0,0,18,0,0,6,9,4,11.0,0,0,6,12,3,11.333333333333334,0,7.6,2.6,0.32,Dropout,Female,Local
3370,1,7,1,9147,1,3,130.0,1,37,37,9,9,130.0,0,0,0,1,0,0,25,0,0,5,0,0,0.0,0,0,5,0,0,0.0,0,12.7,3.7,-1.7,Dropout,Female,Local
3371,1,1,6,9500,1,1,136.0,1,37,1,5,4,120.8,1,0,0,1,0,0,19,0,6,14,22,7,12.192307692307692,5,6,14,22,7,12.192307692307692,5,7.6,2.6,0.32,Graduate,Female,Local
3372,1,17,2,9254,1,1,131.0,1,1,19,9,9,130.3,1,0,0,1,0,1,18,0,0,6,6,6,12.833333333333334,0,0,6,7,6,12.333333333333334,0,13.9,-0.3,0.79,Graduate,Female,Local
3373,1,17,1,9147,1,1,130.0,1,37,37,9,7,119.9,0,0,0,1,0,1,19,0,0,5,8,5,12.875,0,0,5,6,5,11.833333333333334,0,13.9,-0.3,0.79,Graduate,Female,Local
3374,1,1,1,9238,1,1,108.0,1,19,38,9,7,110.5,1,0,0,1,0,1,22,0,0,6,6,6,12.166666666666666,0,0,6,6,6,12.5,0,12.4,0.5,1.79,Graduate,Female,Local
3375,1,44,1,9003,1,39,160.0,1,38,38,6,6,160.0,1,0,0,1,0,0,21,0,0,6,11,6,13.428571428571429,0,0,6,12,6,12.857142857142858,0,15.5,2.8,-4.06,Graduate,Female,Local
3376,1,17,1,9085,1,1,113.0,1,19,37,9,9,118.6,1,0,0,1,0,1,21,0,0,6,6,6,14.5,0,0,6,8,6,14.666666666666666,0,8.9,1.4,3.51,Graduate,Female,Local
3377,1,1,1,9853,1,1,113.0,1,38,38,3,7,112.3,0,0,0,1,0,1,20,0,0,7,7,7,12.142857142857142,0,0,7,7,7,12.857142857142858,0,11.1,0.6,2.02,Graduate,Female,Local
3378,2,1,1,9147,1,1,137.0,1,19,37,9,9,124.4,0,0,0,1,0,0,19,0,0,5,6,4,11.25,0,0,5,10,3,11.714285714285714,0,10.8,1.4,1.74,Enrolled,Female,Local
3379,1,1,4,9500,1,1,148.0,1,19,19,9,3,125.0,1,0,0,1,0,0,18,0,0,7,7,6,13.9,0,0,7,7,6,13.9,0,7.6,2.6,0.32,Graduate,Female,Local
3380,1,39,1,9500,1,1,130.0,1,19,19,9,8,105.8,0,0,0,1,0,0,26,0,0,7,12,3,13.766666666666666,0,0,7,11,3,12.066666666666668,0,13.9,-0.3,0.79,Dropout,Female,Local
3381,1,26,1,9147,1,2,133.1,1,34,34,0,0,121.5,1,0,0,1,0,0,31,0,13,15,17,13,11.615384615384617,0,11,14,14,11,12.545454545454543,0,7.6,2.6,0.32,Dropout,Female,Local
3382,1,17,1,9238,1,1,138.0,1,37,38,9,8,134.2,1,0,0,1,0,1,18,0,0,6,6,6,15.166666666666666,0,0,6,7,6,14.142857142857142,0,11.1,0.6,2.02,Graduate,Female,Local
3383,4,7,1,9147,1,3,130.0,1,19,1,5,5,130.0,0,0,0,1,0,0,35,0,0,5,5,0,0.0,0,0,5,5,0,0.0,0,11.1,0.6,2.02,Dropout,Female,Local
3384,1,1,1,9085,1,1,127.0,1,37,37,9,9,122.8,1,0,0,1,0,0,19,0,0,5,10,2,14.5,1,0,5,9,3,11.333333333333334,0,12.7,3.7,-1.7,Enrolled,Female,Local
3385,1,1,1,9238,1,1,115.0,1,19,38,7,7,108.7,0,0,0,1,0,1,19,0,0,6,9,5,10.8,0,0,6,8,6,10.714285714285714,0,15.5,2.8,-4.06,Graduate,Female,Local
3386,1,1,2,9500,1,1,147.0,1,3,1,4,3,136.7,0,0,0,1,0,0,18,0,0,7,7,7,13.995714285714287,0,0,8,9,8,14.955555555555556,0,11.1,0.6,2.02,Graduate,Female,Local
3387,1,17,1,9085,1,1,132.0,1,38,38,4,9,119.1,0,0,0,1,0,0,20,0,0,6,8,6,13.285714285714286,0,0,6,16,6,11.8,0,12.4,0.5,1.79,Graduate,Female,Local
3388,1,1,4,171,1,1,146.0,1,1,1,9,5,151.3,1,0,0,1,0,1,19,0,6,12,12,12,12.75,0,4,11,16,11,13.25,0,8.9,1.4,3.51,Graduate,Female,Local
3389,1,43,1,9238,1,1,109.0,1,19,37,5,5,108.3,0,0,0,1,0,1,21,0,0,6,15,2,10.5,0,0,6,8,5,12.4,0,10.8,1.4,1.74,Enrolled,Female,Local
3390,1,17,1,9853,1,1,133.0,1,38,38,9,9,127.4,0,0,1,1,0,1,18,0,0,7,7,7,12.714285714285714,0,0,7,7,7,12.285714285714286,0,16.2,0.3,-0.92,Graduate,Female,Local
3391,1,42,1,9500,1,1,124.0,1,19,19,4,9,124.0,0,0,0,1,0,0,23,0,0,8,8,8,12.88625,0,0,8,8,8,12.88625,0,9.4,-0.8,-3.12,Graduate,Female,Local
3392,1,1,1,9070,1,1,133.1,1,1,1,9,9,155.0,0,0,0,1,0,1,21,0,0,6,7,5,13.0,0,0,6,6,6,12.666666666666666,0,16.2,0.3,-0.92,Graduate,Female,Local
3393,1,1,1,9147,1,1,121.0,1,37,38,9,9,114.0,0,0,0,1,0,1,19,0,0,5,7,5,12.2,0,0,5,6,5,11.2,0,11.1,0.6,2.02,Graduate,Female,Local
3394,1,1,2,9147,1,1,129.0,1,38,19,3,7,118.9,1,0,0,1,0,0,19,0,0,5,8,4,12.8,0,0,5,10,3,14.5,0,10.8,1.4,1.74,Enrolled,Female,Local
3395,1,53,1,9085,1,42,160.0,1,19,37,4,9,160.0,1,0,0,1,0,0,20,0,7,11,15,11,13.785714285714286,0,4,9,9,9,13.88888888888889,0,8.9,1.4,3.51,Graduate,Female,Local
3396,1,43,1,9147,1,1,131.0,1,3,19,2,9,126.1,0,0,0,1,0,0,18,0,0,5,5,0,0.0,0,0,5,9,4,13.25,2,16.2,0.3,-0.92,Enrolled,Female,Local
3397,1,1,1,9500,1,1,150.0,1,37,37,9,7,136.5,1,0,0,1,0,1,18,0,0,8,8,8,14.50125,0,0,8,8,8,14.50125,0,9.4,-0.8,-3.12,Graduate,Female,Local
3398,2,1,5,9500,1,1,130.0,1,1,19,4,4,122.3,0,0,0,1,0,0,19,0,0,7,7,6,14.35,0,0,7,7,6,14.35,0,7.6,2.6,0.32,Graduate,Female,Local
3399,1,17,1,9070,1,1,133.1,1,38,19,5,5,128.0,0,0,0,1,0,1,21,0,0,6,6,6,11.5,0,0,6,6,6,12.333333333333334,0,9.4,-0.8,-3.12,Graduate,Female,Local
3400,1,1,1,9238,1,1,154.0,1,38,38,9,9,156.5,1,1,0,1,0,1,18,0,0,6,8,6,11.714285714285714,0,0,6,6,6,14.666666666666666,0,12.7,3.7,-1.7,Graduate,Female,Local
3401,1,1,1,9670,1,1,126.0,1,37,19,7,7,125.7,0,0,0,1,0,0,20,0,0,6,9,6,13.571428571428571,0,0,6,10,5,13.6,0,15.5,2.8,-4.06,Enrolled,Female,Local
3402,1,1,1,9773,1,1,150.0,1,19,38,9,5,143.0,0,0,0,1,0,0,18,0,0,6,6,5,13.0,0,0,6,6,6,13.666666666666666,0,12.7,3.7,-1.7,Graduate,Female,Local
3403,1,17,5,9500,1,1,141.0,1,19,19,9,7,131.9,1,0,0,1,0,1,18,0,0,7,8,7,13.56875,0,0,8,8,8,14.02625,0,15.5,2.8,-4.06,Graduate,Female,Local
3404,2,43,1,9991,0,1,134.0,1,37,37,9,9,113.7,0,0,0,1,0,0,32,0,1,5,5,5,10.2,0,0,5,9,4,11.25,0,9.4,-0.8,-3.12,Enrolled,Female,Local
3405,1,17,2,171,1,1,146.0,1,3,3,3,3,155.1,1,0,0,1,0,0,18,0,0,0,0,0,0.0,0,0,0,0,0,0.0,0,13.9,-0.3,0.79,Graduate,Female,Local
3406,1,16,3,9853,1,1,134.0,1,19,37,9,9,121.1,1,0,0,1,0,0,19,0,0,6,8,5,12.2,0,0,6,8,5,11.8,0,10.8,1.4,1.74,Enrolled,Female,Local
3407,1,1,3,9500,1,1,139.0,1,1,19,9,3,130.3,1,0,0,1,0,1,18,0,0,8,8,8,14.15375,0,0,8,8,8,14.15375,0,9.4,-0.8,-3.12,Graduate,Female,Local
3408,1,1,6,9500,1,1,136.0,1,1,1,4,5,123.3,0,0,0,0,0,0,18,0,0,8,8,0,0.0,8,0,8,8,0,0.0,8,9.4,-0.8,-3.12,Dropout,Female,Local
3409,1,1,5,9773,1,1,110.0,1,19,38,3,5,117.4,1,0,0,1,0,0,20,0,0,6,7,6,13.833333333333334,0,0,6,6,6,12.833333333333334,0,11.1,0.6,2.02,Graduate,Female,Local
3410,1,5,1,9670,1,1,135.0,1,1,12,4,4,140.3,1,0,0,1,0,0,19,0,0,6,7,6,13.428571428571429,0,0,6,6,4,14.0,0,12.4,0.5,1.79,Enrolled,Female,Local
3411,1,17,4,9500,1,1,129.0,1,38,37,9,5,120.0,1,0,0,1,0,0,19,0,0,8,8,7,12.454285714285716,0,0,8,8,7,12.454285714285716,0,10.8,1.4,1.74,Graduate,Female,Local
3412,1,17,1,9147,1,1,139.0,1,38,38,7,5,133.4,0,0,0,1,0,0,18,0,0,5,9,1,11.0,1,0,5,10,0,0.0,0,9.4,-0.8,-3.12,Enrolled,Female,Local
3413,1,1,4,9500,1,1,137.0,1,1,19,4,7,126.7,1,0,0,1,0,0,18,0,0,7,0,0,0.0,0,0,8,0,0,0.0,0,15.5,2.8,-4.06,Dropout,Female,Local
3414,1,17,3,9500,1,1,138.0,1,1,19,7,8,129.3,1,0,0,1,0,1,18,0,0,7,8,6,13.271666666666668,0,0,8,11,7,12.94375,0,12.4,0.5,1.79,Graduate,Female,Local
3415,1,17,6,9500,1,1,136.0,1,3,38,2,9,125.7,1,0,0,1,0,0,20,0,0,7,8,6,13.548333333333334,0,0,8,11,6,14.775,0,11.1,0.6,2.02,Enrolled,Female,Local
3416,1,1,1,9773,1,1,143.0,1,3,3,2,5,144.8,0,0,0,1,0,0,19,0,0,6,6,6,12.166666666666666,0,0,6,6,6,12.5,0,16.2,0.3,-0.92,Enrolled,Female,Local
3417,1,1,1,9254,1,1,133.1,1,38,19,3,3,98.6,0,0,0,1,0,0,21,0,0,6,16,2,11.0,0,0,6,12,0,0.0,0,12.7,3.7,-1.7,Dropout,Female,Local
3418,1,1,1,9853,1,1,136.0,1,38,37,9,9,126.9,1,0,0,1,0,1,19,0,0,7,7,7,13.285714285714286,0,0,7,7,7,14.428571428571429,0,11.1,0.6,2.02,Graduate,Female,Local
3419,1,17,1,9238,1,1,139.0,1,19,38,4,9,146.7,1,0,0,1,0,1,20,0,0,6,6,6,13.333333333333334,0,0,6,7,6,14.0,0,15.5,2.8,-4.06,Graduate,Female,Local
3420,1,1,1,9500,1,1,125.0,1,1,1,9,4,117.0,0,0,0,1,0,1,21,0,0,8,8,8,13.2575,0,0,8,8,8,13.2575,0,9.4,-0.8,-3.12,Graduate,Female,Local
3421,1,44,1,9085,1,39,130.0,1,37,38,9,6,130.0,1,0,0,1,0,0,23,0,0,6,7,0,0.0,0,0,6,7,0,0.0,0,11.1,0.6,2.02,Dropout,Female,Local
3422,1,17,1,9238,1,1,137.0,1,1,38,5,8,125.8,0,0,0,0,0,1,18,0,0,6,10,6,12.666666666666666,0,0,6,6,2,11.5,0,12.7,3.7,-1.7,Dropout,Female,Local
3423,2,39,1,9991,0,3,130.0,1,3,1,1,10,160.0,0,0,0,1,0,0,30,0,0,5,5,5,14.6,0,0,5,5,5,15.4,0,12.7,3.7,-1.7,Dropout,Female,Local
3424,1,1,1,9085,1,1,130.0,1,9,19,4,1,134.2,1,0,0,1,0,0,20,0,0,5,13,0,0.0,5,0,5,5,0,0.0,5,9.4,-0.8,-3.12,Dropout,Female,Local
3425,2,43,2,9147,1,1,160.0,1,37,37,9,9,96.0,0,0,0,0,0,0,29,0,3,5,7,3,12.333333333333334,0,0,5,8,0,0.0,0,10.8,1.4,1.74,Dropout,Female,Local
3426,1,18,1,9147,1,1,100.0,1,38,38,5,5,101.8,1,0,0,1,0,0,24,0,0,5,5,5,10.8,0,0,5,11,2,11.0,0,10.8,1.4,1.74,Enrolled,Female,Local
3427,1,1,1,9238,1,1,136.0,1,19,1,4,3,125.2,1,0,0,1,0,0,20,0,0,6,7,6,11.666666666666666,0,0,6,10,6,11.333333333333334,0,7.6,2.6,0.32,Graduate,Female,Local
3428,1,43,1,8014,0,1,117.0,1,37,37,9,9,100.0,0,0,0,1,0,0,27,0,0,6,6,4,12.5,0,0,6,6,6,14.333333333333334,0,13.9,-0.3,0.79,Dropout,Female,Local
3429,2,7,1,9147,1,3,140.0,1,37,37,9,9,140.0,0,0,0,1,0,0,23,0,0,5,0,0,0.0,0,0,5,0,0,0.0,0,7.6,2.6,0.32,Dropout,Female,Local
3430,1,51,1,9070,1,1,132.0,1,19,19,153,153,120.0,0,0,0,1,0,1,23,0,0,6,6,6,15.333333333333334,0,0,6,6,6,14.166666666666666,0,11.1,0.6,2.02,Graduate,Female,Local
3431,1,1,3,9500,1,1,147.0,1,1,1,4,4,134.3,1,0,0,1,0,0,18,0,0,8,8,7,14.2,0,0,8,8,7,14.2,0,12.7,3.7,-1.7,Graduate,Female,Local
3432,1,1,1,9773,1,1,158.0,1,38,38,9,7,144.7,1,0,0,1,0,1,19,0,0,6,6,6,14.833333333333334,0,0,6,6,6,14.666666666666666,0,12.7,3.7,-1.7,Graduate,Female,Local
3433,1,17,6,9500,1,1,142.0,1,19,37,4,9,131.9,1,0,0,1,0,0,19,0,0,7,7,7,13.642857142857142,0,0,8,8,8,14.3875,0,13.9,-0.3,0.79,Dropout,Female,Local
3434,1,1,1,9773,1,1,143.0,1,1,38,8,8,136.7,1,0,0,1,0,1,18,0,0,6,6,6,13.833333333333334,0,0,6,6,6,14.0,0,11.1,0.6,2.02,Dropout,Female,Local
3435,1,1,2,9070,1,1,135.0,1,1,1,4,7,129.8,1,0,0,1,0,0,19,0,0,6,6,6,11.833333333333334,0,0,6,7,6,13.0,0,9.4,-0.8,-3.12,Graduate,Female,Local
3436,1,1,1,9773,1,1,160.0,1,1,38,4,7,146.5,0,0,0,1,0,1,18,0,0,6,7,6,13.428571428571429,0,0,6,10,6,13.5,0,13.9,-0.3,0.79,Graduate,Female,Local
3437,1,43,1,9991,0,1,120.0,1,37,37,9,8,122.5,1,0,0,1,0,0,29,0,8,13,16,8,10.5,0,8,12,19,9,10.333333333333334,0,9.4,-0.8,-3.12,Enrolled,Female,Local
3438,1,39,2,9556,1,19,133.1,1,37,37,3,7,117.8,0,0,0,1,0,0,24,0,0,7,10,6,11.416666666666666,0,0,8,9,8,11.9625,0,13.9,-0.3,0.79,Graduate,Female,Local
3439,1,17,2,9556,1,1,133.1,1,37,38,9,8,106.0,1,0,0,1,0,0,19,0,0,7,16,2,12.75,0,0,7,12,2,11.0,0,8.9,1.4,3.51,Dropout,Female,Local
3440,1,17,1,9556,1,1,133.0,1,1,38,4,9,119.0,0,0,0,1,0,0,19,0,0,7,10,6,11.15,0,0,7,7,7,12.814285714285717,0,12.7,3.7,-1.7,Enrolled,Female,Local
3441,1,1,1,9670,1,1,120.0,1,38,19,4,8,115.1,0,0,0,1,0,0,19,0,0,6,8,3,11.666666666666666,0,0,6,11,5,13.625,0,10.8,1.4,1.74,Enrolled,Female,Local
3442,1,17,4,9254,1,1,106.0,1,37,19,9,7,116.9,1,0,0,1,0,0,20,0,0,6,7,6,11.5,0,0,6,8,5,12.4,0,11.1,0.6,2.02,Graduate,Female,Local
3443,1,1,2,9773,1,1,148.0,1,1,19,9,9,141.7,0,0,0,1,0,0,18,0,0,6,6,6,13.833333333333334,0,0,6,6,6,12.666666666666666,0,10.8,1.4,1.74,Graduate,Female,Local
3444,1,1,2,9070,1,1,134.0,1,1,19,3,3,127.7,1,0,0,0,0,0,18,0,1,6,8,6,11.714285714285714,1,0,6,11,4,11.333333333333334,0,13.9,-0.3,0.79,Dropout,Female,Local
3445,1,1,5,9500,1,1,130.0,1,19,1,9,5,122.1,1,0,0,1,0,1,19,0,0,7,8,7,11.678571428571429,0,0,8,10,7,13.0375,0,12.4,0.5,1.79,Graduate,Female,Local
3446,1,16,1,9085,1,1,150.0,1,3,3,2,1,153.5,1,0,0,1,0,0,19,0,0,6,7,6,15.714285714285714,0,0,6,6,6,14.666666666666666,0,13.9,-0.3,0.79,Dropout,Female,Local
3447,1,1,1,171,1,1,141.0,1,1,19,5,8,141.4,1,0,0,1,0,1,18,0,0,0,0,0,0.0,0,0,0,0,0,0.0,0,13.9,-0.3,0.79,Graduate,Female,Local
3448,1,1,1,9773,1,1,140.0,1,19,37,9,6,135.8,1,0,0,1,0,1,19,0,0,6,6,6,13.0,0,0,6,7,6,13.0,0,10.8,1.4,1.74,Graduate,Female,Local
3449,1,1,2,9500,1,1,138.0,1,3,3,2,2,127.5,1,0,0,1,0,1,18,0,0,7,7,7,14.485714285714286,0,0,8,9,8,14.58888888888889,0,16.2,0.3,-0.92,Graduate,Female,Local
3450,1,39,1,9991,0,1,130.0,1,37,37,9,9,151.6,0,0,0,1,0,0,24,0,0,5,9,5,12.285714285714286,0,0,5,8,5,12.125,0,16.2,0.3,-0.92,Enrolled,Female,Local
3451,1,39,1,9500,1,1,133.1,1,19,19,5,6,121.4,0,0,1,1,0,0,28,0,0,7,12,4,13.375,0,0,7,7,5,13.5,0,13.9,-0.3,0.79,Enrolled,Female,Local
3452,1,42,1,9500,1,1,133.0,1,1,1,4,4,100.0,0,0,0,1,0,0,20,0,1,8,8,7,11.571428571428571,0,1,8,8,7,11.571428571428571,0,12.7,3.7,-1.7,Graduate,Female,Local
3453,1,1,6,9500,1,1,150.0,1,37,38,9,9,131.5,1,0,0,1,0,1,19,0,0,8,8,7,12.657142857142857,0,0,8,8,7,12.657142857142857,0,12.7,3.7,-1.7,Graduate,Female,Local
3454,1,17,1,9147,1,1,117.0,1,37,37,9,9,109.3,0,0,0,0,0,0,22,0,0,5,9,2,10.0,1,0,5,11,1,10.0,0,9.4,-0.8,-3.12,Dropout,Female,Local
3455,1,1,1,9238,1,1,145.0,1,19,1,6,5,127.9,1,0,0,1,0,0,19,0,0,6,7,6,13.714285714285714,0,0,6,6,6,13.166666666666666,0,12.7,3.7,-1.7,Graduate,Female,Local
3456,1,7,1,9238,1,3,140.0,1,37,37,9,9,140.0,1,0,0,1,0,0,36,0,10,14,21,13,13.071428571428571,0,4,11,16,11,13.0,0,16.2,0.3,-0.92,Graduate,Female,Local
3457,1,44,1,9003,1,39,160.0,1,37,38,9,7,160.0,0,0,0,1,0,1,19,0,0,6,7,6,15.333333333333334,0,0,6,9,6,14.0,0,15.5,2.8,-4.06,Graduate,Female,Local
3458,1,17,1,9238,1,1,125.0,1,4,3,1,1,119.8,0,0,0,1,0,0,18,0,0,6,9,5,11.571428571428571,0,0,6,8,6,12.142857142857142,0,16.2,0.3,-0.92,Graduate,Female,Local
3459,4,43,4,9991,0,12,133.1,1,37,37,9,9,153.0,0,0,0,0,0,0,40,0,0,5,10,0,0.0,0,0,5,5,0,0.0,0,7.6,2.6,0.32,Dropout,Female,Local
3460,1,1,2,9500,1,1,139.0,1,38,37,9,7,125.0,1,0,0,1,0,1,19,0,0,7,7,6,12.9,0,0,7,7,6,12.9,0,7.6,2.6,0.32,Graduate,Female,Local
3461,4,43,1,9500,1,1,130.0,1,37,37,9,9,103.7,0,0,0,1,0,0,38,0,1,8,12,5,13.126,1,1,8,12,5,13.126,1,10.8,1.4,1.74,Enrolled,Female,Local
3462,1,7,1,9085,1,3,120.0,1,37,37,7,7,120.0,0,0,0,1,0,0,32,0,4,10,20,4,11.5,2,3,9,13,3,11.666666666666666,2,15.5,2.8,-4.06,Dropout,Female,Local
3463,1,1,1,9853,1,1,160.0,1,1,37,9,9,146.0,1,0,0,1,0,0,19,0,0,6,11,3,10.333333333333334,0,0,6,10,5,11.8,0,9.4,-0.8,-3.12,Enrolled,Female,Local
3464,1,17,3,9070,1,1,120.0,1,3,1,4,4,116.9,1,0,0,1,0,0,19,0,0,6,6,6,13.5,0,0,6,7,6,13.428571428571429,0,8.9,1.4,3.51,Graduate,Female,Local
3465,2,39,1,9147,1,1,130.0,1,37,37,9,9,117.9,0,0,0,1,0,0,35,0,0,1,1,0,0.0,1,0,5,0,0,0.0,0,10.8,1.4,1.74,Dropout,Female,Local
3466,1,1,1,9147,1,1,124.0,1,38,19,3,10,128.6,1,0,0,1,0,0,20,0,0,5,5,4,12.0,0,0,4,4,2,11.5,0,7.6,2.6,0.32,Enrolled,Female,Local
3467,1,17,1,9853,1,1,150.0,1,19,19,3,4,135.0,0,0,0,1,0,0,29,0,2,8,10,7,11.142857142857142,0,2,8,11,8,11.375,0,12.7,3.7,-1.7,Graduate,Female,Local
3468,1,1,1,9991,0,1,140.0,1,37,37,9,9,124.6,0,0,0,1,0,0,29,0,0,5,11,5,11.4,0,0,5,10,4,10.25,0,15.5,2.8,-4.06,Enrolled,Female,Local
3469,1,1,5,9500,1,1,135.0,1,37,37,7,7,124.0,1,0,0,1,0,1,19,0,0,8,8,7,12.771428571428572,1,0,8,8,7,12.771428571428572,1,9.4,-0.8,-3.12,Enrolled,Female,Local
3470,1,1,6,9500,1,1,143.0,1,38,19,7,9,129.5,1,0,0,1,0,1,18,0,0,8,8,7,13.79857142857143,0,0,8,8,7,13.79857142857143,0,10.8,1.4,1.74,Graduate,Female,Local
3471,2,39,1,8014,0,19,100.0,1,38,19,0,10,111.3,0,0,1,0,0,0,25,0,0,6,7,6,13.333333333333334,0,0,6,6,6,13.5,0,7.6,2.6,0.32,Graduate,Female,Local
3472,4,39,1,8014,0,19,133.1,1,37,37,9,9,95.0,0,0,1,0,0,0,50,0,0,6,11,0,0.0,0,0,5,6,0,0.0,0,8.9,1.4,3.51,Dropout,Female,Local
3473,2,1,1,9147,1,1,133.1,1,34,34,0,0,131.8,0,0,0,1,0,0,24,0,14,15,17,14,11.357142857142858,0,13,14,15,13,12.846153846153848,0,7.6,2.6,0.32,Dropout,Female,Local
3474,1,1,5,9119,1,1,132.0,1,38,19,5,3,119.1,0,0,0,1,0,0,18,0,0,5,11,0,0.0,0,0,5,8,0,0.0,0,9.4,-0.8,-3.12,Dropout,Female,Local
3475,1,17,1,9085,1,1,131.0,1,38,38,191,174,125.4,1,0,0,1,0,0,20,0,0,6,13,6,15.692307692307692,0,0,6,13,5,14.428571428571429,0,15.5,2.8,-4.06,Graduate,Female,Local
3476,1,16,1,9003,1,1,147.0,1,1,37,4,9,140.7,1,0,1,1,0,1,20,0,13,18,19,18,15.052631578947368,0,11,13,13,13,14.538461538461538,0,15.5,2.8,-4.06,Graduate,Female,Local
3477,1,43,1,9991,0,1,141.0,1,37,37,9,9,131.9,0,0,0,1,0,0,21,0,6,10,20,6,11.5,0,5,10,17,5,12.4,0,9.4,-0.8,-3.12,Dropout,Female,Local
3478,1,39,1,9238,1,1,160.0,1,38,1,9,3,124.0,0,0,1,1,1,0,28,0,2,8,15,7,11.0,0,0,6,17,1,10.0,0,10.8,1.4,1.74,Enrolled,Male,Local
3479,1,1,1,9254,1,1,135.0,1,38,37,9,7,139.2,0,0,0,1,1,1,19,0,0,6,6,6,13.0,0,0,6,6,6,13.166666666666666,0,12.4,0.5,1.79,Graduate,Male,Local
3480,1,1,1,9500,1,1,133.0,1,37,37,9,7,121.8,0,0,0,1,1,1,18,0,0,8,8,8,12.93875,0,0,8,8,8,12.93875,0,9.4,-0.8,-3.12,Graduate,Male,Local
3481,1,17,1,171,1,1,142.0,1,37,37,9,9,132.9,0,0,0,1,1,0,22,0,0,0,0,0,0.0,0,0,0,0,0,0.0,0,12.7,3.7,-1.7,Graduate,Male,Local
3482,1,44,1,9003,1,39,130.0,1,37,37,9,10,130.0,0,0,0,1,1,0,25,0,0,6,6,0,0.0,0,0,6,8,0,0.0,0,15.5,2.8,-4.06,Dropout,Male,Local
3483,2,39,1,9500,1,1,133.1,1,37,37,9,9,130.1,0,0,0,0,1,0,37,0,0,7,10,5,13.0,0,0,7,9,5,12.88,0,11.1,0.6,2.02,Dropout,Male,Local
3484,1,39,1,9500,1,1,133.1,1,37,37,7,7,124.5,0,0,0,0,1,0,38,0,0,7,11,5,12.18,0,0,7,11,4,11.8125,0,11.1,0.6,2.02,Dropout,Male,Local
3485,2,39,1,9670,1,1,130.0,1,19,38,9,9,162.3,0,0,0,1,1,0,36,0,0,6,13,3,11.333333333333334,0,0,6,12,5,11.4,0,13.9,-0.3,0.79,Dropout,Male,Local
3486,1,1,2,9500,1,1,149.0,1,19,1,9,9,137.8,1,0,0,1,1,0,18,0,0,8,8,7,13.0,0,0,8,8,7,13.0,0,12.7,3.7,-1.7,Graduate,Male,Local
3487,1,1,1,9670,1,1,130.0,1,1,1,0,0,119.5,0,0,0,0,1,0,19,0,0,5,5,0,0.0,0,0,6,0,0,0.0,0,9.4,-0.8,-3.12,Dropout,Male,Local
3488,1,39,1,9130,1,1,150.0,1,1,1,4,10,110.0,0,0,1,1,1,0,24,0,0,5,13,2,12.5,2,0,5,8,3,12.333333333333334,0,9.4,-0.8,-3.12,Dropout,Male,Local
3489,1,1,1,9238,1,1,106.0,1,1,1,3,3,105.0,0,0,0,1,1,0,20,0,0,6,9,5,11.0,0,0,6,9,5,12.166666666666666,0,11.1,0.6,2.02,Graduate,Male,Local
3490,1,1,1,171,1,1,162.0,1,37,37,9,9,142.8,1,0,0,1,1,0,21,0,0,0,0,0,0.0,0,0,0,0,0,0.0,0,12.7,3.7,-1.7,Dropout,Male,Local
3491,2,43,3,9991,0,1,120.0,1,37,37,9,9,128.2,1,0,0,1,1,0,32,0,0,5,5,0,0.0,0,0,5,5,0,0.0,0,7.6,2.6,0.32,Dropout,Male,Local
3492,2,39,1,9991,0,19,133.1,1,38,38,7,8,120.0,0,0,0,1,1,0,39,0,0,5,9,0,0.0,0,0,5,5,1,10.0,0,12.7,3.7,-1.7,Dropout,Male,Local
3493,1,7,1,9119,1,3,130.0,1,37,37,9,9,130.0,0,0,0,0,1,0,33,0,0,5,6,0,0.0,0,0,5,5,0,0.0,0,12.7,3.7,-1.7,Dropout,Male,Local
3494,1,17,2,9670,1,1,128.0,1,37,38,5,8,121.7,0,0,0,1,1,1,20,0,0,5,5,5,12.4,0,0,5,5,4,10.75,0,9.4,-0.8,-3.12,Graduate,Male,Local
3495,1,1,1,9003,1,1,124.0,1,38,19,9,7,116.0,0,0,0,1,1,0,19,0,0,6,8,6,15.5,0,0,6,10,6,14.1,0,16.2,0.3,-0.92,Graduate,Male,Local
3496,2,39,1,9991,0,1,133.1,1,37,37,5,8,133.2,0,0,0,0,1,0,43,0,0,5,13,2,11.5,0,0,5,12,3,10.8,0,13.9,-0.3,0.79,Dropout,Male,Local
3497,2,43,1,9991,0,1,114.0,1,37,37,7,8,116.7,0,0,0,1,1,0,49,0,0,5,7,4,13.333333333333334,0,0,5,9,4,11.6,1,16.2,0.3,-0.92,Dropout,Male,Local
3498,1,1,2,9773,1,1,140.0,1,38,38,5,7,126.4,1,0,0,1,1,1,18,0,0,6,8,6,12.666666666666666,0,0,6,6,6,13.5,0,12.7,3.7,-1.7,Graduate,Male,Local
3499,1,39,1,9003,1,1,160.0,1,1,37,191,193,140.0,0,0,0,1,1,0,27,0,0,6,6,0,0.0,0,0,6,6,0,0.0,0,11.1,0.6,2.02,Enrolled,Male,Local
3500,1,1,1,9147,1,1,122.0,1,1,19,9,9,120.3,1,0,0,1,1,1,19,0,0,5,8,5,12.6,0,0,5,9,5,13.6,0,8.9,1.4,3.51,Dropout,Male,Local
3501,1,39,1,9070,1,1,140.0,1,37,37,9,10,118.0,0,0,1,1,1,1,45,0,0,6,6,6,13.5,0,0,6,6,0,0.0,0,16.2,0.3,-0.92,Dropout,Male,Local
3502,1,15,1,9670,1,1,160.0,1,37,12,9,9,149.5,1,0,0,0,1,0,19,0,0,6,6,6,13.0,0,0,6,8,6,13.0,0,13.9,-0.3,0.79,Graduate,Male,Local
3503,1,44,1,9003,1,39,130.0,1,1,3,9,6,130.0,0,0,0,1,1,1,21,0,0,6,15,6,11.714285714285714,0,0,6,8,4,11.75,0,13.9,-0.3,0.79,Graduate,Male,Local
3504,1,1,1,9670,1,1,141.0,1,1,1,5,9,126.3,0,0,0,1,1,1,18,0,0,6,8,6,12.166666666666666,0,0,6,7,5,13.0,0,13.9,-0.3,0.79,Graduate,Male,Local
3505,1,17,3,9147,1,1,127.0,1,37,37,5,7,116.2,0,0,0,1,1,0,18,0,0,5,10,0,0.0,1,0,5,13,0,0.0,0,9.4,-0.8,-3.12,Dropout,Male,Local
3506,1,17,1,9254,1,1,126.0,1,37,37,5,1,126.0,0,0,0,0,1,0,29,0,0,6,12,0,0.0,0,0,6,6,0,0.0,6,9.4,-0.8,-3.12,Dropout,Male,Local
3507,1,1,1,9670,1,1,131.0,1,1,1,4,9,122.3,0,0,0,1,1,0,19,0,0,5,6,5,11.5,0,0,5,5,5,11.6,0,9.4,-0.8,-3.12,Graduate,Male,Local
3508,1,1,1,9147,1,1,130.0,1,19,19,9,7,119.5,1,0,0,1,1,1,18,0,0,5,7,4,11.25,0,0,5,6,4,12.25,0,12.4,0.5,1.79,Enrolled,Male,Local
3509,1,44,1,9070,1,39,130.0,1,1,1,9,9,131.8,0,0,0,1,1,1,22,0,2,7,7,7,12.285714285714286,0,5,9,10,8,12.375,0,12.4,0.5,1.79,Graduate,Male,Local
3510,1,17,6,9500,1,1,140.0,1,1,1,4,3,130.7,1,0,0,1,1,1,18,0,0,7,7,7,12.718571428571428,0,0,8,11,8,12.805555555555555,0,11.1,0.6,2.02,Dropout,Male,Local
3511,1,44,1,9130,1,39,140.0,1,1,19,4,7,140.0,0,0,0,1,1,0,20,0,2,6,12,5,12.4,0,1,6,11,2,15.0,0,13.9,-0.3,0.79,Enrolled,Male,Local
3512,1,1,1,171,1,1,140.0,1,19,19,1,1,129.5,1,0,0,1,1,0,20,0,0,0,0,0,0.0,0,0,0,0,0,0.0,0,10.8,1.4,1.74,Dropout,Male,Local
3513,4,39,1,9670,1,19,133.1,1,37,37,9,7,130.0,0,0,1,1,1,1,29,0,0,6,16,1,14.0,0,0,6,7,0,0.0,0,11.1,0.6,2.02,Dropout,Male,Local
3514,1,39,1,9670,1,1,120.0,1,11,11,90,4,114.0,1,0,0,1,1,0,29,0,0,5,10,3,11.666666666666666,0,0,5,8,4,11.25,0,7.6,2.6,0.32,Dropout,Male,Local
3515,1,43,1,9773,1,1,121.0,1,1,1,4,5,121.0,1,0,0,1,1,0,23,0,0,6,15,1,13.0,0,0,6,8,4,11.25,0,9.4,-0.8,-3.12,Enrolled,Male,Local
3516,1,17,1,171,1,1,123.0,1,3,12,2,9,116.4,1,0,1,1,1,0,19,0,0,0,0,0,0.0,0,0,0,0,0,0.0,0,10.8,1.4,1.74,Dropout,Male,Local
3517,1,1,1,9119,1,1,136.0,1,38,38,9,9,121.7,1,0,0,1,1,0,18,0,0,5,10,0,0.0,0,0,5,11,1,12.0,3,7.6,2.6,0.32,Dropout,Male,Local
3518,2,42,1,9254,1,1,136.0,1,2,2,134,112,130.0,1,0,0,1,1,0,22,0,2,6,13,4,11.5,0,2,6,12,2,12.5,0,7.6,2.6,0.32,Dropout,Male,Local
3519,1,43,1,9991,0,1,120.0,1,37,37,9,9,120.0,1,0,1,1,1,0,34,0,6,10,10,7,11.714285714285714,0,4,10,10,6,11.5,0,10.8,1.4,1.74,Dropout,Male,Local
3520,1,43,1,9991,0,4,160.0,1,3,3,2,1,125.0,0,0,0,1,1,0,26,0,0,5,7,5,12.6,0,0,5,7,5,13.714285714285714,0,13.9,-0.3,0.79,Graduate,Male,Local
3521,1,17,1,171,1,1,125.0,1,37,37,7,9,134.1,1,0,0,1,1,0,24,0,12,17,19,13,11.642857142857142,0,12,17,25,12,11.25,0,11.1,0.6,2.02,Dropout,Male,Local
3522,1,1,1,9670,1,1,146.0,1,1,1,9,8,149.5,1,0,0,1,1,1,17,0,0,6,8,6,14.875,0,0,6,8,6,13.428571428571429,0,11.1,0.6,2.02,Graduate,Male,Local
3523,1,43,4,9670,1,1,117.0,1,3,3,4,4,113.2,0,0,0,1,1,0,21,0,0,5,11,2,10.0,0,0,5,10,3,10.333333333333334,0,9.4,-0.8,-3.12,Enrolled,Male,Local
3524,2,39,1,9991,0,1,150.0,1,1,4,4,2,146.0,0,0,0,1,1,0,34,0,0,5,5,5,14.2,0,0,5,5,5,14.6,0,12.7,3.7,-1.7,Enrolled,Male,Local
3525,1,44,1,9003,1,39,140.0,1,19,38,6,7,140.0,1,0,0,1,1,0,19,0,0,6,8,6,12.714285714285714,0,0,6,9,6,13.5,0,12.4,0.5,1.79,Graduate,Male,Local
3526,2,39,1,9003,1,1,111.0,1,1,3,4,2,162.4,0,0,1,0,1,0,49,0,4,12,16,5,11.6,0,2,7,7,5,11.2,0,8.9,1.4,3.51,Dropout,Male,Local
3527,1,43,1,9500,1,1,120.0,1,2,4,4,5,136.6,0,0,0,1,1,0,23,0,0,7,14,5,11.94,0,0,7,14,6,12.2,0,13.9,-0.3,0.79,Dropout,Male,Local
3528,1,18,3,9119,1,1,111.0,1,1,19,9,8,111.0,1,0,0,1,1,0,18,0,0,5,10,4,11.6,0,0,5,9,3,14.2,0,12.4,0.5,1.79,Dropout,Male,Local
3529,1,1,1,9500,1,1,118.0,1,12,1,4,10,115.7,0,0,0,1,1,0,20,0,0,7,9,5,12.7,0,0,8,9,7,13.475,0,13.9,-0.3,0.79,Enrolled,Male,Local
3530,1,1,3,9670,1,1,106.0,1,3,1,2,3,105.7,1,0,0,1,1,0,19,0,0,6,6,6,13.333333333333334,0,0,6,9,5,13.8,0,8.9,1.4,3.51,Graduate,Male,Local
3531,1,42,1,9003,1,39,120.0,1,3,1,2,6,128.2,1,0,0,1,1,0,24,0,4,9,13,8,13.333333333333334,0,5,10,12,9,13.11111111111111,0,16.2,0.3,-0.92,Enrolled,Male,Local
3532,1,1,1,9147,1,1,151.0,1,1,38,4,7,137.0,1,0,0,1,1,0,18,0,0,5,5,5,13.4,0,0,5,5,5,15.0,0,8.9,1.4,3.51,Graduate,Male,Local
3533,2,39,1,9254,1,19,133.1,1,34,34,0,0,120.0,0,0,1,0,1,0,45,0,0,6,12,0,0.0,0,0,6,12,0,0.0,0,9.4,-0.8,-3.12,Dropout,Male,Local
3534,1,39,1,9991,0,1,120.0,1,34,34,0,0,120.5,1,0,0,1,1,0,30,0,0,5,5,2,11.0,0,0,5,5,0,0.0,0,7.6,2.6,0.32,Dropout,Male,Local
3535,1,51,1,9991,0,39,120.0,1,1,4,4,10,118.1,0,0,0,1,1,0,28,0,13,15,17,13,12.0,0,9,13,13,9,11.333333333333334,0,8.9,1.4,3.51,Dropout,Male,Local
3536,1,39,1,9991,0,1,110.0,1,37,37,9,9,139.0,0,0,0,1,1,0,40,0,0,5,0,0,0.0,0,0,5,0,0,0.0,0,12.7,3.7,-1.7,Dropout,Male,Local
3537,1,39,2,9147,1,19,133.1,1,38,19,4,10,116.3,0,0,0,0,1,0,32,0,0,5,5,0,0.0,0,0,5,9,0,0.0,0,10.8,1.4,1.74,Dropout,Male,Local
3538,1,17,5,9254,1,1,118.0,1,19,37,5,5,120.5,1,0,0,1,1,0,19,0,0,6,12,4,12.5,0,0,6,12,4,10.25,0,7.6,2.6,0.32,Dropout,Male,Local
3539,1,1,1,9070,1,1,139.0,1,1,19,3,9,134.9,1,0,0,1,1,0,20,0,0,6,7,6,13.666666666666666,0,0,6,7,6,12.166666666666666,1,16.2,0.3,-0.92,Graduate,Male,Local
3540,1,17,1,9119,1,1,130.0,1,1,3,4,2,123.0,0,0,0,1,1,0,18,0,0,5,10,1,10.0,0,0,5,7,0,0.0,0,9.4,-0.8,-3.12,Dropout,Male,Local
3541,1,17,1,9670,1,1,132.0,1,38,37,9,9,122.9,0,0,0,0,1,0,20,0,0,6,6,6,11.5,0,0,6,9,2,13.0,0,10.8,1.4,1.74,Dropout,Male,Local
3542,1,39,1,9991,0,1,100.0,1,37,38,9,4,140.0,0,0,0,1,1,0,39,0,0,5,7,4,12.25,0,0,5,7,4,12.75,0,15.5,2.8,-4.06,Enrolled,Male,Local
3543,1,17,1,9085,1,1,120.0,1,19,38,4,8,122.5,0,0,0,0,1,0,19,0,0,6,11,5,13.6,0,0,6,11,5,13.666666666666666,0,11.1,0.6,2.02,Enrolled,Male,Local
3544,1,39,1,9991,0,12,133.1,1,37,37,9,9,121.5,0,0,0,1,1,0,38,0,0,5,11,2,10.5,0,0,5,9,3,11.333333333333334,1,7.6,2.6,0.32,Enrolled,Male,Local
3545,1,17,3,9500,1,1,156.0,1,19,37,4,9,132.3,1,0,0,1,1,1,18,0,0,7,7,6,13.266666666666666,0,0,7,7,6,13.266666666666666,0,7.6,2.6,0.32,Graduate,Male,Local
3546,1,17,4,9500,1,1,143.0,1,19,38,9,6,131.5,1,0,0,1,1,1,18,0,0,7,8,7,12.5125,0,0,8,8,8,14.1875,0,13.9,-0.3,0.79,Graduate,Male,Local
3547,2,43,1,9130,1,9,133.1,1,34,34,0,0,128.2,0,0,0,1,1,0,28,0,0,5,9,0,0.0,0,0,5,5,0,0.0,0,7.6,2.6,0.32,Dropout,Male,Local
3548,1,39,1,9670,1,1,140.0,1,37,37,9,9,148.0,1,0,0,0,1,0,31,0,0,6,14,0,0.0,0,0,6,6,0,0.0,0,12.7,3.7,-1.7,Dropout,Male,Local
3549,1,1,1,9500,1,1,127.0,1,2,19,3,9,121.5,0,0,0,1,1,0,23,0,0,7,7,6,13.483333333333334,0,0,7,7,6,13.483333333333334,0,7.6,2.6,0.32,Graduate,Male,Local
3550,1,1,1,9500,1,1,135.0,1,38,19,194,193,135.4,1,0,0,1,1,0,21,0,0,7,9,6,12.565,0,0,8,12,5,12.16,0,11.1,0.6,2.02,Enrolled,Male,Local
3551,1,39,1,9238,1,19,133.1,1,37,37,9,9,139.0,0,0,1,0,1,0,33,0,0,6,8,0,0.0,0,0,5,6,0,0.0,0,16.2,0.3,-0.92,Dropout,Male,Local
3552,1,43,1,9147,1,1,120.0,1,37,37,5,3,113.4,0,0,0,1,1,0,22,0,0,5,9,3,13.0,0,0,5,9,3,11.666666666666666,0,12.7,3.7,-1.7,Dropout,Male,Local
3553,1,44,1,9119,1,39,150.0,1,19,37,9,9,150.0,1,0,1,1,1,0,20,0,0,5,6,5,16.5,0,0,5,7,5,17.714285714285715,0,12.4,0.5,1.79,Dropout,Male,Local
3554,1,17,1,9670,1,1,123.0,1,37,38,3,3,122.0,0,0,1,1,1,0,19,0,0,6,7,6,13.166666666666666,0,0,6,9,5,13.2,0,8.9,1.4,3.51,Enrolled,Male,Local
3555,1,44,1,9085,1,39,150.0,1,38,38,4,1,150.0,1,0,0,1,1,0,20,0,1,6,11,6,13.8,0,1,6,7,6,13.142857142857142,0,16.2,0.3,-0.92,Graduate,Male,Local
3556,1,39,1,9254,1,12,133.1,1,37,37,5,7,119.3,1,0,0,1,1,0,25,0,0,6,7,6,11.166666666666666,0,0,6,11,4,11.8,0,9.4,-0.8,-3.12,Enrolled,Male,Local
3557,1,39,1,9003,1,1,130.0,1,1,1,9,4,140.0,0,0,0,0,1,0,25,0,0,6,0,0,0.0,0,0,6,0,0,0.0,0,13.9,-0.3,0.79,Dropout,Male,Local
3558,1,1,4,9070,1,1,140.0,1,4,19,2,10,125.0,1,0,0,1,1,0,19,0,0,6,7,6,12.666666666666666,0,0,6,8,6,12.142857142857142,0,9.4,-0.8,-3.12,Enrolled,Male,Local
3559,1,1,1,9670,1,1,141.0,1,2,1,2,4,140.7,1,0,0,1,1,0,20,0,0,5,5,5,12.6,0,0,5,6,4,14.5,1,7.6,2.6,0.32,Graduate,Male,Local
3560,2,39,1,9500,1,19,133.1,1,19,19,4,4,100.0,0,0,0,1,1,0,33,0,0,7,7,5,13.06,0,0,7,9,0,0.0,0,16.2,0.3,-0.92,Enrolled,Male,Local
3561,1,17,5,9773,1,1,146.0,1,1,37,5,5,146.7,1,0,0,1,1,0,19,0,0,6,7,6,13.833333333333334,0,0,6,8,6,13.625,0,7.6,2.6,0.32,Graduate,Male,Local
3562,1,39,1,9130,1,19,133.1,1,34,34,99,99,96.0,0,0,0,1,1,0,31,0,0,5,5,0,0.0,0,0,5,5,0,0.0,0,7.6,2.6,0.32,Dropout,Male,Local
3563,1,44,1,9119,1,39,160.0,1,3,38,2,3,160.0,0,0,1,0,1,0,24,0,2,6,6,2,16.0,0,2,7,7,2,16.0,0,8.9,1.4,3.51,Dropout,Male,Local
3564,1,44,1,9119,1,39,130.0,1,19,3,3,4,130.0,0,0,1,0,1,0,23,0,0,5,5,0,0.0,0,0,5,5,0,0.0,0,15.5,2.8,-4.06,Dropout,Male,Local
3565,2,39,1,9991,0,1,160.0,1,1,3,1,2,130.0,0,0,0,0,1,1,26,0,0,5,12,3,10.666666666666666,0,0,5,11,3,10.666666666666666,0,9.4,-0.8,-3.12,Dropout,Male,Local
3566,2,43,1,9070,1,2,140.0,1,37,37,6,6,140.0,1,0,0,1,1,0,38,0,14,18,18,18,14.5,0,13,18,18,18,14.5,0,16.2,0.3,-0.92,Graduate,Male,Local
3567,1,1,6,9119,1,1,126.0,1,19,19,7,3,116.6,1,0,0,1,1,1,20,0,0,5,6,5,14.0,0,0,5,7,5,13.8,0,8.9,1.4,3.51,Graduate,Male,Local
3568,1,17,5,9119,1,1,118.0,1,1,19,9,9,120.5,1,0,0,1,1,0,20,0,0,5,10,3,13.333333333333334,0,0,5,11,5,13.571428571428571,0,12.4,0.5,1.79,Graduate,Male,Local
3569,1,39,1,9085,1,19,133.1,1,3,1,2,5,103.0,0,0,0,1,1,0,25,0,0,6,0,0,0.0,0,0,6,0,0,0.0,0,10.8,1.4,1.74,Dropout,Male,Local
3570,1,17,2,9070,1,1,121.0,1,1,19,144,144,111.9,1,0,0,1,1,0,19,0,0,6,9,5,12.0,0,0,6,10,4,11.2,0,8.9,1.4,3.51,Graduate,Male,Local
3571,1,17,1,9119,1,1,148.0,1,1,38,4,5,148.7,0,0,0,1,1,0,18,0,0,5,6,5,16.2,0,0,5,8,5,16.0,0,8.9,1.4,3.51,Graduate,Male,Local
3572,1,43,1,9991,0,12,133.1,1,12,12,9,9,120.0,0,0,0,1,1,0,28,0,7,13,13,7,10.285714285714286,0,5,11,13,5,10.6,0,10.8,1.4,1.74,Dropout,Male,Local
3573,1,1,2,9119,1,1,140.0,1,19,19,9,9,125.7,1,0,0,1,1,0,18,0,0,5,5,0,0.0,0,0,5,5,0,0.0,0,9.4,-0.8,-3.12,Enrolled,Male,Local
3574,1,1,1,9254,1,1,132.0,1,1,38,9,9,120.1,1,0,0,1,1,1,20,0,0,6,7,6,13.571428571428571,0,0,6,8,6,13.166666666666666,0,8.9,1.4,3.51,Graduate,Male,Local
3575,1,1,1,9130,1,1,140.0,1,4,3,3,3,127.8,0,0,0,1,1,0,18,0,0,6,7,6,14.285714285714286,0,0,6,9,6,14.857142857142858,0,11.1,0.6,2.02,Graduate,Male,Local
3576,1,17,3,9147,1,1,112.0,1,1,1,3,3,106.4,1,0,0,1,1,0,19,0,0,5,7,5,10.2,0,0,5,6,4,10.5,0,12.4,0.5,1.79,Graduate,Male,Local
3577,1,42,1,9500,1,1,100.0,1,19,19,9,9,100.0,0,0,1,1,1,0,24,0,0,8,16,2,10.25,1,0,8,16,2,10.25,1,12.7,3.7,-1.7,Dropout,Male,Local
3578,1,17,4,9085,1,1,126.0,1,1,3,5,5,123.9,1,0,0,1,1,0,21,0,0,6,0,0,0.0,0,0,6,0,0,0.0,0,10.8,1.4,1.74,Dropout,Male,Local
3579,1,1,1,9670,1,1,150.0,1,3,37,4,7,139.5,0,0,0,1,1,1,20,0,0,6,7,6,14.833333333333334,0,0,6,6,6,14.833333333333334,0,12.7,3.7,-1.7,Graduate,Male,Local
3580,1,44,1,9003,1,39,150.0,1,19,1,9,8,150.0,1,0,0,1,1,0,21,0,0,6,12,5,13.625,0,0,6,6,5,12.6,0,13.9,-0.3,0.79,Graduate,Male,Local
3581,2,1,1,9556,1,1,144.0,1,19,19,193,144,139.8,0,0,1,1,1,0,24,0,0,7,7,7,12.271428571428572,0,0,8,10,7,13.657142857142857,0,10.8,1.4,1.74,Graduate,Male,Local
3582,1,39,1,9991,0,1,133.1,1,38,37,9,9,154.4,0,0,0,1,1,0,27,0,0,5,0,0,0.0,0,0,5,0,0,0.0,0,10.8,1.4,1.74,Dropout,Male,Local
3583,1,17,6,9147,1,1,120.0,1,37,38,9,9,115.5,1,0,1,0,1,0,19,0,0,5,8,4,12.5,0,0,5,9,5,10.5,0,8.9,1.4,3.51,Enrolled,Male,Local
3584,1,39,1,8014,0,1,133.1,1,3,19,4,7,119.0,0,0,0,1,1,0,39,0,3,9,10,9,13.22222222222222,0,2,7,8,7,13.142857142857142,0,8.9,1.4,3.51,Graduate,Male,Local
3585,1,39,1,33,1,1,133.1,1,19,37,9,9,96.1,0,0,0,1,1,0,25,0,0,7,13,2,15.0,0,0,7,12,2,11.5,0,12.4,0.5,1.79,Dropout,Male,Local
3586,1,7,1,171,1,3,130.0,1,1,2,9,2,130.0,0,0,0,0,1,0,18,0,0,0,0,0,0.0,0,0,0,0,0,0.0,0,9.4,-0.8,-3.12,Dropout,Male,Local
3587,1,43,1,9070,1,1,133.0,1,1,2,9,2,128.8,0,0,0,1,1,0,19,0,6,12,12,12,13.166666666666666,0,6,12,12,12,13.0,0,10.8,1.4,1.74,Graduate,Male,Local
3588,1,18,1,9773,1,1,124.0,1,38,37,9,8,126.8,0,0,0,1,1,1,21,0,0,6,8,5,13.833333333333334,0,0,6,6,4,14.0,0,13.9,-0.3,0.79,Graduate,Male,Local
3589,1,7,1,9991,0,40,130.0,1,1,3,4,2,130.0,0,0,0,1,1,0,27,0,0,5,0,0,0.0,0,0,5,0,0,0.0,0,8.9,1.4,3.51,Dropout,Male,Local
3590,1,1,3,9147,1,1,124.0,1,1,1,5,3,116.7,1,0,0,1,1,0,19,0,0,5,6,0,0.0,0,0,5,6,0,0.0,0,7.6,2.6,0.32,Enrolled,Male,Local
3591,1,17,3,9500,1,1,132.0,1,3,1,2,7,125.5,1,0,0,1,1,0,18,0,0,8,8,7,13.154285714285717,0,0,8,8,7,13.154285714285717,0,10.8,1.4,1.74,Enrolled,Male,Local
3592,1,7,1,9670,1,3,110.0,1,27,37,3,3,110.0,1,0,0,1,1,0,27,0,7,12,12,9,12.333333333333334,0,6,11,11,6,13.166666666666666,0,9.4,-0.8,-3.12,Dropout,Male,Local
3593,1,1,3,9773,1,1,127.0,1,19,38,8,3,133.7,1,0,1,1,1,0,18,0,0,6,6,6,13.0,0,0,6,7,5,11.8,0,12.7,3.7,-1.7,Dropout,Male,Local
3594,1,1,1,9130,1,1,130.0,1,2,3,9,1,117.6,0,0,0,1,1,0,19,0,0,5,14,2,11.5,2,0,5,8,5,11.4,3,9.4,-0.8,-3.12,Enrolled,Male,Local
3595,1,44,1,9003,1,39,140.0,1,19,38,9,10,140.0,0,0,0,1,1,0,19,0,0,6,15,3,13.25,0,0,6,9,1,12.0,0,13.9,-0.3,0.79,Dropout,Male,Local
3596,1,44,1,9003,1,39,150.0,1,19,1,1,1,150.0,0,0,0,1,1,0,22,0,0,6,12,3,13.333333333333334,0,0,6,12,3,12.75,0,15.5,2.8,-4.06,Enrolled,Male,Local
3597,1,16,2,9238,1,1,133.0,1,19,38,4,5,133.7,1,0,0,1,0,0,18,0,0,6,6,6,13.5,0,0,6,6,6,12.166666666666666,0,10.8,1.4,1.74,Graduate,Female,Local
3598,1,16,4,9773,1,1,109.0,1,37,37,9,3,137.0,1,0,0,1,0,1,18,0,0,6,7,6,12.666666666666666,0,0,6,8,5,12.8,0,10.8,1.4,1.74,Graduate,Female,Local
3599,1,43,1,9147,1,1,133.1,1,4,19,2,1,128.2,0,0,0,1,0,0,23,0,7,11,18,11,15.090909090909092,1,2,6,7,6,14.5,0,9.4,-0.8,-3.12,Dropout,Female,Local
3600,1,18,4,171,1,1,133.0,1,1,4,9,5,129.2,1,0,1,0,1,0,20,0,0,0,0,0,0.0,0,0,0,0,0,0.0,0,9.4,-0.8,-3.12,Dropout,Male,Local
3601,1,17,3,9773,1,1,134.0,1,2,1,3,3,129.5,1,0,0,1,1,0,18,0,0,6,7,6,13.166666666666666,0,0,6,7,6,12.666666666666666,0,16.2,0.3,-0.92,Graduate,Male,Local
3602,1,1,4,9773,1,1,125.0,1,19,19,9,7,129.6,1,0,0,1,1,0,18,0,0,6,6,6,12.833333333333334,0,0,6,8,6,12.833333333333334,0,12.4,0.5,1.79,Graduate,Male,Local
3603,1,17,3,9119,1,1,135.0,1,1,19,141,193,121.7,1,0,0,1,1,0,18,0,0,5,7,5,11.8,0,0,5,9,3,12.0,0,8.9,1.4,3.51,Enrolled,Male,Local
3604,1,17,2,9773,1,1,132.0,1,19,1,9,9,141.8,1,0,0,1,1,0,20,0,0,6,6,6,11.833333333333334,0,0,6,6,6,12.166666666666666,0,12.7,3.7,-1.7,Graduate,Male,Local
3605,1,1,3,9773,1,1,135.0,1,3,1,2,4,129.8,1,0,0,1,1,0,20,0,0,6,6,5,12.8,0,0,6,11,3,12.75,0,15.5,2.8,-4.06,Graduate,Male,Local
3606,1,44,1,9070,1,39,100.0,1,1,1,4,4,106.0,0,0,0,1,1,0,21,0,2,7,7,5,11.8,0,5,9,9,5,11.0,0,12.4,0.5,1.79,Dropout,Male,Local
3607,1,43,1,171,1,1,144.0,1,19,19,9,4,121.6,0,0,0,1,1,0,22,0,0,0,0,0,0.0,0,0,0,0,0,0.0,0,13.9,-0.3,0.79,Enrolled,Male,Local
3608,1,17,1,9119,1,1,125.0,1,19,1,5,4,121.5,1,0,0,1,1,0,20,0,0,5,7,5,15.8,0,0,5,7,5,14.571428571428571,0,11.1,0.6,2.02,Dropout,Male,Local
3609,1,1,1,171,1,1,133.1,1,1,37,9,9,117.0,0,0,1,1,1,0,19,0,0,0,0,0,0.0,0,0,0,0,0,0.0,0,15.5,2.8,-4.06,Enrolled,Male,Local
3610,1,44,1,9119,1,39,130.0,1,38,19,9,5,130.0,1,0,0,1,1,0,19,0,0,5,9,2,12.5,0,0,5,10,3,11.6,0,12.4,0.5,1.79,Enrolled,Male,Local
3611,1,17,1,9670,1,1,117.0,1,1,1,4,4,117.7,1,0,0,1,1,0,20,0,0,6,9,6,14.666666666666666,0,0,6,7,6,13.857142857142858,0,8.9,1.4,3.51,Graduate,Male,Local
3612,1,44,1,9085,1,39,140.0,1,19,37,5,7,140.0,1,0,0,1,1,0,19,0,2,6,10,4,12.5,0,1,6,16,2,12.0,0,12.4,0.5,1.79,Dropout,Male,Local
3613,1,1,1,9119,1,1,132.0,1,1,12,3,3,133.1,1,0,0,1,1,0,19,0,0,5,7,3,12.0,0,0,6,10,2,10.5,0,11.1,0.6,2.02,Dropout,Male,Local
3614,1,15,1,9119,1,1,133.1,41,2,2,2,2,100.0,0,0,1,1,1,0,24,1,2,8,8,7,13.142857142857142,0,1,6,8,6,11.833333333333334,0,8.9,1.4,3.51,Enrolled,Male,International
3615,1,17,1,9670,1,1,132.0,1,19,1,5,4,119.1,0,0,1,1,1,0,18,0,0,6,6,3,12.666666666666666,0,0,6,11,4,11.142857142857142,0,10.8,1.4,1.74,Dropout,Male,Local
3616,1,1,1,9119,1,1,148.0,1,19,19,9,8,129.8,0,0,0,0,1,1,18,0,0,5,6,5,15.0,0,0,5,6,5,14.2,0,8.9,1.4,3.51,Enrolled,Male,Local
3617,1,1,1,9238,1,1,133.0,1,19,38,9,7,131.3,1,0,1,1,0,0,18,0,0,6,7,5,13.6,0,0,6,7,5,11.8,0,8.9,1.4,3.51,Dropout,Female,Local
3618,1,17,5,9773,1,1,143.0,1,1,1,7,7,136.7,1,0,0,1,0,0,18,0,0,6,6,6,12.5,0,0,6,6,6,13.833333333333334,0,8.9,1.4,3.51,Graduate,Female,Local
3619,1,17,1,9238,1,1,143.0,1,19,37,9,9,126.2,1,0,0,1,0,1,21,0,0,6,7,6,13.333333333333334,0,0,6,7,6,13.5,0,12.4,0.5,1.79,Graduate,Female,Local
3620,1,15,1,9085,1,1,133.1,41,37,37,9,9,109.6,0,0,0,1,0,0,18,1,0,6,13,4,12.25,0,0,6,15,5,11.0,0,11.1,0.6,2.02,Dropout,Female,International
3621,1,1,1,9500,1,1,141.0,1,1,19,3,3,131.9,1,0,0,1,0,1,18,0,0,7,7,7,15.101428571428572,0,0,8,8,8,16.09375,0,11.1,0.6,2.02,Graduate,Female,Local
3622,1,1,2,9238,1,1,140.0,1,19,37,9,9,140.7,1,0,0,1,0,1,18,0,0,6,6,6,13.166666666666666,0,0,6,6,6,16.0,0,10.8,1.4,1.74,Graduate,Female,Local
3623,1,18,6,8014,0,1,134.0,1,3,19,2,4,120.7,1,0,0,1,0,0,23,0,0,6,8,4,11.0,0,0,6,6,0,0.0,0,13.9,-0.3,0.79,Dropout,Female,Local
3624,1,1,2,9147,1,1,118.0,1,3,19,2,4,113.8,1,0,0,1,0,0,21,0,0,5,9,3,11.666666666666666,0,0,5,9,4,11.75,0,8.9,1.4,3.51,Graduate,Female,Local
3625,1,1,1,9238,1,1,135.0,1,19,38,7,5,121.0,0,0,0,1,0,0,20,0,0,6,13,1,10.0,0,0,6,13,1,13.0,0,9.4,-0.8,-3.12,Enrolled,Female,Local
3626,1,17,1,8014,0,1,119.0,1,34,34,0,0,112.4,1,0,0,1,0,0,26,0,4,7,15,7,11.571428571428571,0,2,6,14,2,11.0,0,7.6,2.6,0.32,Dropout,Female,Local
3627,1,1,6,9773,1,1,145.0,1,1,19,4,4,131.0,1,0,0,1,0,1,18,0,0,6,6,6,12.166666666666666,0,0,6,10,5,11.2,0,7.6,2.6,0.32,Enrolled,Female,Local
3628,1,1,1,171,1,1,143.0,1,3,37,9,9,142.7,1,0,0,1,0,0,18,0,0,0,0,0,0.0,0,0,0,0,0,0.0,0,16.2,0.3,-0.92,Dropout,Female,Local
3629,1,1,1,9670,1,1,123.0,1,19,19,9,8,125.5,0,0,0,0,0,1,19,0,0,6,6,6,13.833333333333334,0,0,6,7,6,14.285714285714286,0,8.9,1.4,3.51,Graduate,Female,Local
3630,1,1,3,9500,1,1,108.0,1,19,1,9,3,107.8,1,0,0,1,0,1,20,0,0,7,10,6,12.357142857142858,0,0,8,9,7,13.0,0,13.9,-0.3,0.79,Graduate,Female,Local
3631,1,1,3,9773,1,1,117.0,1,38,19,7,7,110.4,1,0,1,0,0,0,19,0,0,6,7,6,12.166666666666666,0,0,6,10,2,10.333333333333334,0,16.2,0.3,-0.92,Dropout,Female,Local
3632,1,44,1,9238,1,39,140.0,1,37,19,191,102,136.1,1,0,1,1,0,0,21,0,3,6,8,3,12.0,0,2,6,6,2,12.5,0,12.4,0.5,1.79,Enrolled,Female,Local
3633,1,39,1,9254,1,1,170.0,1,37,37,4,6,138.3,0,0,0,1,0,0,33,0,5,10,14,9,12.416666666666666,0,5,9,14,7,13.0,0,10.8,1.4,1.74,Graduate,Female,Local
3634,1,1,2,9085,1,1,157.0,1,3,38,4,6,142.3,0,0,0,1,0,0,18,0,0,5,7,4,12.75,0,0,5,6,4,12.75,0,7.6,2.6,0.32,Graduate,Female,Local
3635,1,42,1,9500,1,6,141.0,1,37,1,9,4,145.0,0,0,0,1,0,0,21,0,12,21,33,18,14.933333333333334,12,12,21,33,18,14.933333333333334,12,7.6,2.6,0.32,Graduate,Female,Local
3636,1,1,1,9773,1,1,125.0,1,3,19,2,3,125.7,1,0,0,1,0,0,19,0,0,6,6,6,13.0,0,0,6,7,6,11.666666666666666,0,8.9,1.4,3.51,Graduate,Female,Local
3637,4,39,1,9853,1,19,133.1,1,38,19,9,9,108.0,0,0,1,0,0,0,33,0,0,7,7,7,12.857142857142858,0,0,7,8,6,12.666666666666666,0,8.9,1.4,3.51,Enrolled,Female,Local
3638,2,1,4,9500,1,1,143.0,1,38,38,5,5,128.7,1,0,0,1,0,0,18,0,0,7,10,7,14.455000000000002,0,0,8,8,8,13.91,0,15.5,2.8,-4.06,Graduate,Female,Local
3639,1,1,1,9670,1,1,142.0,1,1,19,4,4,128.0,0,0,0,1,0,1,18,0,0,6,8,6,14.0,0,0,6,7,6,13.285714285714286,0,11.1,0.6,2.02,Graduate,Female,Local
3640,1,1,3,9773,1,1,150.0,1,19,38,4,4,146.5,1,0,0,1,0,1,20,0,0,6,6,6,13.5,0,0,6,7,6,12.666666666666666,0,11.1,0.6,2.02,Graduate,Female,Local
3641,1,1,2,9254,1,1,112.0,1,37,37,6,6,106.1,1,0,0,0,0,0,20,0,0,6,0,0,0.0,0,0,6,0,0,0.0,0,11.1,0.6,2.02,Dropout,Female,Local
3642,1,17,2,8014,0,1,133.1,1,19,1,1,1,118.0,0,0,0,1,0,1,20,0,0,6,6,6,11.666666666666666,0,0,6,12,5,14.0,0,10.8,1.4,1.74,Graduate,Female,Local
3643,1,17,1,9085,1,1,125.0,1,1,37,4,9,117.0,1,0,0,1,0,1,19,0,0,5,6,4,12.0,0,0,5,8,5,13.333333333333334,1,10.8,1.4,1.74,Graduate,Female,Local
3644,1,1,3,9238,1,1,121.0,1,38,37,8,8,115.4,1,0,0,1,0,1,19,0,0,6,7,6,11.714285714285714,0,0,6,6,6,11.833333333333334,0,13.9,-0.3,0.79,Graduate,Female,Local
3645,1,17,3,9238,1,1,133.1,1,41,1,2,3,117.0,1,0,0,1,0,0,21,0,0,6,8,6,12.666666666666666,0,0,6,7,6,12.428571428571429,0,11.1,0.6,2.02,Graduate,Female,Local
3646,1,39,1,9085,1,1,133.1,1,3,3,4,2,144.9,1,0,0,1,0,0,26,0,0,6,11,3,11.75,0,0,6,19,4,12.8,0,12.4,0.5,1.79,Enrolled,Female,Local
3647,1,17,1,9238,1,1,135.0,1,37,37,8,6,127.0,0,0,0,1,0,0,21,0,0,6,0,0,0.0,0,0,6,0,0,0.0,0,16.2,0.3,-0.92,Dropout,Female,Local
3648,1,1,4,9500,1,1,132.0,1,19,38,5,5,118.0,1,0,0,1,0,0,18,0,0,8,8,7,12.328571428571427,0,0,8,8,7,12.328571428571427,0,12.7,3.7,-1.7,Graduate,Female,Local
3649,5,39,1,9853,1,19,133.1,1,37,37,9,8,118.0,0,0,0,1,0,0,27,0,0,7,14,6,11.666666666666666,0,0,7,10,1,10.0,0,12.4,0.5,1.79,Dropout,Female,Local
3650,1,43,1,9070,1,1,135.0,1,1,38,3,9,126.4,1,0,0,1,0,1,20,0,5,12,12,12,13.25,0,5,12,12,11,12.727272727272728,0,15.5,2.8,-4.06,Graduate,Female,Local
3651,1,43,1,9670,1,39,110.0,1,19,3,7,10,110.0,0,0,0,1,0,0,21,0,0,6,8,5,11.833333333333334,0,0,6,8,4,13.25,2,16.2,0.3,-0.92,Enrolled,Female,Local
3652,1,17,1,9556,1,1,133.0,1,38,37,9,9,124.4,1,0,0,1,0,1,18,0,0,7,7,7,13.3,0,0,8,8,8,15.125,0,15.5,2.8,-4.06,Graduate,Female,Local
3653,1,44,1,9085,1,39,140.0,1,1,19,9,9,140.0,1,0,0,1,0,0,20,0,1,6,13,6,12.555555555555555,0,1,6,11,5,11.8,0,16.2,0.3,-0.92,Enrolled,Female,Local
3654,1,1,1,9773,1,1,135.0,1,1,19,4,10,129.4,1,0,0,1,0,0,18,0,0,6,6,6,12.833333333333334,0,0,6,7,6,12.166666666666666,0,11.1,0.6,2.02,Graduate,Female,Local
3655,1,44,1,9238,1,39,140.0,1,1,1,3,5,141.7,0,0,0,1,0,1,20,0,3,6,6,6,12.833333333333334,0,2,6,6,6,12.833333333333334,0,13.9,-0.3,0.79,Graduate,Female,Local
3656,1,1,2,9085,1,1,144.0,1,1,19,4,10,132.1,1,0,0,1,0,1,19,0,0,5,10,3,12.666666666666666,1,0,5,7,3,13.0,0,12.7,3.7,-1.7,Graduate,Female,Local
3657,1,1,5,9500,1,1,122.0,1,37,3,9,2,116.8,1,0,0,1,0,0,20,0,0,7,8,6,13.271428571428572,0,0,8,8,7,14.471428571428572,0,13.9,-0.3,0.79,Graduate,Female,Local
3658,1,1,1,9991,0,1,143.0,1,19,37,5,8,135.0,0,0,0,1,0,1,20,0,0,5,5,5,12.4,0,0,5,6,5,12.833333333333334,0,10.8,1.4,1.74,Graduate,Female,Local
3659,1,44,1,9085,1,39,150.0,1,38,1,5,5,150.0,0,0,0,1,0,0,20,0,0,5,10,2,14.5,1,0,5,7,4,11.25,0,12.7,3.7,-1.7,Enrolled,Female,Local
3660,1,1,3,9238,1,1,124.0,1,19,1,7,10,116.0,1,0,1,1,0,0,19,0,0,6,7,0,0.0,0,0,5,5,0,0.0,0,13.9,-0.3,0.79,Dropout,Female,Local
3661,1,1,1,9773,1,1,156.0,1,3,3,123,122,155.0,0,0,0,1,0,0,18,0,0,6,7,6,14.285714285714286,0,0,6,8,6,13.25,0,8.9,1.4,3.51,Graduate,Female,Local
3662,1,1,1,9085,1,1,142.0,1,38,38,9,10,127.0,1,0,0,1,0,0,18,0,0,5,7,3,12.333333333333334,0,0,5,9,5,12.6,0,10.8,1.4,1.74,Graduate,Female,Local
3663,1,17,1,9500,1,1,142.0,1,38,37,9,8,130.8,1,0,0,1,0,1,19,0,0,7,10,6,12.583333333333334,0,0,8,8,7,12.671428571428573,0,13.9,-0.3,0.79,Graduate,Female,Local
3664,1,1,6,9500,1,1,126.0,1,12,37,5,9,121.8,1,0,0,1,0,0,19,0,0,7,8,6,13.731666666666667,0,0,8,10,7,13.771428571428572,0,12.4,0.5,1.79,Dropout,Female,Local
3665,1,39,1,9003,1,19,133.1,1,37,37,9,4,140.0,0,0,0,1,1,0,43,0,0,6,8,6,12.875,0,0,6,14,5,12.142857142857142,0,16.2,0.3,-0.92,Enrolled,Male,Local
3666,2,42,1,9070,1,1,170.0,1,37,25,0,4,148.5,0,0,0,1,1,0,47,0,8,10,14,8,14.625,0,5,7,7,5,13.4,0,9.4,-0.8,-3.12,Dropout,Male,Local
3667,1,42,1,9147,1,1,130.0,1,34,34,99,99,109.8,1,0,0,0,1,0,23,0,0,3,3,0,0.0,0,0,2,2,0,0.0,0,7.6,2.6,0.32,Dropout,Male,Local
3668,1,1,1,9238,1,1,133.0,41,19,19,9,9,119.7,1,0,1,1,0,1,19,1,0,6,8,6,12.666666666666666,0,0,6,7,6,12.666666666666666,0,8.9,1.4,3.51,Graduate,Female,International
3669,1,42,1,9500,1,1,122.0,1,3,3,2,2,122.0,1,0,0,1,0,0,20,0,0,8,11,6,12.491666666666667,0,0,8,11,6,12.491666666666667,0,12.7,3.7,-1.7,Graduate,Female,Local
3670,1,1,1,171,1,1,138.0,1,1,3,4,4,147.5,1,0,0,1,0,1,19,0,6,12,12,12,13.666666666666666,0,4,11,12,11,14.166666666666666,0,8.9,1.4,3.51,Graduate,Female,Local
3671,1,17,1,9085,1,1,163.0,14,37,37,9,9,150.8,1,0,0,1,0,0,19,1,0,6,13,6,16.0,0,0,6,8,6,14.5,0,15.5,2.8,-4.06,Graduate,Female,International
3672,1,44,1,9085,1,39,150.0,1,19,37,4,7,150.0,1,0,0,1,0,0,19,0,2,6,8,6,14.142857142857142,0,1,6,7,6,13.0,0,13.9,-0.3,0.79,Graduate,Female,Local
3673,1,39,1,8014,0,19,133.1,1,19,19,144,141,131.5,0,0,1,1,0,1,39,0,0,6,9,6,11.833333333333334,0,0,6,9,4,13.75,0,11.1,0.6,2.02,Graduate,Female,Local
3674,1,1,1,9070,1,1,144.0,1,1,1,3,5,127.2,1,0,0,1,0,1,20,0,0,6,6,6,12.666666666666666,0,0,6,8,6,13.0,0,10.8,1.4,1.74,Graduate,Female,Local
3675,1,17,1,9070,1,1,118.0,1,38,19,9,3,111.0,1,0,0,1,0,0,21,0,0,6,6,6,12.5,0,0,6,6,6,12.666666666666666,0,7.6,2.6,0.32,Graduate,Female,Local
3676,1,43,5,9238,1,1,101.0,24,37,19,9,7,119.9,1,0,1,0,0,0,22,1,5,11,16,9,10.88888888888889,0,2,10,20,4,11.25,1,9.4,-0.8,-3.12,Graduate,Female,International
3677,1,1,2,9773,1,1,133.0,1,19,38,5,0,133.7,1,0,0,1,0,0,19,0,0,6,11,1,13.0,0,0,5,10,0,0.0,0,7.6,2.6,0.32,Dropout,Female,Local
3678,1,17,1,9670,1,1,133.1,1,1,19,141,114,140.0,1,0,0,1,0,0,22,0,0,6,6,6,15.166666666666666,0,0,6,6,6,16.0,0,13.9,-0.3,0.79,Graduate,Female,Local
3679,1,5,2,9853,1,1,124.0,1,19,19,3,3,113.9,1,0,0,1,0,1,19,0,0,6,8,6,12.666666666666666,0,0,6,7,6,12.0,0,12.7,3.7,-1.7,Graduate,Female,Local
3680,1,1,1,171,1,1,127.0,1,37,38,9,9,120.7,1,0,1,1,1,0,18,0,0,0,0,0,0.0,0,0,0,0,0,0.0,0,7.6,2.6,0.32,Dropout,Male,Local
3681,5,39,1,9147,1,1,133.1,1,19,19,9,9,119.8,0,0,0,1,1,0,26,0,0,5,9,5,12.0,0,0,5,5,5,10.2,0,11.1,0.6,2.02,Enrolled,Male,Local
3682,1,39,1,9991,0,1,110.0,1,37,37,9,9,121.8,0,0,0,0,1,0,36,0,0,5,5,0,0.0,0,0,5,5,0,0.0,0,12.7,3.7,-1.7,Dropout,Male,Local
3683,1,18,1,171,1,1,110.0,1,19,2,5,5,117.7,1,0,1,1,1,1,20,0,0,0,0,0,0.0,0,0,0,0,0,0.0,0,12.4,0.5,1.79,Graduate,Male,Local
3684,2,39,1,9147,1,1,160.0,1,37,37,9,7,110.0,0,0,0,1,1,0,30,0,0,5,8,2,11.0,0,0,5,6,4,11.5,0,15.5,2.8,-4.06,Dropout,Male,Local
3685,1,43,1,9003,1,1,120.0,1,1,1,4,10,134.4,0,0,0,1,1,0,24,0,0,6,7,6,15.714285714285714,0,0,6,10,6,15.9,0,15.5,2.8,-4.06,Dropout,Male,Local
3686,1,1,1,9147,1,1,133.1,1,34,34,0,0,125.3,0,0,0,1,1,0,26,0,11,15,15,11,10.818181818181818,0,12,14,15,11,11.636363636363637,1,7.6,2.6,0.32,Dropout,Male,Local
3687,1,1,1,9147,1,1,132.0,1,19,38,9,7,119.1,0,0,0,0,1,0,19,0,0,5,16,1,12.0,0,0,5,6,0,0.0,0,13.9,-0.3,0.79,Dropout,Male,Local
3688,5,39,1,9238,1,1,130.0,1,19,38,9,10,146.0,0,0,0,1,1,0,34,0,0,6,8,5,12.6,0,0,6,11,4,11.25,0,12.4,0.5,1.79,Graduate,Male,Local
3689,1,43,1,9130,1,1,130.0,1,1,1,1,1,130.0,1,0,0,1,1,0,33,0,0,5,12,1,13.0,2,0,5,7,3,14.0,0,9.4,-0.8,-3.12,Enrolled,Male,Local
3690,1,17,6,9147,1,1,129.0,1,19,1,9,4,122.0,1,0,0,1,1,0,19,0,0,5,8,5,11.6,1,0,5,10,4,10.75,0,9.4,-0.8,-3.12,Graduate,Male,Local
3691,1,17,5,9119,1,1,130.0,1,19,1,4,5,118.1,1,0,1,0,1,0,26,0,0,5,11,1,10.0,0,0,5,14,1,11.0,0,8.9,1.4,3.51,Dropout,Male,Local
3692,1,39,1,9670,1,1,140.0,1,38,37,7,7,105.2,0,0,0,1,1,0,29,0,0,6,7,1,14.0,0,0,6,6,0,0.0,0,16.2,0.3,-0.92,Dropout,Male,Local
3693,1,17,5,9119,1,1,131.0,1,19,37,9,7,123.3,1,0,0,1,1,1,19,0,0,5,9,5,12.6,0,0,5,8,2,12.5,0,8.9,1.4,3.51,Dropout,Male,Local
3694,1,17,1,171,1,1,129.0,1,1,1,9,9,124.8,1,0,0,1,1,0,18,0,0,0,0,0,0.0,0,0,0,0,0,0.0,0,12.7,3.7,-1.7,Dropout,Male,Local
3695,1,39,1,9991,0,19,133.1,1,19,37,9,9,149.4,0,0,0,0,1,0,29,0,0,5,11,2,11.333333333333334,0,0,5,9,1,12.0,0,11.1,0.6,2.02,Dropout,Male,Local
3696,1,43,1,9254,1,1,112.0,1,37,37,9,9,108.5,0,0,0,1,1,0,21,0,0,6,6,6,12.666666666666666,0,0,6,7,5,11.4,0,9.4,-0.8,-3.12,Graduate,Male,Local
3697,1,17,1,9254,1,1,119.0,1,1,1,4,10,125.0,0,0,0,1,1,0,19,0,0,6,7,5,10.8,0,0,6,10,2,10.5,0,10.8,1.4,1.74,Enrolled,Male,Local
3698,1,1,1,9500,1,1,133.1,1,38,38,5,10,101.0,0,0,0,1,1,0,20,0,0,7,14,5,12.87857142857143,0,0,8,15,7,11.85625,0,15.5,2.8,-4.06,Graduate,Male,Local
3699,1,1,1,9085,1,1,123.0,1,3,1,2,5,112.9,0,0,0,1,1,0,18,0,0,5,5,0,0.0,0,0,5,5,0,0.0,0,7.6,2.6,0.32,Dropout,Male,Local
3700,1,17,3,9070,1,1,131.0,1,38,37,5,5,120.2,1,0,0,1,1,0,18,0,0,6,6,6,12.833333333333334,0,0,6,8,5,11.4,0,15.5,2.8,-4.06,Enrolled,Male,Local
3701,1,1,1,9147,1,1,120.0,1,34,34,99,99,111.6,0,0,1,1,1,1,21,0,0,5,5,5,12.6,0,0,5,9,3,12.833333333333334,0,10.8,1.4,1.74,Enrolled,Male,Local
3702,1,1,1,9147,1,1,125.0,1,1,1,4,2,134.1,1,0,0,1,1,0,20,0,0,5,0,0,0.0,0,0,5,0,0,0.0,0,8.9,1.4,3.51,Dropout,Male,Local
3703,1,39,1,9119,1,1,133.1,1,37,37,9,9,101.6,0,0,0,1,1,1,30,0,0,5,11,0,0.0,0,0,5,5,0,0.0,0,12.7,3.7,-1.7,Dropout,Male,Local
3704,1,18,2,9670,1,1,121.0,1,37,38,4,1,111.9,1,0,0,1,1,0,19,0,0,6,6,6,14.166666666666666,0,0,6,6,6,14.0,0,13.9,-0.3,0.79,Graduate,Male,Local
3705,1,51,1,9147,1,1,148.0,1,1,19,9,6,118.4,1,0,0,1,1,0,30,0,0,5,7,5,13.4,0,0,5,7,4,13.25,0,8.9,1.4,3.51,Dropout,Male,Local
3706,1,1,1,9147,1,1,139.0,1,38,1,5,5,127.1,1,0,0,1,1,1,22,0,0,5,8,5,11.2,0,0,5,13,4,11.25,0,12.7,3.7,-1.7,Graduate,Male,Local
3707,1,17,3,171,1,1,125.0,1,37,37,5,10,120.5,1,0,0,1,1,0,22,0,0,0,0,0,0.0,0,0,0,0,0,0.0,0,12.4,0.5,1.79,Graduate,Male,Local
3708,1,17,4,9070,1,1,128.0,1,1,1,9,10,136.1,1,0,1,0,1,0,19,0,0,6,6,6,12.666666666666666,0,0,6,8,5,11.8,0,11.1,0.6,2.02,Dropout,Male,Local
3709,1,17,2,9670,1,1,132.0,1,1,19,5,3,124.0,1,0,0,1,1,0,21,0,0,5,7,3,12.333333333333334,0,0,5,5,4,11.25,0,7.6,2.6,0.32,Dropout,Male,Local
3710,1,17,4,9085,1,1,137.0,1,38,38,151,151,141.6,0,0,0,1,1,0,21,0,0,5,7,4,12.25,0,0,5,7,5,12.0,0,7.6,2.6,0.32,Graduate,Male,Local
3711,1,44,1,171,1,39,160.0,1,19,38,9,9,160.0,1,0,1,1,1,1,21,0,0,0,0,0,0.0,0,0,0,0,0,0.0,0,15.5,2.8,-4.06,Dropout,Male,Local
3712,1,39,1,9147,1,1,120.0,1,1,19,4,7,110.0,0,0,0,1,1,0,27,0,0,5,13,3,10.75,0,0,5,9,3,10.333333333333334,0,15.5,2.8,-4.06,Dropout,Male,Local
3713,1,43,1,33,1,1,134.0,1,37,37,1,1,100.0,1,0,0,1,1,0,32,0,0,7,7,0,0.0,0,0,7,8,0,0.0,0,13.9,-0.3,0.79,Dropout,Male,Local
3714,1,39,1,9670,1,12,133.1,1,37,1,9,3,120.0,0,0,1,0,1,0,40,0,0,6,13,0,0.0,0,0,6,6,0,0.0,0,15.5,2.8,-4.06,Dropout,Male,Local
3715,1,1,2,9147,1,1,116.0,1,37,1,5,3,124.8,1,0,0,1,1,0,20,0,0,5,9,2,14.333333333333334,0,0,5,10,2,12.5,0,7.6,2.6,0.32,Enrolled,Male,Local
3716,1,44,1,9130,1,39,140.0,1,4,4,2,10,140.0,1,0,0,1,1,0,20,0,1,5,8,2,11.5,0,1,5,13,2,11.5,0,12.7,3.7,-1.7,Dropout,Male,Local
3717,1,1,3,171,1,1,140.0,1,37,37,9,9,124.3,1,0,0,1,1,0,18,0,0,0,0,0,0.0,0,0,0,0,0,0.0,0,7.6,2.6,0.32,Graduate,Male,Local
3718,1,43,1,9147,1,1,122.0,1,1,38,1,7,118.9,0,0,0,1,1,0,21,0,0,5,11,2,10.5,0,0,5,13,0,0.0,0,12.7,3.7,-1.7,Dropout,Male,Local
3719,1,17,1,9670,1,1,141.0,1,19,37,5,8,130.2,0,0,0,1,1,0,18,0,0,6,6,6,13.5,0,0,6,0,0,0.0,0,12.7,3.7,-1.7,Dropout,Male,Local
3720,1,44,1,9003,1,1,120.0,1,1,3,144,123,120.0,0,0,0,1,1,0,19,0,0,6,17,1,11.0,0,0,6,19,0,0.0,0,16.2,0.3,-0.92,Enrolled,Male,Local
3721,5,7,1,9070,1,3,140.0,1,37,37,7,7,140.0,0,0,0,0,1,0,30,0,0,6,6,1,10.0,0,0,6,6,0,0.0,0,15.5,2.8,-4.06,Dropout,Male,Local
3722,1,39,1,9003,1,12,133.1,1,19,1,9,1,130.0,0,0,0,1,1,0,29,0,0,6,17,0,0.0,2,0,6,8,0,0.0,0,15.5,2.8,-4.06,Dropout,Male,Local
3723,1,17,2,9119,1,1,137.0,1,1,1,4,4,130.4,1,0,1,1,1,0,18,0,0,5,10,1,12.0,0,0,5,7,3,10.666666666666666,2,7.6,2.6,0.32,Dropout,Male,Local
3724,1,1,2,9670,1,1,122.0,1,1,1,9,9,116.1,1,0,0,1,1,1,18,0,0,5,6,4,12.25,0,0,5,5,5,12.2,0,9.4,-0.8,-3.12,Dropout,Male,Local
3725,1,44,1,9003,1,39,130.0,1,1,1,3,10,130.0,0,0,0,1,1,0,22,0,4,10,21,5,11.4,1,2,7,13,6,11.666666666666666,0,15.5,2.8,-4.06,Dropout,Male,Local
3726,1,43,2,9991,0,1,140.0,1,37,37,5,5,124.3,1,0,0,0,1,0,27,0,0,5,5,0,0.0,0,0,5,5,0,0.0,0,12.7,3.7,-1.7,Dropout,Male,Local
3727,1,17,6,9670,1,1,125.0,1,38,1,9,7,125.0,1,0,0,1,1,0,20,0,0,6,8,4,14.25,0,0,6,10,5,14.0,0,10.8,1.4,1.74,Graduate,Male,Local
3728,1,51,1,8014,0,2,110.0,1,19,38,9,10,110.0,0,0,0,1,1,0,42,0,8,12,12,11,14.454545454545457,0,7,11,11,10,14.2,0,11.1,0.6,2.02,Graduate,Male,Local
3729,1,1,1,9003,1,1,133.1,1,38,38,4,8,115.0,0,0,1,1,1,0,21,0,8,12,13,12,14.538461538461538,0,4,12,14,12,14.461538461538462,0,15.5,2.8,-4.06,Graduate,Male,Local
3730,1,43,1,9500,1,1,132.0,1,1,38,7,7,129.6,0,1,0,1,1,0,23,0,0,7,10,6,12.733333333333334,0,0,8,10,7,11.95,0,16.2,0.3,-0.92,Graduate,Male,Local
3731,1,51,1,9070,1,1,122.0,1,38,38,9,9,128.8,1,0,0,1,1,0,21,0,4,12,13,5,13.2,0,4,12,12,4,13.5,0,8.9,1.4,3.51,Dropout,Male,Local
3732,1,1,3,171,1,1,155.0,1,4,3,1,1,144.2,1,0,0,1,1,0,19,0,0,0,0,0,0.0,0,0,0,0,0,0.0,0,12.7,3.7,-1.7,Graduate,Male,Local
3733,2,39,1,9238,1,1,120.0,1,37,37,7,7,134.0,0,0,0,1,1,1,40,0,0,6,7,6,12.333333333333334,0,0,6,10,4,12.75,0,8.9,1.4,3.51,Dropout,Male,Local
3734,1,43,1,9147,1,1,129.0,1,19,1,9,5,112.0,0,0,0,1,1,0,22,0,5,9,9,5,11.2,0,5,9,14,7,11.25,2,12.7,3.7,-1.7,Dropout,Male,Local
3735,1,1,2,9500,1,1,144.0,1,38,37,9,9,128.8,1,0,0,1,1,0,19,0,0,7,7,6,13.2,0,0,7,7,6,13.2,0,7.6,2.6,0.32,Graduate,Male,Local
3736,1,39,1,9119,1,1,130.0,1,19,37,9,9,134.0,0,0,0,1,1,1,24,0,0,5,8,5,11.833333333333334,0,0,5,8,4,14.0,0,12.7,3.7,-1.7,Enrolled,Male,Local
3737,1,1,1,9254,1,1,133.1,1,3,1,2,4,125.0,0,0,0,1,1,0,21,0,0,6,10,5,11.333333333333334,0,0,6,14,2,11.5,0,12.7,3.7,-1.7,Enrolled,Male,Local
3738,1,17,4,9119,1,1,133.0,1,3,1,9,3,123.2,1,0,0,1,1,0,18,0,0,5,5,5,13.6,0,0,5,6,5,14.6,0,8.9,1.4,3.51,Graduate,Male,Local
3739,1,17,3,9119,1,1,131.0,1,37,37,9,7,118.4,0,0,0,1,1,0,18,0,0,5,10,0,0.0,0,0,5,10,2,11.5,4,7.6,2.6,0.32,Dropout,Male,Local
3740,1,51,1,9670,1,1,133.1,1,3,1,3,10,116.2,0,0,0,1,1,0,24,0,0,6,11,5,12.857142857142858,0,0,6,12,5,13.666666666666666,0,11.1,0.6,2.02,Dropout,Male,Local
3741,1,39,1,9119,1,1,133.1,1,37,19,9,3,123.0,0,0,0,1,1,1,28,0,0,5,16,3,14.333333333333334,0,0,5,9,5,12.428571428571429,0,9.4,-0.8,-3.12,Enrolled,Male,Local
3742,1,17,1,9670,1,1,118.0,1,19,38,7,9,113.5,1,0,0,1,0,1,19,0,0,6,9,5,13.5,0,0,6,6,6,14.0,0,12.4,0.5,1.79,Graduate,Female,Local
3743,1,51,1,9085,1,40,120.0,1,3,3,4,2,125.0,0,0,0,1,0,0,28,0,0,6,8,6,14.428571428571429,0,0,6,12,4,15.6,0,11.1,0.6,2.02,Enrolled,Female,Local
3744,1,17,3,9853,1,1,133.1,1,12,1,4,0,134.8,1,0,0,1,0,0,18,0,0,6,12,0,0.0,0,0,6,12,0,0.0,0,7.6,2.6,0.32,Dropout,Female,Local
3745,1,1,1,171,1,1,145.0,1,3,1,4,3,149.9,1,0,0,0,0,0,19,0,0,0,0,0,0.0,0,0,0,0,0,0.0,0,16.2,0.3,-0.92,Graduate,Female,Local
3746,1,1,1,9500,1,1,125.0,1,1,1,4,4,119.8,1,0,0,1,0,1,19,0,0,8,8,8,12.82875,0,0,8,8,8,12.82875,0,9.4,-0.8,-3.12,Graduate,Female,Local
3747,1,43,1,9130,1,1,125.0,1,39,3,3,2,125.0,1,0,0,1,0,0,21,0,0,5,6,0,0.0,5,0,5,6,4,13.75,1,10.8,1.4,1.74,Graduate,Female,Local
3748,1,1,3,9500,1,1,148.0,1,1,19,4,5,135.1,1,0,1,1,0,0,18,0,0,7,0,0,0.0,0,0,8,0,0,0.0,0,13.9,-0.3,0.79,Dropout,Female,Local
3749,1,1,4,9070,1,1,139.0,1,3,19,1,5,138.3,1,0,0,1,0,0,19,0,0,6,6,6,14.666666666666666,0,0,6,6,6,13.166666666666666,0,9.4,-0.8,-3.12,Graduate,Female,Local
3750,1,17,2,9500,1,1,130.0,1,38,38,7,7,122.5,1,0,0,1,0,0,19,0,0,8,8,7,13.937142857142858,0,0,8,8,7,13.937142857142858,0,10.8,1.4,1.74,Graduate,Female,Local
3751,1,1,1,9070,1,1,148.0,1,3,1,2,10,148.0,1,0,0,1,0,0,20,0,7,12,12,10,14.7,0,8,12,12,12,14.583333333333334,0,15.5,2.8,-4.06,Graduate,Female,Local
3752,1,1,2,9773,1,1,130.0,1,1,1,9,4,126.2,1,0,0,1,0,0,18,0,0,6,6,6,11.666666666666666,0,0,6,6,5,12.2,0,12.7,3.7,-1.7,Graduate,Female,Local
3753,1,43,4,9500,1,6,134.0,1,37,37,9,9,129.8,1,0,0,1,0,0,20,0,0,7,7,6,14.85,0,0,7,7,6,14.85,0,7.6,2.6,0.32,Graduate,Female,Local
3754,1,39,1,9085,1,19,133.1,1,19,37,7,90,104.0,0,0,0,1,0,0,26,0,0,5,11,1,12.0,1,0,5,12,0,0.0,4,10.8,1.4,1.74,Dropout,Female,Local
3755,1,18,4,9500,1,1,137.0,1,3,1,3,4,126.7,1,0,0,1,0,0,18,0,0,7,8,7,13.6875,0,0,8,9,8,15.622222222222222,0,13.9,-0.3,0.79,Dropout,Female,Local
3756,1,39,1,8014,0,1,130.0,1,37,37,9,9,120.0,0,0,0,1,0,0,58,0,0,6,14,5,12.4,0,0,6,10,5,11.6,0,9.4,-0.8,-3.12,Graduate,Female,Local
3757,1,1,2,9500,1,1,137.0,1,1,3,4,3,124.6,0,0,0,1,0,0,18,0,0,7,10,7,13.398,0,0,8,8,8,13.5425,0,15.5,2.8,-4.06,Graduate,Female,Local
3758,1,44,1,9085,1,1,130.0,1,1,1,4,3,130.0,1,0,0,1,0,0,20,0,0,6,13,5,11.8,0,0,6,19,4,12.0,0,12.4,0.5,1.79,Enrolled,Female,Local
3759,1,17,1,9991,0,1,140.0,1,38,37,6,7,127.3,0,0,0,1,0,0,20,0,0,5,0,0,0.0,0,0,5,0,0,0.0,0,11.1,0.6,2.02,Dropout,Female,Local
3760,1,2,1,9147,1,1,150.0,1,37,37,9,9,122.0,1,0,0,1,0,0,29,0,13,15,19,13,11.76923076923077,0,12,14,17,14,11.928571428571429,0,9.4,-0.8,-3.12,Graduate,Female,Local
3761,1,7,1,9238,1,3,130.0,1,1,1,4,10,125.1,0,0,1,0,0,0,27,0,0,6,8,0,0.0,0,0,5,6,0,0.0,0,16.2,0.3,-0.92,Dropout,Female,Local
3762,1,1,1,9085,1,1,133.1,1,19,38,5,7,110.0,1,0,0,1,0,1,21,0,0,6,8,6,13.285714285714286,0,0,6,11,6,13.0,0,11.1,0.6,2.02,Graduate,Female,Local
3763,1,1,1,9238,1,1,134.0,1,1,19,4,9,129.8,0,0,0,1,0,1,20,0,0,6,6,6,11.666666666666666,0,0,6,8,6,11.166666666666666,0,15.5,2.8,-4.06,Graduate,Female,Local
3764,1,17,1,9238,1,1,125.0,1,19,38,3,7,114.9,0,0,0,1,0,1,19,0,0,6,13,6,11.5,0,0,6,9,5,12.2,0,11.1,0.6,2.02,Graduate,Female,Local
3765,1,1,1,9500,1,1,141.0,1,37,38,6,6,125.6,1,0,0,1,0,1,22,0,0,7,9,6,13.081666666666669,0,0,8,12,6,13.15,0,11.1,0.6,2.02,Graduate,Female,Local
3766,1,18,3,9070,1,1,138.0,1,38,37,9,7,125.1,1,0,0,1,0,1,19,0,0,6,6,6,12.666666666666666,0,0,6,6,6,13.0,0,15.5,2.8,-4.06,Graduate,Female,Local
3767,1,17,1,9773,1,1,116.0,1,37,1,9,8,115.7,1,0,1,0,0,0,19,0,0,6,6,3,11.333333333333334,0,0,6,6,0,0.0,0,12.4,0.5,1.79,Dropout,Female,Local
3768,1,1,3,9853,1,1,122.0,1,3,3,2,2,112.6,1,0,0,1,0,0,23,0,0,6,8,5,13.6,0,0,6,8,5,11.6,0,7.6,2.6,0.32,Enrolled,Female,Local
3769,1,1,3,9773,1,1,131.0,1,1,1,4,4,127.2,1,0,0,1,0,1,18,0,0,6,6,6,13.166666666666666,0,0,6,7,5,13.2,0,12.4,0.5,1.79,Dropout,Female,Local
3770,1,44,1,9130,1,39,140.0,1,1,19,4,8,140.0,0,0,0,1,0,0,19,0,0,6,0,0,0.0,0,0,6,0,0,0.0,0,12.7,3.7,-1.7,Dropout,Female,Local
3771,1,44,1,9003,1,39,140.0,1,1,1,4,3,140.0,1,0,0,1,0,0,20,0,0,6,10,5,11.666666666666666,0,0,6,7,5,12.6,0,12.4,0.5,1.79,Graduate,Female,Local
3772,1,1,4,9238,1,1,127.0,1,1,38,9,7,120.4,1,0,0,1,0,1,19,0,0,6,6,6,13.5,0,0,6,7,6,13.428571428571429,0,11.1,0.6,2.02,Graduate,Female,Local
3773,1,39,1,9085,1,19,133.1,1,37,37,9,9,100.0,1,0,1,0,0,1,26,0,0,6,7,0,0.0,0,0,6,6,0,0.0,0,13.9,-0.3,0.79,Dropout,Female,Local
3774,1,1,1,9238,1,1,117.0,1,1,19,4,7,113.5,1,0,0,1,0,1,18,0,0,6,6,6,13.166666666666666,0,0,6,7,6,14.142857142857142,0,11.1,0.6,2.02,Graduate,Female,Local
3775,1,1,1,9085,1,1,150.0,1,37,37,4,9,132.1,1,0,1,1,0,0,29,0,4,5,11,4,12.5,2,1,5,11,2,12.5,0,12.7,3.7,-1.7,Dropout,Female,Local
3776,1,44,1,9003,1,39,160.0,1,3,1,2,6,160.0,1,0,0,0,0,0,20,0,0,6,10,6,13.375,0,0,6,10,6,13.0,0,16.2,0.3,-0.92,Graduate,Female,Local
3777,1,1,1,9070,1,1,128.0,1,19,2,7,3,126.3,1,0,0,1,0,0,19,0,0,6,6,6,13.166666666666666,0,0,6,6,6,12.666666666666666,0,15.5,2.8,-4.06,Graduate,Female,Local
3778,1,44,1,9085,1,39,160.0,1,1,1,4,4,160.0,1,0,0,1,0,0,23,0,1,6,12,4,13.4,0,1,6,17,2,13.5,0,12.4,0.5,1.79,Enrolled,Female,Local
3779,1,43,1,9556,1,1,126.0,1,2,3,3,2,100.0,0,0,0,1,0,0,25,0,2,7,10,3,13.0,0,1,8,10,3,11.666666666666666,4,10.8,1.4,1.74,Enrolled,Female,Local
3780,1,18,1,9500,1,1,135.0,1,3,3,1,1,125.8,1,0,0,1,0,0,18,0,0,8,8,7,13.154285714285717,0,0,8,8,7,13.154285714285717,0,10.8,1.4,1.74,Graduate,Female,Local
3781,1,1,3,9070,1,1,139.0,1,1,38,4,7,142.2,1,0,0,1,0,1,19,0,0,6,6,6,12.833333333333334,0,0,6,6,6,12.833333333333334,0,9.4,-0.8,-3.12,Graduate,Female,Local
3782,1,17,2,9853,1,1,125.0,1,1,19,5,5,119.4,1,0,0,1,0,0,18,0,0,7,10,7,12.142857142857142,0,0,7,7,7,13.142857142857142,0,12.4,0.5,1.79,Graduate,Female,Local
3783,1,1,2,9500,1,1,106.0,1,1,19,4,4,106.4,1,0,0,1,0,1,19,0,0,7,9,5,13.34,0,0,7,9,6,12.385714285714286,0,12.4,0.5,1.79,Enrolled,Female,Local
3784,1,7,1,8014,0,40,120.0,1,37,19,9,3,120.0,0,0,0,1,0,0,36,0,6,10,15,4,13.0,0,5,9,10,4,13.75,0,8.9,1.4,3.51,Dropout,Female,Local
3785,1,44,1,9003,1,39,150.0,1,1,38,4,9,150.0,0,0,0,1,1,1,20,0,0,6,18,3,12.0,0,0,6,17,3,11.666666666666666,0,15.5,2.8,-4.06,Enrolled,Male,Local
3786,1,17,2,171,1,1,130.0,41,1,1,2,3,148.6,1,0,0,1,1,0,20,1,0,0,0,0,0.0,0,0,0,0,0,0.0,0,11.1,0.6,2.02,Dropout,Male,International
3787,1,1,1,9238,1,1,116.0,1,38,38,9,8,108.7,1,0,0,1,1,0,18,0,0,6,9,5,11.0,0,0,6,12,0,0.0,0,11.1,0.6,2.02,Dropout,Male,Local
3788,1,44,1,9003,1,39,130.0,1,3,1,4,6,130.0,0,0,0,1,1,0,19,0,0,6,8,5,11.5,0,0,6,11,6,11.333333333333334,0,12.4,0.5,1.79,Enrolled,Male,Local
3789,1,17,1,9238,1,1,140.0,1,1,44,4,2,124.6,1,0,1,0,1,0,20,0,3,9,9,3,13.333333333333334,0,2,6,6,2,12.5,0,8.9,1.4,3.51,Dropout,Male,Local
3790,1,1,2,9500,1,1,134.0,1,19,19,4,7,131.0,1,0,0,1,1,0,18,0,0,7,9,7,14.594444444444443,0,0,8,10,8,13.472,0,15.5,2.8,-4.06,Graduate,Male,Local
3791,1,44,1,9130,1,39,130.0,1,3,1,3,6,130.0,1,0,1,1,1,0,20,0,2,6,9,4,11.0,0,1,6,13,3,10.666666666666666,0,12.4,0.5,1.79,Dropout,Male,Local
3792,1,18,1,9119,1,1,122.0,1,19,1,90,3,116.1,1,0,1,0,1,0,24,0,0,5,8,0,0.0,0,0,5,5,0,0.0,0,9.4,-0.8,-3.12,Dropout,Male,Local
3793,1,17,1,9773,1,1,128.0,1,19,38,5,7,125.6,1,0,0,1,1,0,19,0,0,6,6,0,0.0,0,0,6,0,0,0.0,0,8.9,1.4,3.51,Dropout,Male,Local
3794,1,17,1,9119,1,1,130.0,1,19,19,7,9,121.3,1,0,0,1,1,0,18,0,0,5,9,1,12.0,0,0,5,10,2,12.0,3,7.6,2.6,0.32,Dropout,Male,Local
3795,1,1,3,9119,1,1,113.0,1,4,38,2,7,107.4,1,0,0,1,1,0,18,0,0,5,8,5,14.0,0,0,5,6,5,13.2,0,8.9,1.4,3.51,Graduate,Male,Local
3796,1,1,1,9254,1,1,126.0,1,1,19,4,4,116.9,0,0,0,1,1,0,18,0,0,6,8,6,13.571428571428571,0,0,6,7,5,11.8,0,8.9,1.4,3.51,Graduate,Male,Local
3797,1,43,2,9670,1,1,135.0,1,3,19,1,7,123.5,1,0,0,1,1,0,22,0,0,6,12,0,0.0,0,0,6,6,0,0.0,0,16.2,0.3,-0.92,Dropout,Male,Local
3798,1,1,1,9670,1,1,141.0,1,19,38,9,9,130.5,0,0,0,1,1,0,19,0,0,6,8,6,14.25,0,0,6,7,6,13.857142857142858,0,11.1,0.6,2.02,Graduate,Male,Local
3799,2,39,1,9085,1,12,133.1,1,1,39,5,3,140.0,1,0,1,0,0,0,32,0,0,6,7,0,0.0,0,0,6,6,0,0.0,0,13.9,-0.3,0.79,Dropout,Female,Local
3800,1,17,1,9853,1,1,133.1,1,34,19,0,3,117.1,1,0,0,1,0,1,21,0,0,6,12,0,0.0,0,0,6,12,0,0.0,0,7.6,2.6,0.32,Dropout,Female,Local
3801,1,18,1,9500,1,1,144.0,1,37,37,6,6,127.5,1,0,0,1,0,1,19,0,0,8,8,7,13.542857142857144,0,0,8,8,7,13.542857142857144,0,12.7,3.7,-1.7,Graduate,Female,Local
3802,4,43,1,8014,0,1,140.0,1,38,37,9,9,126.0,0,0,0,1,0,1,39,0,3,9,9,9,13.11111111111111,0,2,7,10,7,11.714285714285714,0,12.7,3.7,-1.7,Graduate,Female,Local
3803,1,43,1,8014,0,10,100.0,1,34,34,0,0,113.0,1,0,0,1,0,0,30,0,3,9,11,9,12.666666666666666,0,2,7,7,7,12.142857142857142,0,7.6,2.6,0.32,Graduate,Female,Local
3804,1,1,1,9147,1,1,135.0,1,1,19,5,5,130.1,1,0,0,1,0,0,18,0,0,5,10,4,10.75,1,0,5,13,2,10.0,0,9.4,-0.8,-3.12,Dropout,Female,Local
3805,2,43,1,9991,0,1,130.0,1,37,37,9,9,110.0,1,0,0,1,0,0,38,0,4,10,14,4,10.75,0,2,10,10,2,10.0,0,7.6,2.6,0.32,Dropout,Female,Local
3806,1,1,3,9070,1,1,147.0,1,34,37,5,7,135.8,1,0,0,1,0,0,20,0,0,6,6,6,13.666666666666666,0,0,6,6,6,13.333333333333334,0,9.4,-0.8,-3.12,Graduate,Female,Local
3807,1,39,1,8014,0,19,149.0,1,34,34,0,0,126.3,0,0,0,1,0,0,55,0,0,6,6,6,13.833333333333334,0,1,6,6,6,12.833333333333334,0,7.6,2.6,0.32,Graduate,Female,Local
3808,4,27,1,9070,1,2,130.0,1,34,34,0,0,130.0,0,0,0,1,0,0,53,0,15,18,18,17,13.176470588235292,0,13,18,18,16,13.0,0,7.6,2.6,0.32,Dropout,Female,Local
3809,2,39,1,8014,0,1,120.0,1,34,34,0,0,104.0,0,0,0,1,0,0,54,0,0,6,8,4,12.75,0,0,6,12,5,12.6,0,7.6,2.6,0.32,Dropout,Female,Local
3810,1,43,1,9500,1,1,125.0,1,37,37,9,7,123.6,1,0,0,1,0,1,18,0,0,7,8,5,12.86,0,0,7,8,5,12.86,0,7.6,2.6,0.32,Enrolled,Female,Local
3811,1,39,1,8014,0,1,133.1,1,37,37,9,8,121.0,0,0,1,0,0,0,44,0,2,8,12,4,12.0,2,2,7,9,4,12.0,2,8.9,1.4,3.51,Dropout,Female,Local
3812,1,43,1,9238,1,1,149.0,1,37,37,9,6,130.5,1,0,0,1,0,0,28,0,8,11,11,9,11.666666666666666,0,8,11,13,9,12.555555555555555,0,10.8,1.4,1.74,Graduate,Female,Local
3813,1,7,1,8014,0,43,180.0,1,19,19,9,4,180.0,0,0,0,1,0,0,37,0,12,14,14,14,16.5,0,8,11,11,11,16.90909090909091,0,8.9,1.4,3.51,Graduate,Female,Local
3814,1,43,1,9238,1,1,110.0,1,14,14,90,90,112.5,1,0,0,1,0,0,20,0,8,10,14,9,12.333333333333334,0,3,7,10,7,11.77777777777778,0,7.6,2.6,0.32,Graduate,Female,Local
3815,1,1,3,9500,1,1,131.0,1,19,3,3,2,126.1,1,0,0,1,0,0,18,0,0,7,8,7,12.59125,0,0,8,11,7,12.820000000000002,0,15.5,2.8,-4.06,Enrolled,Female,Local
3816,1,1,1,9238,1,1,117.0,1,19,19,9,9,111.8,1,0,0,1,1,0,19,0,0,6,9,4,11.5,0,0,6,12,3,11.0,0,8.9,1.4,3.51,Dropout,Male,Local
3817,1,17,1,9003,1,1,120.0,1,38,37,5,9,131.4,1,0,0,1,1,1,23,0,17,18,19,18,11.894736842105264,0,12,13,13,13,12.923076923076923,0,15.5,2.8,-4.06,Graduate,Male,Local
3818,1,17,1,9238,1,1,160.0,1,19,37,6,6,144.3,0,0,0,1,1,0,22,0,0,6,0,0,0.0,0,0,6,0,0,0.0,0,13.9,-0.3,0.79,Dropout,Male,Local
3819,1,39,1,9254,1,1,100.0,1,3,19,3,5,115.0,0,0,0,0,1,0,24,0,0,6,0,0,0.0,0,0,6,0,0,0.0,0,11.1,0.6,2.02,Dropout,Male,Local
3820,1,44,1,9003,1,39,140.0,1,4,4,4,2,120.0,1,0,0,1,1,0,22,0,0,6,13,5,13.0,0,0,6,13,2,11.5,0,12.4,0.5,1.79,Enrolled,Male,Local
3821,1,39,1,9003,1,1,160.0,1,1,38,5,6,168.6,0,0,0,1,1,0,26,0,0,6,9,0,0.0,0,0,6,6,0,0.0,0,13.9,-0.3,0.79,Dropout,Male,Local
3822,1,17,6,9773,1,1,141.0,1,37,37,5,5,127.7,1,0,0,1,1,0,18,0,0,6,6,6,15.166666666666666,0,0,6,6,6,14.833333333333334,0,9.4,-0.8,-3.12,Graduate,Male,Local
3823,1,44,1,9130,1,39,130.0,1,38,19,9,9,150.0,0,0,0,1,1,0,24,0,2,6,8,4,11.75,0,1,6,8,2,13.5,0,11.1,0.6,2.02,Dropout,Male,Local
3824,1,1,1,9119,1,1,142.0,1,1,38,4,3,129.8,1,0,0,1,1,0,18,0,0,5,5,0,0.0,0,0,5,6,1,15.0,0,10.8,1.4,1.74,Enrolled,Male,Local
3825,1,1,1,171,1,1,130.0,1,1,38,7,8,135.6,1,0,0,1,1,0,26,0,0,0,0,0,0.0,0,0,0,0,0,0.0,0,11.1,0.6,2.02,Dropout,Male,Local
3826,1,39,1,9254,1,19,133.1,1,37,37,9,4,100.0,0,0,0,1,1,0,27,0,0,6,11,3,11.333333333333334,0,0,6,10,3,14.75,0,16.2,0.3,-0.92,Dropout,Male,Local
3827,1,44,1,9003,1,39,140.0,1,37,37,9,6,140.0,1,0,0,1,1,1,20,0,0,6,10,5,12.6,0,0,6,6,5,13.2,0,12.4,0.5,1.79,Graduate,Male,Local
3828,1,1,1,9119,1,1,129.0,1,12,1,4,10,124.1,1,0,0,1,1,0,19,0,0,5,10,0,0.0,0,0,5,10,1,14.0,3,7.6,2.6,0.32,Dropout,Male,Local
3829,1,1,1,9085,1,1,148.0,1,38,38,4,9,131.6,0,0,0,1,1,1,18,0,0,6,8,6,15.5,0,0,6,9,4,15.5,0,11.1,0.6,2.02,Dropout,Male,Local
3830,1,1,3,9500,1,1,143.0,1,1,1,4,4,129.0,1,0,0,1,1,0,18,0,0,8,8,7,12.365714285714288,0,0,8,8,7,12.365714285714288,0,10.8,1.4,1.74,Graduate,Male,Local
3831,1,17,1,9670,1,1,128.0,1,37,37,9,9,135.7,1,0,0,1,1,0,19,0,0,6,7,5,13.2,0,0,6,10,5,13.25,0,10.8,1.4,1.74,Enrolled,Male,Local
3832,1,43,1,9070,1,1,100.0,1,37,37,9,9,108.0,1,0,0,1,1,0,34,0,7,12,12,7,11.428571428571429,0,4,12,12,7,11.857142857142858,0,7.6,2.6,0.32,Enrolled,Male,Local
3833,1,1,1,9238,1,1,116.0,1,38,19,8,10,110.8,1,0,0,1,1,0,19,0,0,6,0,0,0.0,0,0,6,0,0,0.0,0,16.2,0.3,-0.92,Dropout,Male,Local
3834,1,1,1,9773,1,1,128.0,1,1,19,4,4,124.5,0,0,0,1,1,1,19,0,0,6,10,4,14.0,0,0,6,9,6,12.333333333333334,0,9.4,-0.8,-3.12,Graduate,Male,Local
3835,2,39,1,9003,1,1,120.0,1,2,2,1,4,100.0,0,0,0,1,1,0,30,0,3,12,12,3,12.0,0,5,12,16,5,11.8,0,15.5,2.8,-4.06,Dropout,Male,Local
3836,1,43,1,9773,1,1,121.0,1,1,3,9,3,123.8,0,0,0,0,1,0,22,0,0,4,4,0,0.0,4,0,5,8,3,12.0,0,10.8,1.4,1.74,Dropout,Male,Local
3837,1,17,1,9147,1,1,137.0,1,3,38,1,9,131.4,0,0,0,0,1,0,19,0,0,5,13,4,10.0,0,0,5,7,3,11.333333333333334,0,15.5,2.8,-4.06,Dropout,Male,Local
3838,1,1,1,9147,1,1,115.0,1,38,1,9,8,118.5,0,0,0,1,1,0,21,0,0,5,9,1,10.0,0,0,5,10,1,10.0,0,7.6,2.6,0.32,Dropout,Male,Local
3839,1,1,2,171,1,1,129.0,1,37,37,9,9,122.0,1,0,0,0,1,0,22,0,0,0,0,0,0.0,0,0,0,0,0,0.0,0,7.6,2.6,0.32,Dropout,Male,Local
3840,1,1,1,9254,1,1,125.0,1,37,37,9,9,122.9,0,0,0,1,1,1,19,0,0,6,7,6,11.166666666666666,0,0,6,12,3,11.666666666666666,0,10.8,1.4,1.74,Enrolled,Male,Local
3841,1,1,1,9238,1,1,125.0,1,19,38,7,7,118.7,0,0,0,1,1,0,20,0,0,6,12,4,11.75,0,0,6,13,3,11.333333333333334,0,15.5,2.8,-4.06,Enrolled,Male,Local
3842,1,39,1,9003,1,19,133.1,1,3,1,2,8,100.0,1,0,0,1,1,0,35,0,0,6,13,3,11.75,0,0,6,10,0,0.0,0,13.9,-0.3,0.79,Dropout,Male,Local
3843,1,16,2,9147,1,1,131.0,1,37,37,9,9,135.9,1,0,0,1,1,0,20,0,0,5,8,1,10.0,0,0,5,7,1,11.0,0,7.6,2.6,0.32,Dropout,Male,Local
3844,1,1,1,9130,1,1,133.1,1,6,11,4,5,138.4,0,0,0,1,1,0,21,0,0,5,8,3,14.0,0,0,5,5,5,12.8,0,7.6,2.6,0.32,Graduate,Male,Local
3845,1,39,1,9085,1,12,133.1,1,34,34,99,99,128.2,0,0,1,0,1,0,27,0,0,5,5,0,0.0,0,0,5,5,0,0.0,0,7.6,2.6,0.32,Dropout,Male,Local
3846,1,43,1,9773,1,1,114.0,1,37,38,9,5,107.4,1,0,0,0,1,0,26,0,0,6,12,3,12.0,0,0,6,15,0,0.0,0,9.4,-0.8,-3.12,Dropout,Male,Local
3847,1,17,1,9773,1,1,127.0,1,1,33,3,3,129.8,0,0,0,0,1,0,20,0,0,6,10,0,0.0,0,0,5,10,0,0.0,0,10.8,1.4,1.74,Dropout,Male,Local
3848,1,39,1,9003,1,1,130.0,1,37,37,6,6,100.0,0,0,1,0,1,0,28,0,4,10,19,8,11.88888888888889,0,2,8,17,5,11.6,1,15.5,2.8,-4.06,Dropout,Male,Local
3849,1,1,3,9773,1,1,121.0,1,19,38,9,7,113.0,1,0,0,1,1,0,19,0,0,6,6,6,13.833333333333334,0,0,6,6,6,13.666666666666666,0,11.1,0.6,2.02,Graduate,Male,Local
3850,1,43,1,9991,0,1,120.0,1,37,19,9,9,107.0,0,0,0,0,1,0,47,0,0,5,5,0,0.0,0,0,5,5,0,0.0,0,12.7,3.7,-1.7,Dropout,Male,Local
3851,4,39,1,9773,1,12,120.0,1,37,37,4,9,130.0,0,0,0,0,1,0,55,0,0,6,8,5,11.4,0,0,6,9,5,12.4,0,10.8,1.4,1.74,Dropout,Male,Local
3852,1,43,1,9003,1,1,120.0,1,37,37,5,9,120.0,1,0,0,1,1,0,39,0,0,6,8,0,0.0,0,1,6,8,2,11.0,0,16.2,0.3,-0.92,Dropout,Male,Local
3853,2,1,1,9003,1,1,120.0,1,37,37,9,9,120.5,1,0,1,1,1,0,35,0,14,17,17,14,10.642857142857142,1,12,12,12,12,10.666666666666666,0,15.5,2.8,-4.06,Dropout,Male,Local
3854,1,39,1,9238,1,1,133.1,1,37,29,0,4,120.5,0,0,0,0,1,0,32,0,0,6,10,2,11.0,0,0,6,12,0,0.0,0,7.6,2.6,0.32,Dropout,Male,Local
3855,1,1,4,9773,1,1,124.0,1,3,12,2,9,137.0,1,0,0,1,1,0,20,0,0,6,6,6,16.833333333333332,0,0,6,6,6,16.666666666666668,0,8.9,1.4,3.51,Graduate,Male,Local
3856,1,39,1,9254,1,1,150.0,1,37,37,9,9,115.0,0,0,0,1,1,0,36,0,0,6,8,6,13.571428571428571,0,0,6,9,5,13.2,0,12.7,3.7,-1.7,Graduate,Male,Local
3857,1,39,1,9991,0,19,133.1,1,38,19,9,10,142.7,0,0,1,1,1,1,34,0,0,5,11,5,14.714285714285714,0,0,5,14,5,14.375,5,16.2,0.3,-0.92,Graduate,Male,Local
3858,1,1,1,9670,1,1,116.0,1,38,19,0,2,116.7,1,0,0,1,1,0,21,0,0,5,8,0,0.0,0,0,5,5,0,0.0,0,9.4,-0.8,-3.12,Dropout,Male,Local
3859,1,43,1,9991,0,1,133.1,1,37,19,3,10,136.1,0,0,0,1,1,1,42,0,0,5,14,1,10.0,0,0,5,14,1,11.0,0,13.9,-0.3,0.79,Dropout,Male,Local
3860,1,39,1,9003,1,19,133.1,1,37,19,9,7,134.3,0,0,0,1,1,0,25,0,0,6,15,1,11.0,0,0,6,13,4,11.75,0,12.4,0.5,1.79,Dropout,Male,Local
3861,1,18,1,9773,1,1,167.0,1,38,38,6,7,153.0,1,0,0,1,1,1,18,0,0,6,6,1,11.0,0,0,6,0,0,0.0,0,8.9,1.4,3.51,Dropout,Male,Local
3862,1,1,1,9773,1,1,140.0,1,19,38,9,9,132.0,0,0,0,1,1,1,18,0,0,6,6,5,12.0,0,0,6,6,6,12.833333333333334,0,12.7,3.7,-1.7,Graduate,Male,Local
3863,1,1,2,9238,1,1,124.0,1,38,19,9,7,129.6,1,0,0,1,1,0,19,0,0,6,10,6,11.125,0,0,6,7,6,11.857142857142858,0,7.6,2.6,0.32,Graduate,Male,Local
3864,1,43,1,9085,1,1,110.0,1,3,19,4,6,105.0,0,0,1,0,1,0,34,0,2,6,13,3,11.333333333333334,0,0,6,8,2,11.5,0,13.9,-0.3,0.79,Dropout,Male,Local
3865,1,17,2,9773,1,1,150.0,1,1,1,4,5,130.8,0,0,0,1,1,0,20,0,0,6,15,2,12.0,0,0,6,12,0,0.0,0,10.8,1.4,1.74,Dropout,Male,Local
3866,1,1,1,9500,1,1,123.0,1,37,37,7,7,119.7,0,0,0,1,1,0,20,0,0,7,8,0,0.0,1,0,7,7,0,0.0,0,13.9,-0.3,0.79,Dropout,Male,Local
3867,1,17,1,9500,1,1,152.0,1,19,19,4,9,132.5,0,0,0,1,1,0,21,0,0,8,8,7,14.54,0,0,8,8,7,14.54,0,10.8,1.4,1.74,Graduate,Male,Local
3868,1,44,1,9003,1,39,130.0,1,1,19,3,10,130.0,1,0,0,1,1,0,19,0,0,6,9,6,12.166666666666666,0,0,6,14,4,13.0,0,12.4,0.5,1.79,Graduate,Male,Local
3869,1,39,1,9085,1,1,133.1,1,1,1,4,4,120.0,0,0,1,0,1,0,31,0,0,5,13,4,13.5,1,0,5,12,3,11.666666666666666,1,9.4,-0.8,-3.12,Dropout,Male,Local
3870,1,17,1,9670,1,1,133.1,1,1,37,4,5,150.0,0,0,0,1,1,0,21,0,0,6,8,6,14.75,0,0,6,9,5,14.333333333333334,0,11.1,0.6,2.02,Graduate,Male,Local
3871,1,1,1,9147,1,1,124.0,1,38,38,9,9,115.6,0,0,0,1,1,1,20,0,0,5,8,5,12.375,0,0,5,7,5,11.666666666666666,0,13.9,-0.3,0.79,Graduate,Male,Local
3872,1,43,2,9500,1,6,119.1,1,1,19,4,10,119.1,0,0,0,1,1,0,22,0,0,7,7,6,12.733333333333334,0,0,7,7,6,12.733333333333334,0,7.6,2.6,0.32,Graduate,Male,Local
3873,1,1,2,9070,1,1,128.0,1,19,19,3,3,123.5,1,1,0,0,1,0,19,0,0,6,9,4,12.5,0,0,6,6,0,0.0,0,9.4,-0.8,-3.12,Dropout,Male,Local
3874,1,39,1,9130,1,1,133.1,1,1,1,90,1,120.0,1,0,1,0,1,0,41,0,0,5,5,0,0.0,1,0,5,5,0,0.0,5,12.7,3.7,-1.7,Dropout,Male,Local
3875,1,43,1,9500,1,19,133.1,1,34,34,0,0,110.0,1,0,0,1,1,0,27,0,0,7,7,0,0.0,6,0,7,7,0,0.0,6,7.6,2.6,0.32,Dropout,Male,Local
3876,1,17,1,9500,1,1,145.0,1,1,1,4,10,131.4,0,0,0,1,0,0,19,0,0,7,7,7,13.44285714285714,0,0,8,8,7,13.771428571428572,0,13.9,-0.3,0.79,Dropout,Female,Local
3877,1,18,2,9500,1,1,141.0,24,1,1,4,3,126.8,1,0,0,1,0,1,20,1,0,8,8,8,14.2,0,0,8,8,8,14.2,0,9.4,-0.8,-3.12,Graduate,Female,International
3878,1,43,4,9500,1,6,118.9,1,38,37,5,9,118.9,1,0,0,1,0,1,19,0,0,7,7,6,13.55,0,0,7,7,6,13.55,0,7.6,2.6,0.32,Graduate,Female,Local
3879,2,39,1,9991,0,1,160.0,1,37,37,9,9,160.0,0,0,0,1,0,0,35,0,0,5,5,5,11.6,0,0,5,6,5,11.166666666666666,0,15.5,2.8,-4.06,Graduate,Female,Local
3880,1,17,5,9773,1,1,111.0,1,19,12,7,3,115.9,1,0,0,1,0,0,22,0,0,6,7,6,13.571428571428571,0,0,6,7,6,15.285714285714286,0,13.9,-0.3,0.79,Graduate,Female,Local
3881,1,1,2,9254,1,1,111.0,1,1,19,5,7,109.3,1,0,0,1,0,1,20,0,0,6,6,6,13.833333333333334,0,0,6,6,6,15.0,0,11.1,0.6,2.02,Graduate,Female,Local
3882,1,1,1,9670,1,1,123.0,1,37,38,9,9,113.9,1,0,1,0,0,0,18,0,0,6,7,4,11.25,0,0,6,9,4,10.857142857142858,0,10.8,1.4,1.74,Dropout,Female,Local
3883,1,1,1,9238,1,1,133.0,1,37,37,9,9,121.8,1,0,0,1,0,1,18,0,0,6,7,5,10.2,0,0,6,9,4,11.25,0,12.4,0.5,1.79,Graduate,Female,Local
3884,1,7,1,9500,1,3,140.0,1,1,37,9,5,140.0,0,0,0,1,0,0,30,0,0,8,8,7,15.675714285714283,0,0,8,8,7,15.675714285714283,0,10.8,1.4,1.74,Graduate,Female,Local
3885,1,18,1,9238,1,1,122.0,1,38,38,9,7,114.7,0,0,1,1,0,1,18,0,0,6,9,6,10.833333333333334,0,0,6,8,6,12.0,0,11.1,0.6,2.02,Graduate,Female,Local
3886,1,1,1,9254,1,1,128.0,1,19,19,7,8,120.0,1,0,0,1,0,1,20,0,0,6,6,6,14.5,0,0,6,7,5,15.0,0,12.4,0.5,1.79,Enrolled,Female,Local
3887,1,1,1,9238,1,1,108.0,1,19,38,9,9,107.3,0,1,0,1,0,1,19,0,0,6,12,4,10.4,0,0,6,11,4,10.75,0,12.4,0.5,1.79,Enrolled,Female,Local
3888,1,17,1,9085,1,1,139.0,1,38,38,5,3,136.2,0,0,0,1,0,0,19,0,0,5,7,5,13.0,1,0,5,7,5,13.333333333333334,0,7.6,2.6,0.32,Graduate,Female,Local
3889,1,1,2,9556,1,1,130.0,1,1,38,3,8,119.5,1,0,0,1,0,1,21,0,0,7,7,7,12.242857142857144,0,0,8,8,8,14.125,0,15.5,2.8,-4.06,Graduate,Female,Local
3890,1,18,1,9853,1,1,133.1,1,1,19,141,182,106.0,1,0,1,1,0,0,21,0,0,7,7,7,13.0,0,0,7,8,6,12.5,0,8.9,1.4,3.51,Enrolled,Female,Local
3891,1,1,4,9670,1,1,130.0,1,1,1,9,9,124.1,1,0,0,1,0,0,18,0,0,6,6,6,14.166666666666666,0,0,6,7,6,13.428571428571429,0,8.9,1.4,3.51,Enrolled,Female,Local
3892,1,1,3,9147,1,1,143.0,1,1,1,5,7,133.2,1,0,0,1,0,1,18,0,0,5,11,4,14.25,0,0,5,7,4,12.5,0,12.7,3.7,-1.7,Graduate,Female,Local
3893,4,39,1,9085,1,1,110.0,1,37,37,90,90,110.0,0,0,0,0,0,0,35,0,0,5,14,1,12.0,2,0,5,11,2,10.5,1,9.4,-0.8,-3.12,Dropout,Female,Local
3894,1,1,6,9500,1,1,120.0,41,1,1,9,6,114.8,1,0,0,1,0,0,21,1,0,7,11,4,13.25,0,0,7,9,5,13.82,0,11.1,0.6,2.02,Enrolled,Female,International
3895,1,1,1,9500,1,1,140.0,1,38,37,9,7,130.0,1,0,0,1,1,1,18,0,0,7,7,6,13.183333333333332,0,0,7,7,6,13.183333333333332,0,7.6,2.6,0.32,Graduate,Male,Local
3896,1,17,5,9070,1,1,125.0,1,19,1,5,5,122.6,1,0,0,1,1,0,22,0,0,6,6,1,11.0,0,0,6,6,0,0.0,0,9.4,-0.8,-3.12,Enrolled,Male,Local
3897,1,17,1,9500,1,1,134.0,1,38,1,9,6,133.5,1,0,0,1,1,1,20,0,0,7,8,7,11.9725,0,0,8,8,8,12.65125,0,15.5,2.8,-4.06,Graduate,Male,Local
3898,2,39,1,9254,1,1,130.0,1,37,37,4,7,120.0,1,0,0,1,0,0,34,0,0,6,7,5,12.4,0,0,6,8,5,12.8,0,9.4,-0.8,-3.12,Graduate,Female,Local
3899,2,7,1,9147,1,3,120.0,1,37,37,9,9,120.0,0,0,0,1,0,0,33,0,3,8,9,5,12.6,2,2,7,13,5,11.25,0,10.8,1.4,1.74,Enrolled,Female,Local
3900,1,1,3,9500,1,1,142.0,1,37,38,9,9,137.3,1,0,0,1,0,1,22,0,0,7,7,6,13.9,0,0,7,7,6,13.9,0,7.6,2.6,0.32,Graduate,Female,Local
3901,1,17,3,9254,1,1,127.0,1,37,37,9,6,123.5,1,0,0,1,0,1,20,0,0,6,11,4,11.5,0,0,6,12,3,11.0,0,7.6,2.6,0.32,Enrolled,Female,Local
3902,2,39,1,9147,1,1,140.0,1,37,37,6,10,131.8,0,0,0,1,0,0,35,0,0,5,6,4,14.2,0,0,5,10,4,11.857142857142858,0,10.8,1.4,1.74,Enrolled,Female,Local
3903,2,39,1,9147,1,1,140.0,1,38,37,4,7,130.0,1,0,0,0,0,0,39,0,0,5,12,3,10.666666666666666,2,0,5,15,3,10.666666666666666,0,9.4,-0.8,-3.12,Dropout,Female,Local
3904,1,18,6,9500,1,1,142.0,1,38,37,9,5,128.0,1,0,0,0,0,0,19,0,0,7,14,0,0.0,0,0,8,0,0,0.0,0,11.1,0.6,2.02,Dropout,Female,Local
3905,4,39,1,9254,1,1,120.0,1,37,37,9,8,95.0,0,0,0,1,0,1,36,0,0,6,10,6,11.0,0,0,6,14,3,11.333333333333334,0,10.8,1.4,1.74,Graduate,Female,Local
3906,1,1,2,9500,1,1,124.0,1,37,37,9,9,116.0,1,0,0,1,0,1,21,0,0,8,8,7,13.957142857142856,0,0,8,8,7,13.957142857142856,0,12.7,3.7,-1.7,Graduate,Female,Local
3907,1,1,1,9238,1,1,157.0,1,3,38,1,5,136.7,1,0,0,1,0,0,22,0,0,6,11,4,12.5,1,0,6,13,3,13.666666666666666,0,9.4,-0.8,-3.12,Enrolled,Female,Local
3908,2,39,1,9238,1,1,126.6,1,38,38,9,7,107.5,0,0,1,1,0,1,42,0,0,6,8,6,13.333333333333334,0,0,6,7,6,15.285714285714286,0,11.1,0.6,2.02,Graduate,Female,Local
3909,1,39,1,9119,1,1,110.0,1,37,37,90,90,108.4,1,0,0,1,0,0,34,0,0,5,5,0,0.0,0,0,5,6,0,0.0,0,10.8,1.4,1.74,Dropout,Female,Local
3910,1,17,1,9773,1,1,144.0,1,19,19,4,4,130.7,1,0,0,1,0,0,20,0,0,6,9,6,11.666666666666666,0,0,6,8,5,11.6,0,7.6,2.6,0.32,Enrolled,Female,Local
3911,2,44,1,8014,0,39,160.0,1,37,19,9,10,155.9,0,0,0,1,0,0,33,0,3,6,7,6,15.714285714285714,0,2,6,7,6,15.5,0,13.9,-0.3,0.79,Graduate,Female,Local
3912,1,1,4,9254,1,1,105.0,1,1,19,9,6,106.1,1,0,0,1,0,0,20,0,0,6,8,5,11.0,0,0,6,9,5,11.4,0,13.9,-0.3,0.79,Graduate,Female,Local
3913,1,1,2,9670,1,1,130.0,1,26,30,0,5,128.6,1,0,1,1,0,0,19,0,0,5,8,4,12.25,0,0,5,7,4,12.75,2,7.6,2.6,0.32,Graduate,Female,Local
3914,2,43,1,9991,0,3,140.0,1,37,19,9,4,140.0,0,0,1,1,0,0,34,0,4,10,25,5,12.2,0,3,9,18,8,12.22222222222222,0,16.2,0.3,-0.92,Dropout,Female,Local
3915,1,1,1,9147,1,1,138.0,1,37,37,9,6,145.0,1,0,0,1,0,0,18,0,0,5,6,5,13.0,0,0,5,5,5,14.0,0,7.6,2.6,0.32,Graduate,Female,Local
3916,1,17,1,8014,0,1,120.0,1,38,37,6,6,113.0,0,0,0,1,0,1,24,0,0,6,11,4,12.0,0,0,6,7,6,13.0,0,10.8,1.4,1.74,Graduate,Female,Local
3917,1,1,1,9853,1,1,135.0,1,19,12,9,7,137.1,1,0,0,1,0,0,18,0,0,6,6,6,13.333333333333334,0,0,6,7,6,12.333333333333334,0,7.6,2.6,0.32,Graduate,Female,Local
3918,1,1,1,9670,1,1,119.0,1,37,37,10,6,119.7,1,0,0,1,0,0,20,0,0,5,6,3,13.0,0,0,5,7,3,13.0,1,7.6,2.6,0.32,Enrolled,Female,Local
3919,1,17,1,9500,1,1,121.0,1,1,1,4,3,120.5,1,0,0,1,0,0,21,0,0,8,8,7,12.91,0,0,8,8,7,12.91,0,10.8,1.4,1.74,Graduate,Female,Local
3920,1,1,5,9238,1,1,126.0,1,38,1,9,5,125.7,1,0,0,1,0,1,19,0,0,6,8,6,11.0,0,0,6,13,3,11.0,0,9.4,-0.8,-3.12,Graduate,Female,Local
3921,1,17,4,9500,1,1,132.0,1,38,19,5,7,125.5,0,0,0,1,0,1,19,0,0,7,8,6,13.579999999999998,0,0,8,8,8,12.93625,0,15.5,2.8,-4.06,Graduate,Female,Local
3922,1,1,1,9238,1,1,128.0,1,19,19,5,5,124.5,1,0,0,1,0,1,18,0,0,6,10,4,12.4,0,0,6,8,6,12.5,0,12.4,0.5,1.79,Graduate,Female,Local
3923,4,39,1,8014,0,1,160.0,1,37,37,5,5,126.0,0,0,0,1,0,1,38,0,4,9,13,8,12.88888888888889,0,2,7,9,7,13.0,0,13.9,-0.3,0.79,Graduate,Female,Local
3924,1,1,1,171,1,1,125.0,1,19,19,5,4,136.2,1,0,1,1,1,0,21,0,6,12,12,11,11.545454545454543,0,4,11,18,9,11.7,1,8.9,1.4,3.51,Enrolled,Male,Local
3925,1,43,1,9147,1,1,127.0,25,1,5,9,10,124.2,1,0,0,1,1,0,23,1,0,5,6,1,10.0,0,0,5,5,0,0.0,0,15.5,2.8,-4.06,Enrolled,Male,International
3926,1,17,5,9500,1,1,147.0,1,19,1,4,3,138.5,1,0,0,1,0,0,19,0,0,8,8,8,14.34125,0,0,8,8,8,14.34125,0,9.4,-0.8,-3.12,Graduate,Female,Local
3927,1,1,2,9773,1,1,130.0,1,38,37,5,3,122.3,1,0,1,0,0,0,18,0,0,6,8,6,14.142857142857142,0,0,6,6,5,12.0,0,13.9,-0.3,0.79,Dropout,Female,Local
3928,1,1,6,171,1,1,134.0,1,19,37,5,5,126.0,1,0,0,1,0,1,18,0,0,0,0,0,0.0,0,0,0,0,0,0.0,0,9.4,-0.8,-3.12,Graduate,Female,Local
3929,1,39,1,9003,1,1,140.0,1,19,19,9,6,135.4,1,0,0,1,0,0,24,0,0,6,10,5,11.8,0,0,6,13,4,11.25,0,12.4,0.5,1.79,Enrolled,Female,Local
3930,1,1,1,9773,1,1,151.0,2,1,1,5,9,146.5,0,0,0,1,0,1,18,1,0,6,6,6,13.333333333333334,0,0,6,6,6,14.166666666666666,0,12.7,3.7,-1.7,Graduate,Female,International
3931,1,1,1,9130,1,1,132.0,1,3,1,4,9,121.9,1,0,0,1,0,0,18,0,0,6,8,6,14.5,0,0,6,9,6,12.857142857142858,0,13.9,-0.3,0.79,Graduate,Female,Local
3932,1,7,1,9991,0,40,130.0,1,19,19,7,3,130.0,0,0,0,1,0,0,26,0,5,10,13,8,12.666666666666666,0,5,10,12,10,13.4,0,11.1,0.6,2.02,Graduate,Female,Local
3933,1,1,1,9147,1,1,126.0,1,19,19,9,9,115.2,0,0,1,1,0,0,19,0,0,5,13,1,10.0,0,0,5,8,2,10.0,0,12.4,0.5,1.79,Enrolled,Female,Local
3934,1,18,3,9670,1,1,119.0,1,38,38,9,9,115.2,1,0,0,1,0,1,19,0,0,6,10,0,0.0,0,0,6,6,0,0.0,0,12.7,3.7,-1.7,Dropout,Female,Local
3935,1,1,1,9254,1,1,123.0,1,38,37,5,5,125.1,0,0,0,1,0,0,19,0,0,6,12,4,11.0,0,0,6,6,4,12.5,0,16.2,0.3,-0.92,Enrolled,Female,Local
3936,1,1,1,9130,1,1,106.0,1,37,37,9,9,108.0,1,0,1,1,0,0,20,0,0,5,10,2,12.0,2,0,5,9,4,11.0,0,9.4,-0.8,-3.12,Dropout,Female,Local
3937,1,1,3,9254,1,1,121.0,1,19,19,9,9,125.9,1,0,0,1,0,0,22,0,0,6,10,4,10.0,0,0,6,12,2,13.5,0,9.4,-0.8,-3.12,Enrolled,Female,Local
3938,1,1,2,9500,1,1,138.0,1,19,1,5,5,128.0,1,0,0,1,0,0,19,0,0,7,7,7,14.20857142857143,0,0,8,9,8,15.127777777777778,0,11.1,0.6,2.02,Graduate,Female,Local
3939,1,1,5,9500,1,1,118.0,1,3,1,5,10,113.5,1,0,0,1,0,0,20,0,0,7,7,7,14.30714285714286,0,0,8,8,8,15.0125,0,12.4,0.5,1.79,Graduate,Female,Local
3940,2,39,1,9147,1,1,120.0,1,37,37,5,5,124.6,0,0,0,1,0,0,36,0,0,5,8,3,11.0,0,0,5,12,4,13.375,0,10.8,1.4,1.74,Enrolled,Female,Local
3941,1,39,1,9853,1,19,133.1,1,19,4,9,4,116.0,1,0,0,1,0,0,29,0,0,7,14,0,0.0,0,0,6,6,0,0.0,0,11.1,0.6,2.02,Dropout,Female,Local
3942,1,17,3,9238,1,1,141.0,1,3,3,2,2,124.9,1,0,0,1,0,0,19,0,0,6,10,6,12.0,0,0,6,12,4,11.0,0,12.7,3.7,-1.7,Graduate,Female,Local
3943,5,39,1,9147,1,1,180.0,1,1,1,4,8,140.5,0,0,1,0,0,0,24,0,0,5,0,0,0.0,0,0,5,0,0,0.0,0,13.9,-0.3,0.79,Dropout,Female,Local
3944,5,39,1,9003,1,1,180.0,1,1,1,4,8,179.6,0,0,1,0,0,0,27,0,0,6,6,0,0.0,0,0,6,7,0,0.0,0,8.9,1.4,3.51,Dropout,Female,Local
3945,1,17,1,9773,1,1,115.0,1,37,37,9,8,116.1,1,0,0,1,0,1,18,0,0,6,7,6,13.857142857142858,0,0,6,7,6,14.285714285714286,0,13.9,-0.3,0.79,Graduate,Female,Local
3946,1,17,2,171,1,1,142.0,1,3,1,2,6,139.4,1,0,0,1,0,1,18,0,0,0,0,0,0.0,0,0,0,0,0,0.0,0,15.5,2.8,-4.06,Graduate,Female,Local
3947,1,17,4,9556,1,1,135.0,1,38,37,3,7,129.0,1,0,0,1,0,0,21,0,0,7,0,0,0.0,0,0,7,0,0,0.0,0,12.7,3.7,-1.7,Dropout,Female,Local
3948,2,39,1,9670,1,1,150.0,1,37,19,9,4,135.6,0,0,0,1,0,1,43,0,0,6,8,5,11.0,0,0,6,9,5,13.0,0,12.4,0.5,1.79,Graduate,Female,Local
3949,1,43,1,9147,1,1,153.0,1,1,19,9,10,147.8,0,0,0,1,0,1,18,0,0,5,9,5,13.2,0,0,5,13,5,14.4,5,16.2,0.3,-0.92,Graduate,Female,Local
3950,1,18,1,9085,1,1,153.0,1,37,37,9,9,138.0,1,0,0,1,0,1,21,0,0,6,7,6,13.5,0,0,6,6,3,15.333333333333334,0,8.9,1.4,3.51,Dropout,Female,Local
3951,1,7,1,9147,1,3,150.0,1,6,27,1,7,150.0,0,0,0,1,0,0,26,0,0,5,5,0,0.0,0,0,5,0,0,0.0,0,9.4,-0.8,-3.12,Dropout,Female,Local
3952,1,1,6,9500,1,1,144.0,1,1,19,9,4,130.8,1,0,0,1,0,1,19,0,0,8,8,7,14.214285714285714,0,0,8,8,7,14.214285714285714,0,12.7,3.7,-1.7,Graduate,Female,Local
3953,1,1,1,9085,1,1,130.0,1,37,11,90,90,122.6,0,0,0,1,0,0,18,0,0,5,5,5,13.0,0,0,5,5,5,12.4,0,7.6,2.6,0.32,Graduate,Female,Local
3954,1,1,1,9773,1,1,125.0,1,3,2,2,1,119.1,1,0,0,1,0,0,22,0,0,6,13,2,12.0,0,0,6,14,1,10.0,0,9.4,-0.8,-3.12,Dropout,Female,Local
3955,1,39,1,9500,1,19,133.1,1,1,19,4,10,111.8,1,0,0,1,0,0,27,0,0,7,0,0,0.0,0,0,8,0,0,0.0,0,11.1,0.6,2.02,Dropout,Female,Local
3956,1,1,3,9147,1,1,133.0,1,38,19,9,10,125.0,1,0,0,1,0,0,18,0,0,5,6,5,12.8,1,0,5,6,5,12.6,0,9.4,-0.8,-3.12,Graduate,Female,Local
3957,1,17,1,9085,1,1,140.0,1,37,38,7,9,129.9,0,0,0,1,0,0,19,0,0,5,11,4,13.6,2,0,5,9,4,12.2,0,9.4,-0.8,-3.12,Graduate,Female,Local
3958,1,17,4,9500,1,1,133.0,1,19,19,3,10,131.1,1,0,0,1,0,0,18,0,0,7,7,7,13.971428571428572,0,0,8,8,8,15.75,0,13.9,-0.3,0.79,Graduate,Female,Local
3959,1,1,1,9085,1,1,154.0,1,38,37,4,4,141.4,0,0,0,1,0,1,19,0,0,6,8,6,15.0,0,0,6,9,6,14.857142857142858,0,11.1,0.6,2.02,Graduate,Female,Local
3960,1,39,1,9085,1,1,133.1,1,37,37,9,9,120.0,0,0,0,0,0,0,32,0,0,6,0,0,0.0,0,0,6,0,0,0.0,0,11.1,0.6,2.02,Dropout,Female,Local
3961,1,42,1,9500,1,1,168.0,1,37,1,9,4,133.4,1,0,0,1,0,0,23,0,20,26,27,26,15.07777777777778,0,14,17,17,17,15.023529411764704,0,15.5,2.8,-4.06,Graduate,Female,Local
3962,1,17,3,9500,1,1,132.0,1,37,37,4,3,127.3,1,0,0,1,0,0,20,0,0,7,7,6,13.383333333333333,0,0,7,7,6,13.383333333333333,0,7.6,2.6,0.32,Graduate,Female,Local
3963,1,1,1,171,1,1,133.1,1,19,38,5,5,131.8,1,0,1,1,0,0,20,0,6,12,12,12,13.25,0,4,11,16,10,13.090909090909092,0,8.9,1.4,3.51,Graduate,Female,Local
3964,1,17,1,9238,1,1,120.0,1,19,19,4,5,114.8,1,0,1,0,0,0,19,0,0,6,10,5,11.714285714285714,0,0,6,13,2,10.666666666666666,0,16.2,0.3,-0.92,Dropout,Female,Local
3965,1,1,3,9500,1,1,150.0,1,19,19,5,5,132.8,1,0,0,1,0,1,18,0,0,8,8,8,13.01125,0,0,8,8,8,13.01125,0,9.4,-0.8,-3.12,Graduate,Female,Local
3966,1,44,1,9003,1,39,140.0,1,19,19,9,4,140.0,0,0,0,1,0,0,21,0,0,6,12,3,10.666666666666666,2,0,6,12,4,12.0,0,15.5,2.8,-4.06,Dropout,Female,Local
3967,1,1,1,9500,1,1,103.0,1,1,19,9,9,108.3,0,0,0,1,0,1,20,0,0,7,14,0,0.0,0,0,7,15,0,0.0,0,11.1,0.6,2.02,Enrolled,Female,Local
3968,1,44,1,9085,1,39,150.0,1,3,19,2,4,150.0,1,0,0,1,0,0,22,0,1,6,9,6,13.0,0,1,6,18,3,12.666666666666666,0,12.4,0.5,1.79,Graduate,Female,Local
3969,1,44,1,9991,0,39,160.0,1,37,37,9,9,160.0,0,0,0,1,0,0,26,0,0,5,5,5,12.0,0,0,5,7,5,11.4,0,12.7,3.7,-1.7,Graduate,Female,Local
3970,1,1,1,9070,1,1,131.0,1,37,37,3,3,131.7,1,0,0,1,0,0,20,0,0,6,6,6,12.166666666666666,0,0,6,7,5,13.8,0,12.7,3.7,-1.7,Graduate,Female,Local
3971,1,1,1,9500,1,1,114.0,1,19,38,5,3,112.6,1,0,0,1,0,0,19,0,0,7,10,6,11.85,0,0,8,10,7,13.65,0,16.2,0.3,-0.92,Graduate,Female,Local
3972,1,39,1,9991,0,1,120.0,1,37,37,9,9,111.1,0,0,0,1,0,0,31,0,0,5,8,4,11.0,0,0,5,6,5,11.2,0,7.6,2.6,0.32,Graduate,Female,Local
3973,1,43,3,9500,1,1,140.0,1,1,19,9,7,127.5,1,0,1,1,0,1,20,0,0,7,9,7,12.327777777777778,0,0,8,10,8,11.736,0,15.5,2.8,-4.06,Graduate,Female,Local
3974,1,43,1,9085,1,1,130.0,1,19,38,7,7,120.2,1,0,0,1,0,0,20,0,0,5,9,4,12.0,0,0,5,10,5,13.428571428571429,1,10.8,1.4,1.74,Graduate,Female,Local
3975,1,17,4,9500,1,1,121.0,1,37,37,5,5,118.9,1,0,0,1,0,0,21,0,0,7,7,7,14.428571428571429,0,0,8,9,8,14.511111111111113,0,16.2,0.3,-0.92,Graduate,Female,Local
3976,1,1,4,9500,1,1,130.0,1,19,19,9,7,119.9,1,0,0,1,0,0,18,0,0,7,7,7,13.78,0,0,8,8,8,12.6125,0,12.4,0.5,1.79,Graduate,Female,Local
3977,1,17,2,9500,1,1,141.0,1,37,1,9,4,127.3,1,0,0,1,0,1,19,0,0,7,7,6,13.8,0,0,7,7,6,13.8,0,7.6,2.6,0.32,Graduate,Female,Local
3978,1,1,1,9853,1,1,131.0,1,19,19,3,7,127.9,1,0,0,1,0,1,18,0,0,7,7,7,14.857142857142858,0,0,7,7,7,15.142857142857142,0,13.9,-0.3,0.79,Graduate,Female,Local
3979,4,39,1,9773,1,38,133.1,1,19,19,7,9,133.0,0,0,0,1,0,0,40,0,0,6,8,5,13.0,0,0,6,7,5,12.6,0,16.2,0.3,-0.92,Enrolled,Female,Local
3980,1,17,6,9238,1,1,117.0,1,1,38,4,7,114.6,0,0,0,1,0,1,18,0,0,6,7,6,12.142857142857142,0,0,6,6,6,13.333333333333334,0,13.9,-0.3,0.79,Graduate,Female,Local
3981,1,1,2,9085,1,1,151.0,1,40,4,2,2,144.5,1,0,0,1,0,0,18,0,0,6,7,6,15.666666666666666,0,0,6,6,6,14.833333333333334,0,8.9,1.4,3.51,Graduate,Female,Local
3982,1,17,1,9500,1,1,131.0,1,1,19,4,3,125.4,1,0,0,1,0,0,19,0,0,7,13,5,12.5,0,0,8,14,7,12.166666666666666,0,15.5,2.8,-4.06,Graduate,Female,Local
3983,1,17,1,9238,1,1,145.0,1,38,38,9,7,145.0,0,0,0,1,0,1,19,0,0,6,7,6,12.833333333333334,0,0,6,6,6,13.166666666666666,0,12.4,0.5,1.79,Graduate,Female,Local
3984,1,39,1,9003,1,1,135.0,1,38,38,9,6,138.1,0,0,1,0,0,0,28,0,0,6,6,0,0.0,0,0,6,7,0,0.0,0,8.9,1.4,3.51,Dropout,Female,Local
3985,1,17,1,9070,1,1,119.0,1,37,38,9,8,124.6,1,0,0,1,0,0,20,0,0,6,6,6,12.5,0,0,6,6,6,12.666666666666666,0,7.6,2.6,0.32,Graduate,Female,Local
3986,1,1,2,9773,1,1,122.0,1,37,37,9,9,130.8,1,0,0,1,0,0,18,0,0,6,14,4,11.25,0,0,6,9,5,13.0,0,9.4,-0.8,-3.12,Graduate,Female,Local
3987,1,1,2,9500,1,1,155.0,1,1,1,4,3,140.5,1,0,0,1,0,0,18,0,0,7,7,6,15.25,0,0,7,7,6,15.25,0,7.6,2.6,0.32,Graduate,Female,Local
3988,1,1,1,9085,1,1,123.0,1,19,37,9,9,124.1,1,0,0,1,0,1,20,0,0,5,13,5,14.0,2,0,5,10,3,12.0,1,9.4,-0.8,-3.12,Graduate,Female,Local
3989,1,43,1,9238,1,1,130.0,1,38,19,9,4,118.4,0,0,1,1,0,0,28,0,15,16,16,13,12.076923076923077,0,13,13,13,11,12.090909090909092,0,16.2,0.3,-0.92,Graduate,Female,Local
3990,1,15,1,9853,1,1,133.1,41,43,1,153,135,128.2,0,0,0,1,0,0,23,1,11,16,17,16,14.625,0,6,10,12,9,14.88888888888889,0,8.9,1.4,3.51,Graduate,Female,International
3991,1,1,1,9853,1,1,114.0,1,19,37,5,5,109.5,1,0,0,1,0,0,19,0,0,7,10,4,10.5,0,0,7,7,2,10.5,0,16.2,0.3,-0.92,Dropout,Female,Local
3992,1,17,1,9238,1,1,137.0,1,38,19,152,171,131.1,1,0,0,1,0,1,18,0,0,6,8,6,12.833333333333334,0,0,6,6,6,12.166666666666666,0,8.9,1.4,3.51,Graduate,Female,Local
3993,1,1,3,9773,1,1,161.0,22,37,37,9,9,137.9,0,0,1,0,0,1,20,1,0,6,6,6,12.5,0,0,6,7,5,11.8,0,10.8,1.4,1.74,Graduate,Female,International
3994,1,1,1,171,1,1,133.1,1,3,1,2,4,128.2,1,0,0,1,0,0,20,0,5,12,13,12,11.23076923076923,0,3,11,18,9,12.77777777777778,0,11.1,0.6,2.02,Graduate,Female,Local
3995,2,39,1,9991,0,1,133.1,1,37,37,9,9,126.5,0,0,0,1,0,0,27,0,0,5,5,2,10.5,0,0,5,5,0,0.0,0,7.6,2.6,0.32,Dropout,Female,Local
3996,1,1,1,9853,1,1,128.0,1,1,1,9,9,120.0,1,0,0,1,0,0,18,0,0,6,11,3,12.0,0,0,6,13,2,12.0,0,12.7,3.7,-1.7,Dropout,Female,Local
3997,4,39,2,9556,1,19,133.1,1,19,19,4,6,123.0,0,0,0,1,0,1,37,0,0,7,10,7,10.985714285714286,0,0,8,11,8,12.3,0,10.8,1.4,1.74,Graduate,Female,Local
3998,4,7,1,9500,1,40,130.0,1,19,19,4,6,130.0,0,0,0,0,0,0,42,0,2,7,10,5,12.62,0,3,7,11,3,14.166666666666666,0,12.4,0.5,1.79,Dropout,Female,Local
3999,1,17,6,9500,1,1,147.0,1,1,38,4,8,141.1,1,0,0,1,0,0,20,0,0,7,9,6,13.0,0,0,8,8,8,14.2125,0,13.9,-0.3,0.79,Dropout,Female,Local
4000,2,39,1,9119,1,1,140.0,1,34,34,9,9,140.0,0,0,0,0,1,0,34,0,0,5,5,0,0.0,0,0,5,5,0,0.0,0,15.5,2.8,-4.06,Dropout,Male,Local
4001,1,42,1,9119,1,1,140.0,1,3,3,3,2,133.6,1,0,0,1,1,0,22,0,0,5,0,0,0.0,0,0,5,0,0,0.0,0,10.8,1.4,1.74,Dropout,Male,Local
4002,2,39,2,9254,1,19,133.1,1,19,19,9,5,123.5,0,0,0,1,1,0,39,0,0,6,6,6,13.5,0,0,6,6,6,13.333333333333334,0,12.4,0.5,1.79,Graduate,Male,Local
4003,1,1,1,9500,1,1,141.0,1,37,37,9,9,136.3,1,0,0,1,1,1,18,0,0,7,7,6,13.516666666666666,0,0,7,7,6,13.516666666666666,0,7.6,2.6,0.32,Graduate,Male,Local
4004,1,1,2,9070,1,1,128.0,1,37,37,9,9,123.5,1,0,0,1,1,1,21,0,0,6,6,6,13.166666666666666,0,0,6,8,6,13.285714285714286,0,8.9,1.4,3.51,Graduate,Male,Local
4005,2,39,1,9085,1,1,150.0,1,37,37,90,10,112.0,0,0,0,1,1,0,34,0,0,6,0,0,0.0,0,0,6,0,0,0.0,0,10.8,1.4,1.74,Dropout,Male,Local
4006,1,44,1,9003,1,39,160.0,1,37,37,9,9,160.0,0,0,0,1,1,1,22,0,0,6,8,6,13.125,0,0,6,10,6,13.0,0,16.2,0.3,-0.92,Graduate,Male,Local
4007,1,39,1,9003,1,1,133.1,1,1,37,4,7,110.0,0,0,0,1,1,0,31,0,0,6,15,3,14.4,0,0,6,20,0,0.0,0,16.2,0.3,-0.92,Dropout,Male,Local
4008,1,18,3,9853,1,1,128.0,1,38,37,5,9,116.8,1,0,0,0,1,0,19,0,0,6,10,4,12.0,0,0,6,12,0,0.0,0,10.8,1.4,1.74,Dropout,Male,Local
4009,1,17,5,9254,1,1,114.0,1,38,1,5,9,109.5,0,0,0,1,1,0,19,0,0,5,5,0,0.0,0,0,5,10,0,0.0,0,10.8,1.4,1.74,Dropout,Male,Local
4010,1,39,1,9556,1,19,133.1,1,37,37,9,10,100.0,0,0,0,1,1,0,31,0,0,7,7,0,0.0,0,0,7,7,0,0.0,0,15.5,2.8,-4.06,Dropout,Male,Local
4011,1,5,1,9147,1,1,126.0,1,19,38,5,6,117.3,1,0,0,1,0,0,19,0,0,5,15,3,10.8,0,0,5,6,3,10.5,0,13.9,-0.3,0.79,Enrolled,Female,Local
4012,2,39,2,9670,1,1,133.1,41,37,19,9,9,130.0,0,0,0,1,0,0,30,1,0,6,0,0,0.0,0,0,6,0,0,0.0,0,9.4,-0.8,-3.12,Dropout,Female,International
4013,1,51,1,9500,1,1,129.0,1,37,38,3,3,137.8,1,0,0,1,0,1,20,0,2,7,7,7,16.13142857142857,0,0,8,9,8,15.52222222222222,0,11.1,0.6,2.02,Graduate,Female,Local
4014,1,17,1,9500,1,1,140.0,1,19,38,7,7,136.5,1,0,0,1,0,1,18,0,0,7,7,7,14.838571428571427,0,0,8,9,8,14.8,0,12.4,0.5,1.79,Graduate,Female,Local
4015,4,39,1,9991,0,1,133.1,1,37,37,5,5,138.7,0,0,0,1,0,0,31,0,0,5,7,3,10.333333333333334,0,0,5,6,3,12.0,0,10.8,1.4,1.74,Dropout,Female,Local
4016,1,17,1,9254,1,1,134.0,1,19,1,9,4,124.9,1,0,0,1,0,0,19,0,0,6,11,3,12.0,0,0,6,11,4,11.25,0,7.6,2.6,0.32,Dropout,Female,Local
4017,4,39,1,8014,0,1,133.1,1,37,37,9,7,140.0,0,0,0,1,0,1,43,0,0,6,6,0,0.0,0,0,5,5,0,0.0,0,8.9,1.4,3.51,Dropout,Female,Local
4018,1,17,2,9254,1,1,132.0,1,38,38,9,8,122.6,1,0,0,1,0,1,20,0,0,6,6,6,13.166666666666666,0,0,6,6,6,14.0,0,13.9,-0.3,0.79,Graduate,Female,Local
4019,1,1,2,9500,1,1,131.0,1,1,1,5,9,129.5,1,0,0,1,0,1,19,0,0,8,8,8,13.9475,0,0,8,8,8,13.9475,0,9.4,-0.8,-3.12,Graduate,Female,Local
4020,1,1,1,9670,1,1,133.1,1,3,1,1,7,155.0,0,0,0,1,0,0,22,0,0,5,6,3,11.333333333333334,0,0,5,5,0,0.0,0,9.4,-0.8,-3.12,Dropout,Female,Local
4021,1,1,1,8014,0,1,133.1,1,3,1,1,7,100.0,0,0,0,1,0,0,26,0,2,8,11,7,12.75,0,2,7,7,7,12.285714285714286,0,16.2,0.3,-0.92,Graduate,Female,Local
4022,1,18,1,9147,1,1,160.0,1,19,19,5,8,137.6,1,0,0,1,0,1,19,0,0,5,6,5,12.6,0,0,5,8,5,11.25,0,10.8,1.4,1.74,Graduate,Female,Local
4023,1,7,1,9500,1,3,120.0,1,19,3,4,2,120.0,1,0,0,1,0,0,29,0,0,8,8,6,12.25,1,0,8,8,6,12.25,1,12.7,3.7,-1.7,Dropout,Female,Local
4024,1,15,1,9556,1,1,114.0,26,3,19,122,144,114.0,0,0,0,1,0,0,20,1,0,7,14,0,0.0,6,0,7,12,2,11.666666666666666,0,8.9,1.4,3.51,Enrolled,Female,International
4025,4,1,1,9991,0,1,140.0,1,37,37,9,7,139.0,0,0,0,1,0,1,38,0,0,5,8,5,11.0,0,0,5,7,5,11.4,0,9.4,-0.8,-3.12,Enrolled,Female,Local
4026,1,39,1,9003,1,1,100.0,1,37,37,9,5,110.0,0,0,0,1,0,0,41,0,8,12,17,12,11.833333333333334,0,3,12,22,9,12.7,0,15.5,2.8,-4.06,Graduate,Female,Local
4027,1,1,6,9500,1,1,139.0,1,19,38,4,9,128.5,1,0,0,1,0,0,19,0,0,8,10,6,13.066666666666668,0,0,8,10,6,13.066666666666668,0,12.7,3.7,-1.7,Dropout,Female,Local
4028,1,1,1,9070,1,1,136.0,1,1,38,4,5,132.2,0,0,1,1,0,0,19,0,0,6,6,6,13.833333333333334,0,0,6,8,6,13.875,0,10.8,1.4,1.74,Graduate,Female,Local
4029,4,7,1,9500,1,3,130.0,1,3,19,2,3,130.0,0,0,0,1,0,0,43,0,0,7,7,3,13.833333333333334,1,0,7,7,0,0.0,0,16.2,0.3,-0.92,Dropout,Female,Local
4030,1,17,1,9130,1,1,145.0,1,38,37,9,7,129.3,1,0,0,1,0,0,19,0,0,5,5,5,11.8,0,0,5,5,5,13.2,0,10.8,1.4,1.74,Graduate,Female,Local
4031,1,1,1,171,1,1,133.1,1,19,38,9,8,128.2,1,0,0,1,1,1,19,0,6,12,12,12,13.333333333333334,0,4,11,15,10,12.818181818181818,0,8.9,1.4,3.51,Enrolled,Male,Local
4032,1,1,6,9500,1,1,146.0,1,2,19,3,9,130.3,1,0,0,1,1,0,18,0,0,8,8,8,13.74625,0,0,8,8,8,13.74625,0,9.4,-0.8,-3.12,Graduate,Male,Local
4033,1,1,1,171,1,1,159.0,1,3,3,2,2,162.5,1,0,0,1,1,0,19,0,0,0,0,0,0.0,0,0,0,0,0,0.0,0,16.2,0.3,-0.92,Dropout,Male,Local
4034,2,39,1,8014,0,19,133.1,1,34,34,0,0,130.0,0,0,0,1,1,0,38,0,0,6,0,0,0.0,0,0,6,0,0,0.0,0,9.4,-0.8,-3.12,Dropout,Male,Local
4035,2,7,1,9130,1,2,110.0,1,19,19,4,8,110.0,1,0,0,1,1,0,37,0,0,6,9,0,0.0,0,0,6,6,0,0.0,0,16.2,0.3,-0.92,Dropout,Male,Local
4036,1,39,1,9670,1,1,120.0,1,1,19,4,10,142.3,1,0,0,1,0,1,26,0,0,6,6,6,13.333333333333334,0,0,6,10,5,14.5,0,10.8,1.4,1.74,Graduate,Female,Local
4037,1,17,1,9238,1,1,130.0,1,37,37,9,9,122.0,1,0,0,1,0,1,21,0,0,6,8,1,10.0,0,0,6,13,5,11.4,0,12.7,3.7,-1.7,Enrolled,Female,Local
4038,1,1,3,9085,1,1,158.0,1,1,19,9,9,153.6,1,0,0,1,0,1,18,0,0,6,7,6,15.666666666666666,0,0,6,8,6,15.285714285714286,0,8.9,1.4,3.51,Graduate,Female,Local
4039,1,1,1,9853,1,1,122.0,1,3,19,2,3,112.9,0,0,0,1,0,0,18,0,0,7,9,7,11.857142857142858,0,0,7,7,7,11.857142857142858,0,16.2,0.3,-0.92,Graduate,Female,Local
4040,1,1,1,9085,1,1,140.0,1,3,1,2,4,124.1,0,0,0,1,0,0,18,0,0,5,12,5,14.5,2,0,5,5,5,13.6,0,9.4,-0.8,-3.12,Graduate,Female,Local
4041,1,17,1,9238,1,1,136.0,1,38,1,9,4,129.7,0,0,0,1,0,0,19,0,0,6,6,6,12.166666666666666,0,0,6,7,6,13.714285714285714,0,15.5,2.8,-4.06,Graduate,Female,Local
4042,1,1,1,9773,1,1,111.0,1,19,19,9,9,110.0,1,0,0,1,0,0,18,0,0,6,6,5,12.6,0,0,6,8,6,12.0,0,11.1,0.6,2.02,Graduate,Female,Local
4043,1,17,2,9500,1,1,145.0,1,2,38,3,8,136.3,1,0,0,1,0,0,18,0,0,8,12,7,12.285714285714286,0,0,8,12,7,12.285714285714286,0,12.7,3.7,-1.7,Enrolled,Female,Local
4044,1,17,1,9238,1,1,133.1,1,38,38,191,193,146.0,0,0,1,1,0,1,19,0,0,6,6,6,12.666666666666666,0,0,6,7,6,13.0,0,8.9,1.4,3.51,Graduate,Female,Local
4045,1,1,1,9500,1,1,140.0,1,19,38,7,8,129.9,0,0,0,1,0,0,19,0,0,7,0,0,0.0,0,0,8,0,0,0.0,0,16.2,0.3,-0.92,Dropout,Female,Local
4046,1,1,1,9254,1,1,140.0,1,19,1,9,8,140.9,1,0,0,1,0,1,18,0,0,6,7,6,12.857142857142858,0,0,6,10,4,13.0,0,12.7,3.7,-1.7,Graduate,Female,Local
4047,2,1,1,9500,1,1,156.0,1,1,1,9,10,135.5,0,0,0,1,0,0,18,0,0,8,8,7,13.9,0,0,8,8,7,13.9,0,12.7,3.7,-1.7,Graduate,Female,Local
4048,1,1,1,9500,1,1,132.0,1,38,37,9,7,122.0,1,0,0,1,0,1,20,0,0,8,8,7,13.817142857142857,0,0,8,8,7,13.817142857142857,0,10.8,1.4,1.74,Graduate,Female,Local
4049,1,53,1,9556,1,42,140.0,1,1,19,4,5,140.0,0,0,0,1,0,1,22,0,1,7,10,6,13.314285714285717,0,2,8,10,7,12.875,0,8.9,1.4,3.51,Graduate,Female,Local
4050,1,1,1,9130,1,1,164.0,1,34,1,0,0,163.0,0,0,0,1,0,0,18,0,0,6,0,0,0.0,0,0,6,0,0,0.0,0,7.6,2.6,0.32,Dropout,Female,Local
4051,1,17,4,9254,1,1,113.0,1,38,19,7,7,107.4,1,0,0,1,0,1,19,0,0,6,6,6,12.166666666666666,0,0,6,6,6,12.166666666666666,0,12.4,0.5,1.79,Graduate,Female,Local
4052,1,1,1,9254,1,1,122.0,1,37,37,9,9,114.3,1,0,0,0,0,1,20,0,0,6,12,4,11.25,0,0,6,12,3,11.333333333333334,0,7.6,2.6,0.32,Dropout,Female,Local
4053,1,43,1,9070,1,1,150.0,1,2,3,3,2,140.8,0,0,0,1,0,0,19,0,1,6,6,5,12.4,0,0,6,8,6,12.75,0,10.8,1.4,1.74,Enrolled,Female,Local
4054,1,1,2,9773,1,1,135.0,1,37,37,5,5,126.3,1,1,0,1,0,1,20,0,0,6,6,6,14.666666666666666,0,0,6,7,6,14.571428571428571,0,8.9,1.4,3.51,Graduate,Female,Local
4055,1,39,1,9085,1,1,133.1,1,3,19,2,9,110.0,0,0,0,1,0,0,28,0,0,6,15,4,12.0,0,0,6,14,4,12.0,0,11.1,0.6,2.02,Dropout,Female,Local
4056,1,1,2,9085,1,1,122.0,1,1,1,193,101,126.2,0,0,0,1,0,0,19,0,0,6,8,6,14.0,0,0,6,18,3,12.666666666666666,0,12.4,0.5,1.79,Graduate,Female,Local
4057,1,42,1,9003,1,39,140.0,1,19,1,5,5,140.0,0,0,0,1,0,0,22,0,0,6,10,6,12.571428571428571,0,0,6,12,4,13.666666666666666,0,15.5,2.8,-4.06,Enrolled,Female,Local
4058,1,1,1,9085,1,1,138.0,1,1,3,9,1,123.0,1,0,0,1,0,0,19,0,1,6,14,6,15.538461538461538,0,0,6,9,6,12.625,0,15.5,2.8,-4.06,Graduate,Female,Local
4059,1,1,3,9773,1,1,130.0,1,19,19,5,5,157.0,1,0,0,0,0,0,18,0,0,6,0,0,0.0,0,0,6,0,0,0.0,0,13.9,-0.3,0.79,Dropout,Female,Local
4060,1,5,1,9130,1,1,157.0,1,5,43,2,2,149.7,1,0,0,1,0,0,18,0,0,6,6,6,15.0,0,0,6,6,6,14.833333333333334,0,8.9,1.4,3.51,Graduate,Female,Local
4061,1,43,1,9130,1,1,140.0,1,2,1,2,3,140.0,1,0,0,1,0,0,22,0,0,5,11,4,12.25,0,0,5,9,5,13.285714285714286,0,12.7,3.7,-1.7,Graduate,Female,Local
4062,1,53,1,9085,1,42,170.0,1,1,19,4,7,170.0,0,0,0,1,0,0,20,0,7,11,13,11,15.692307692307692,0,4,9,9,9,15.555555555555555,0,8.9,1.4,3.51,Graduate,Female,Local
4063,1,39,1,9991,0,1,150.0,1,1,37,9,7,130.2,0,0,0,1,0,1,24,0,0,5,7,5,12.285714285714286,0,0,5,9,5,12.75,1,16.2,0.3,-0.92,Graduate,Female,Local
4064,1,17,1,171,1,1,146.0,1,1,38,9,9,135.5,1,0,1,1,0,0,22,0,12,17,19,12,11.833333333333334,0,10,17,22,11,11.25,0,11.1,0.6,2.02,Enrolled,Female,Local
4065,1,43,1,8014,0,1,120.0,1,38,19,5,4,118.3,0,0,0,1,0,0,20,0,2,6,6,6,12.166666666666666,0,0,6,7,5,14.0,0,12.7,3.7,-1.7,Enrolled,Female,Local
4066,1,1,1,9556,1,1,118.0,1,19,38,9,9,116.3,1,0,0,1,0,1,20,0,0,7,10,7,11.88888888888889,0,0,8,10,8,11.95625,0,12.7,3.7,-1.7,Graduate,Female,Local
4067,2,7,1,8014,0,3,120.0,1,38,1,9,9,120.0,0,0,0,0,0,0,35,0,0,6,0,0,0.0,0,0,6,0,0,0.0,0,10.8,1.4,1.74,Dropout,Female,Local
4068,1,1,1,9670,1,1,154.0,1,1,1,5,7,154.7,0,0,0,1,0,1,18,0,0,5,6,5,11.8,0,0,5,5,5,12.6,0,9.4,-0.8,-3.12,Graduate,Female,Local
4069,1,17,2,9238,1,1,139.0,1,2,3,3,3,132.7,1,0,0,1,0,0,19,0,0,6,7,6,11.166666666666666,0,0,6,9,6,11.666666666666666,0,9.4,-0.8,-3.12,Graduate,Female,Local
4070,1,18,1,9500,1,1,136.0,1,3,3,3,3,130.8,0,0,0,1,0,0,18,0,0,7,7,7,14.05714285714286,0,0,8,9,8,14.6,0,16.2,0.3,-0.92,Graduate,Female,Local
4071,1,1,2,9254,1,1,130.0,1,1,38,4,9,122.7,1,0,0,1,0,0,18,0,0,6,10,4,11.75,0,0,6,13,4,10.0,0,7.6,2.6,0.32,Dropout,Female,Local
4072,2,39,1,9238,1,19,133.1,1,1,2,4,6,130.0,0,0,0,1,0,0,31,0,0,6,6,6,13.166666666666666,0,0,6,8,6,13.0,0,9.4,-0.8,-3.12,Enrolled,Female,Local
4073,1,17,1,9238,1,1,133.0,1,19,19,5,7,123.6,0,0,0,1,0,1,19,0,0,6,7,6,13.5,0,0,6,7,6,14.0,0,15.5,2.8,-4.06,Graduate,Female,Local
4074,1,18,1,9500,1,1,143.0,1,38,37,4,9,116.5,1,0,0,1,0,1,20,0,0,7,10,7,12.625,0,0,8,8,8,13.0625,0,15.5,2.8,-4.06,Graduate,Female,Local
4075,1,17,3,9085,1,1,117.0,1,19,38,5,7,111.1,0,0,0,1,0,0,21,0,0,6,0,0,0.0,0,0,6,0,0,0.0,0,15.5,2.8,-4.06,Dropout,Female,Local
4076,1,1,3,9500,1,1,145.0,1,19,38,9,7,136.3,1,0,0,1,0,1,18,0,0,8,8,7,13.971428571428572,0,0,8,8,7,13.971428571428572,0,12.7,3.7,-1.7,Graduate,Female,Local
4077,1,1,5,9070,1,1,134.0,1,34,1,5,7,129.8,1,0,0,1,0,0,18,0,0,6,7,2,11.0,0,0,6,0,0,0.0,0,9.4,-0.8,-3.12,Dropout,Female,Local
4078,2,39,1,9991,0,1,170.0,1,38,19,4,8,134.7,0,0,0,1,0,0,33,0,0,5,5,5,12.8,0,0,5,6,5,15.333333333333334,0,10.8,1.4,1.74,Graduate,Female,Local
4079,1,1,2,9670,1,1,143.0,1,37,37,9,7,131.8,1,0,0,1,0,1,18,0,0,6,8,6,13.571428571428571,0,0,6,6,5,12.8,0,12.4,0.5,1.79,Enrolled,Female,Local
4080,1,1,1,171,1,1,140.0,1,37,37,7,9,126.8,1,0,0,0,0,1,18,0,0,0,0,0,0.0,0,0,0,0,0,0.0,0,12.7,3.7,-1.7,Dropout,Female,Local
4081,1,1,1,9085,1,1,131.0,1,37,37,9,6,130.7,0,0,1,1,0,0,21,0,0,5,9,2,11.5,0,0,5,13,4,11.0,1,10.8,1.4,1.74,Enrolled,Female,Local
4082,1,17,3,9254,1,1,115.0,1,37,19,5,5,109.8,1,0,0,1,0,0,19,0,0,6,8,4,11.25,0,0,6,8,4,12.0,0,10.8,1.4,1.74,Enrolled,Female,Local
4083,1,7,1,9991,0,3,130.0,1,3,19,2,3,133.9,0,0,0,1,0,0,28,0,0,5,7,5,13.714285714285714,0,0,5,7,5,13.142857142857142,0,16.2,0.3,-0.92,Graduate,Female,Local
4084,2,39,1,9147,1,1,130.0,1,1,19,9,9,109.9,0,0,0,0,0,0,29,0,0,4,4,0,0.0,0,0,5,0,0,0.0,0,12.7,3.7,-1.7,Dropout,Female,Local
4085,1,44,1,9130,1,39,160.0,1,1,37,3,3,160.0,1,0,1,0,0,0,36,0,2,6,9,6,12.0,0,1,6,8,3,14.666666666666666,0,12.4,0.5,1.79,Dropout,Female,Local
4086,1,39,1,8014,0,19,133.1,1,37,37,9,7,106.5,0,0,0,1,0,1,32,0,0,6,7,6,12.666666666666666,0,0,6,7,6,13.333333333333334,0,12.7,3.7,-1.7,Graduate,Female,Local
4087,1,39,1,9500,1,1,130.0,1,38,37,5,7,120.0,1,0,0,1,0,1,25,0,0,8,11,7,13.29,3,0,8,11,7,13.29,3,9.4,-0.8,-3.12,Enrolled,Female,Local
4088,2,43,1,9991,0,1,140.0,1,37,37,3,10,107.8,0,0,0,1,0,0,33,0,8,10,15,8,10.375,0,7,10,13,9,10.444444444444445,0,7.6,2.6,0.32,Enrolled,Female,Local
4089,2,43,1,8014,0,14,133.1,1,34,34,0,0,100.0,0,0,0,0,0,0,34,0,3,7,13,3,12.0,0,2,7,15,1,13.0,1,9.4,-0.8,-3.12,Dropout,Female,Local
4090,2,39,1,8014,0,1,150.0,1,34,34,0,0,112.5,0,0,0,1,0,0,33,0,0,6,10,5,11.4,0,1,6,7,6,11.166666666666666,0,7.6,2.6,0.32,Graduate,Female,Local
4091,1,43,1,9991,0,1,140.0,1,37,38,9,8,135.5,0,0,1,0,0,0,29,0,0,5,15,2,13.25,0,0,5,12,3,12.6,3,16.2,0.3,-0.92,Dropout,Female,Local
4092,1,1,1,9500,1,1,145.0,1,1,1,4,10,145.0,0,0,0,1,0,0,18,0,0,7,7,6,13.861666666666666,0,0,8,16,0,0.0,1,12.4,0.5,1.79,Dropout,Female,Local
4093,1,1,1,9773,1,1,126.0,1,37,38,7,7,119.0,0,0,0,1,0,1,18,0,0,6,6,6,12.166666666666666,0,0,6,7,6,12.142857142857142,0,15.5,2.8,-4.06,Graduate,Female,Local
4094,2,7,1,9238,1,3,130.0,1,37,19,4,5,130.0,0,0,0,1,0,0,38,0,0,6,17,4,13.75,0,0,6,15,6,14.5,0,16.2,0.3,-0.92,Graduate,Female,Local
4095,1,1,4,9500,1,1,135.0,1,38,37,9,8,126.3,1,0,0,1,0,1,19,0,0,7,7,6,15.433333333333332,0,0,7,7,6,15.433333333333332,0,7.6,2.6,0.32,Graduate,Female,Local
4096,4,39,1,8014,0,19,133.1,1,37,37,9,9,113.5,0,0,0,1,0,1,39,0,0,6,6,6,13.833333333333334,0,0,6,6,6,15.5,0,11.1,0.6,2.02,Graduate,Female,Local
4097,1,43,1,9991,0,3,120.0,1,37,37,9,9,120.0,0,0,0,1,0,0,37,0,7,14,21,12,11.833333333333334,0,11,12,15,11,11.363636363636363,0,12.7,3.7,-1.7,Graduate,Female,Local
4098,1,17,2,9556,1,1,120.0,1,37,37,5,5,111.3,1,0,0,1,0,0,32,0,0,7,7,0,0.0,0,0,8,8,0,0.0,0,16.2,0.3,-0.92,Dropout,Female,Local
4099,1,18,1,9238,1,1,147.0,1,38,34,4,0,130.2,0,0,0,1,0,0,18,0,0,1,1,0,0.0,1,0,6,0,0,0.0,0,10.8,1.4,1.74,Dropout,Female,Local
4100,1,43,1,9556,1,1,149.0,1,1,1,4,8,140.2,1,1,0,1,0,0,20,0,1,7,9,7,12.333333333333334,0,0,8,8,8,12.625,0,12.7,3.7,-1.7,Enrolled,Female,Local
4101,1,1,5,9070,1,1,124.0,1,37,37,9,9,113.9,1,0,0,1,0,0,20,0,0,6,6,6,11.166666666666666,0,0,6,6,6,12.166666666666666,0,7.6,2.6,0.32,Graduate,Female,Local
4102,1,17,1,9085,1,1,133.1,1,37,37,9,9,99.0,1,0,0,1,0,1,23,0,0,6,6,6,14.666666666666666,0,0,6,8,6,12.428571428571429,0,8.9,1.4,3.51,Graduate,Female,Local
4103,1,1,2,9147,1,1,125.0,1,1,19,4,9,124.0,1,0,0,1,0,0,19,0,0,5,5,5,11.2,0,0,5,11,4,11.75,0,10.8,1.4,1.74,Enrolled,Female,Local
4104,1,1,1,9238,1,1,141.0,1,37,38,9,10,138.9,0,0,0,1,0,0,18,0,0,6,9,6,13.714285714285714,0,0,6,6,6,14.166666666666666,0,13.9,-0.3,0.79,Graduate,Female,Local
4105,1,1,1,9147,1,1,131.0,1,38,19,9,9,130.0,1,0,0,1,1,0,19,0,0,5,5,5,12.8,0,0,5,10,5,11.444444444444445,0,10.8,1.4,1.74,Graduate,Male,Local
4106,1,17,4,9773,1,1,118.0,1,1,38,5,7,120.8,1,0,0,1,0,0,20,0,0,6,9,4,13.25,0,0,6,11,5,11.8,0,12.4,0.5,1.79,Graduate,Female,Local
4107,1,1,6,9500,1,1,129.0,1,37,19,9,7,127.8,1,0,0,1,0,0,19,0,0,8,10,6,13.78,1,0,8,10,6,13.78,1,9.4,-0.8,-3.12,Dropout,Female,Local
4108,1,17,3,9500,1,1,136.0,1,37,38,4,5,126.0,1,0,0,1,0,0,19,0,0,8,8,7,15.11,0,0,8,8,7,15.11,0,10.8,1.4,1.74,Graduate,Female,Local
4109,1,1,2,9238,1,1,134.0,1,1,19,4,5,126.0,0,0,0,1,0,0,18,0,0,6,10,4,11.0,0,0,6,8,5,11.2,0,10.8,1.4,1.74,Graduate,Female,Local
4110,1,1,1,9500,1,1,153.0,1,38,19,9,5,138.5,1,0,0,1,0,1,20,0,0,8,8,7,15.798571428571426,0,0,8,8,7,15.798571428571426,0,10.8,1.4,1.74,Graduate,Female,Local
4111,1,1,3,9500,1,1,119.0,1,19,37,9,9,119.4,1,0,0,1,0,0,20,0,0,7,7,7,13.775714285714288,0,0,8,8,8,15.599999999999998,0,12.4,0.5,1.79,Graduate,Female,Local
4112,4,39,1,9500,1,1,140.0,1,38,37,7,7,101.5,1,0,0,1,0,0,24,0,0,8,11,7,12.16,0,0,8,11,7,12.16,0,10.8,1.4,1.74,Graduate,Female,Local
4113,4,39,2,9556,1,1,133.1,1,38,37,7,7,101.5,1,0,0,1,0,0,24,0,0,7,0,0,0.0,0,0,7,0,0,0.0,0,10.8,1.4,1.74,Dropout,Female,Local
4114,1,17,2,9773,1,1,130.0,1,2,1,2,7,126.2,1,0,0,1,0,0,20,0,0,6,6,6,14.333333333333334,0,0,6,6,6,15.5,0,12.4,0.5,1.79,Graduate,Female,Local
4115,1,1,3,9070,1,1,128.0,1,19,19,3,3,129.8,1,0,0,1,0,0,20,0,0,6,6,6,11.833333333333334,0,0,6,6,3,13.333333333333334,0,9.4,-0.8,-3.12,Enrolled,Female,Local
4116,1,1,1,9085,1,1,145.0,1,38,37,3,9,138.4,1,0,0,0,0,0,18,0,0,6,7,6,14.833333333333334,0,0,6,8,6,12.5,0,8.9,1.4,3.51,Enrolled,Female,Local
4117,1,1,1,9500,1,1,146.0,1,1,37,9,9,129.3,0,0,0,1,0,0,18,0,0,8,8,7,14.2,0,0,8,8,7,14.2,0,12.7,3.7,-1.7,Graduate,Female,Local
4118,1,1,1,9085,1,1,119.0,1,2,1,4,3,113.1,1,0,0,1,0,0,21,0,0,5,6,5,12.2,0,0,5,5,5,13.2,0,10.8,1.4,1.74,Graduate,Female,Local
4119,1,17,1,9853,1,1,160.0,1,1,38,4,10,144.3,1,0,0,1,0,0,18,0,0,6,10,4,13.0,0,0,6,9,5,13.666666666666666,0,9.4,-0.8,-3.12,Graduate,Female,Local
4120,1,17,5,9500,1,1,144.0,1,19,1,5,3,141.0,1,0,0,1,0,1,19,0,0,8,8,7,12.485714285714286,0,0,8,8,7,12.485714285714286,0,12.7,3.7,-1.7,Graduate,Female,Local
4121,1,7,1,9085,1,40,130.0,1,1,1,4,4,130.0,1,0,0,1,0,0,22,0,0,6,7,6,17.0,0,0,6,7,6,16.285714285714285,0,11.1,0.6,2.02,Graduate,Female,Local
4122,1,17,3,9238,1,1,122.0,1,19,19,7,7,117.5,1,0,0,1,0,0,19,0,0,6,7,5,10.8,0,0,6,9,6,10.166666666666666,0,8.9,1.4,3.51,Graduate,Female,Local
4123,1,1,3,9500,1,1,153.0,6,37,37,9,9,131.8,1,0,0,1,0,0,18,1,0,7,7,6,14.716666666666669,0,0,7,7,6,14.716666666666669,0,7.6,2.6,0.32,Graduate,Female,International
4124,1,1,1,9085,1,1,147.0,1,37,19,9,5,133.7,1,0,0,1,0,1,19,0,0,5,10,2,13.5,0,0,5,11,5,11.4,1,10.8,1.4,1.74,Enrolled,Female,Local
4125,1,43,1,9500,1,1,121.0,1,38,19,5,5,115.4,1,0,0,1,0,1,24,0,0,8,8,7,11.971428571428572,0,0,8,8,7,11.971428571428572,0,12.7,3.7,-1.7,Enrolled,Female,Local
4126,1,1,3,9085,1,1,134.0,1,38,19,9,5,129.1,0,0,0,1,0,0,19,0,0,5,7,3,12.0,0,0,5,7,4,13.5,0,7.6,2.6,0.32,Enrolled,Female,Local
4127,1,1,1,8014,0,1,133.0,1,38,38,5,2,135.5,0,0,0,1,0,0,34,0,0,6,7,6,12.333333333333334,0,0,6,6,6,11.666666666666666,0,10.8,1.4,1.74,Graduate,Female,Local
4128,1,17,5,9085,1,1,118.0,1,38,38,9,9,112.4,1,0,0,1,0,0,19,0,0,12,22,6,15.307692307692308,0,0,10,13,6,13.875,0,15.5,2.8,-4.06,Graduate,Female,Local
4129,1,1,1,9500,1,1,137.0,1,37,37,7,9,130.8,1,0,0,1,0,1,18,0,0,7,7,6,12.666666666666666,0,0,7,7,6,12.666666666666666,0,7.6,2.6,0.32,Graduate,Female,Local
4130,1,1,5,9500,1,1,143.0,1,37,37,9,5,131.6,1,0,0,1,0,1,19,0,0,7,10,7,14.368,0,0,8,8,8,14.44875,0,15.5,2.8,-4.06,Graduate,Female,Local
4131,1,39,1,9500,1,1,123.0,1,19,1,1,1,140.8,0,0,0,1,0,0,25,0,0,8,8,7,12.084285714285716,0,0,8,8,7,12.084285714285716,0,10.8,1.4,1.74,Graduate,Female,Local
4132,1,44,1,9085,1,39,140.0,1,3,38,2,9,140.0,1,0,0,1,0,0,21,0,7,12,18,8,12.25,0,4,12,27,8,12.2,0,12.4,0.5,1.79,Enrolled,Female,Local
4133,1,1,1,9254,1,1,118.0,1,37,37,7,7,114.2,0,0,0,1,0,0,18,0,0,6,10,5,12.2,0,0,6,10,5,11.6,0,16.2,0.3,-0.92,Enrolled,Female,Local
4134,1,1,1,9238,1,1,142.0,1,34,38,4,7,127.3,0,0,0,1,0,1,18,0,0,6,12,4,11.0,0,0,6,9,6,11.5,0,9.4,-0.8,-3.12,Graduate,Female,Local
4135,1,1,1,8014,0,1,115.0,1,38,38,9,7,115.0,1,0,0,1,0,0,28,0,0,6,8,5,12.8,0,0,6,8,5,11.0,0,9.4,-0.8,-3.12,Graduate,Female,Local
4136,5,43,1,9500,1,1,131.0,1,1,38,5,5,118.8,0,0,0,1,0,1,18,0,0,8,8,7,11.857142857142858,0,0,8,8,7,11.857142857142858,0,12.7,3.7,-1.7,Graduate,Female,Local
4137,2,39,1,9254,1,1,130.0,1,37,37,9,9,125.0,0,0,0,1,0,0,41,0,0,6,8,6,12.285714285714286,0,0,6,10,5,13.0,0,8.9,1.4,3.51,Graduate,Female,Local
4138,1,17,2,9853,1,1,133.1,1,37,37,5,0,111.5,0,0,0,1,0,0,18,0,0,6,11,3,12.333333333333334,0,0,6,11,4,13.5,0,7.6,2.6,0.32,Dropout,Female,Local
4139,1,17,1,9238,1,1,134.0,1,38,19,7,7,124.2,0,0,0,1,0,1,21,0,0,6,11,4,11.25,0,0,6,12,4,11.4,0,15.5,2.8,-4.06,Graduate,Female,Local
4140,4,7,1,9238,1,40,130.0,1,34,34,99,99,130.0,0,0,1,1,0,0,41,0,0,6,0,0,0.0,0,0,6,0,0,0.0,0,11.1,0.6,2.02,Dropout,Female,Local
4141,1,7,1,9070,1,3,133.1,1,3,5,2,2,120.0,1,0,0,1,0,0,32,0,0,3,3,2,16.0,0,0,3,3,1,16.0,0,7.6,2.6,0.32,Dropout,Female,Local
4142,1,43,1,8014,0,12,114.0,1,34,34,0,99,110.0,0,0,0,1,0,0,29,0,0,6,10,6,11.666666666666666,0,0,6,7,6,11.0,0,7.6,2.6,0.32,Graduate,Female,Local
4143,1,39,1,9556,1,1,130.0,1,19,38,9,8,113.3,0,0,0,1,0,0,24,0,0,7,15,5,12.4,0,0,8,14,7,12.15,0,12.4,0.5,1.79,Enrolled,Female,Local
4144,1,43,1,9556,1,1,128.0,1,38,38,7,8,123.5,1,0,0,1,0,0,22,0,0,7,14,6,10.744444444444444,1,0,8,10,8,11.8375,0,12.7,3.7,-1.7,Enrolled,Female,Local
4145,1,1,1,9238,1,1,133.1,1,19,1,1,3,101.0,0,0,0,1,0,0,21,0,0,6,0,0,0.0,0,0,6,0,0,0.0,0,15.5,2.8,-4.06,Dropout,Female,Local
4146,2,39,1,9500,1,19,133.1,1,37,38,9,10,120.9,1,0,0,1,0,0,39,0,0,7,12,4,12.0,0,0,7,13,4,12.5625,0,11.1,0.6,2.02,Dropout,Female,Local
4147,4,39,1,9085,1,1,140.0,1,37,37,9,9,154.6,0,0,0,0,0,1,44,0,0,6,12,4,12.75,0,0,6,15,2,10.0,0,8.9,1.4,3.51,Enrolled,Female,Local
4148,1,1,1,9147,1,1,117.0,1,37,37,9,9,120.2,1,0,0,1,0,0,20,0,0,5,9,2,10.0,0,0,5,10,2,11.0,0,7.6,2.6,0.32,Enrolled,Female,Local
4149,1,43,3,9500,1,1,139.0,1,38,37,9,8,146.5,0,0,0,1,0,0,21,0,11,14,26,12,13.417391304347827,1,11,14,26,12,13.417391304347827,1,7.6,2.6,0.32,Graduate,Female,Local
4150,1,1,1,9773,1,1,159.0,1,34,26,0,6,160.1,1,0,0,1,0,0,18,0,0,6,6,6,15.166666666666666,0,0,6,7,6,14.857142857142858,0,7.6,2.6,0.32,Graduate,Female,Local
4151,1,39,1,9003,1,1,140.0,1,37,37,5,5,150.0,0,0,1,1,0,0,34,0,0,6,10,5,13.833333333333334,0,0,6,13,5,12.5,0,16.2,0.3,-0.92,Graduate,Female,Local
4152,1,1,3,9085,1,1,140.0,1,10,19,90,90,135.8,1,0,0,1,0,0,18,0,0,5,6,5,13.333333333333334,0,0,5,7,4,14.8,0,7.6,2.6,0.32,Graduate,Female,Local
4153,1,1,1,171,1,1,135.0,1,19,4,9,2,143.8,1,0,1,1,0,0,19,0,0,0,0,0,0.0,0,0,0,0,0,0.0,0,12.7,3.7,-1.7,Enrolled,Female,Local
4154,1,1,1,9853,1,1,121.0,1,37,19,6,7,116.8,1,0,0,1,0,0,18,0,0,6,11,3,11.666666666666666,0,0,6,11,3,10.666666666666666,0,9.4,-0.8,-3.12,Dropout,Female,Local
4155,1,1,5,9085,1,1,124.0,1,3,19,2,3,113.9,1,0,0,1,0,0,19,0,0,6,12,5,15.0,0,0,6,9,6,13.428571428571429,0,16.2,0.3,-0.92,Graduate,Female,Local
4156,1,1,3,9500,1,1,131.0,1,37,37,9,9,118.0,1,0,0,1,0,1,18,0,0,8,8,7,13.242857142857144,0,0,8,8,7,13.242857142857144,0,12.7,3.7,-1.7,Enrolled,Female,Local
4157,1,1,5,9130,1,1,160.0,1,3,1,2,9,150.2,1,0,0,1,0,0,19,0,0,5,13,1,13.0,0,0,5,7,2,12.5,0,12.7,3.7,-1.7,Dropout,Female,Local
4158,1,1,2,9500,1,1,120.0,1,3,37,4,7,115.1,1,0,0,1,0,1,19,0,0,7,8,6,13.075,0,0,8,10,7,12.05,0,12.4,0.5,1.79,Graduate,Female,Local
4159,1,1,1,9670,1,1,140.0,1,19,19,5,9,131.3,1,0,0,1,0,1,18,0,0,6,6,6,13.5,0,0,6,9,6,13.666666666666666,0,10.8,1.4,1.74,Graduate,Female,Local
4160,1,44,1,9991,0,39,120.0,1,37,37,7,7,120.0,1,0,0,1,0,1,23,0,2,6,8,5,11.8,0,2,6,8,6,12.333333333333334,0,9.4,-0.8,-3.12,Graduate,Female,Local
4161,1,17,2,9254,1,1,118.0,22,19,37,9,9,110.3,1,0,0,0,0,0,18,1,0,6,7,5,12.6,0,0,6,6,5,11.8,0,11.1,0.6,2.02,Enrolled,Female,International
4162,4,43,1,9853,1,1,133.1,100,19,22,90,90,100.0,0,0,0,1,0,0,33,1,0,6,6,6,12.166666666666666,0,0,6,9,3,11.0,0,7.6,2.6,0.32,Dropout,Female,International
4163,1,17,2,9238,1,1,111.0,1,19,38,9,9,110.7,1,0,0,1,0,0,19,0,0,6,9,6,12.166666666666666,0,0,6,9,6,11.0,0,8.9,1.4,3.51,Graduate,Female,Local
4164,1,43,3,171,1,1,140.0,1,37,38,7,7,143.4,1,0,0,1,0,0,21,0,0,0,0,0,0.0,0,0,0,0,0,0.0,0,9.4,-0.8,-3.12,Dropout,Female,Local
4165,1,1,6,9500,1,1,125.0,1,19,19,9,9,115.9,0,0,0,1,0,0,18,0,0,7,7,7,13.557142857142855,0,0,8,9,8,13.2,0,12.4,0.5,1.79,Graduate,Female,Local
4166,1,18,1,9991,0,1,133.1,1,38,38,5,5,145.0,0,0,0,1,0,1,21,0,0,5,6,4,12.25,0,0,5,8,4,11.8,0,10.8,1.4,1.74,Enrolled,Female,Local
4167,1,17,2,9070,1,1,136.0,1,19,38,4,7,140.9,1,0,0,1,0,0,19,0,0,6,6,6,14.333333333333334,0,0,6,6,6,13.5,0,9.4,-0.8,-3.12,Graduate,Female,Local
4168,1,1,2,9773,1,1,115.0,1,34,38,0,5,108.4,1,0,0,1,0,0,20,0,0,6,10,4,10.5,0,0,6,8,4,11.75,0,7.6,2.6,0.32,Graduate,Female,Local
4169,1,1,1,9773,1,1,116.0,1,37,37,0,5,114.3,1,0,0,1,0,0,20,0,0,4,8,0,0.0,0,0,4,8,0,0.0,0,7.6,2.6,0.32,Dropout,Female,Local
4170,1,18,5,9853,1,1,110.0,1,19,37,7,7,110.0,1,0,0,1,0,0,20,0,0,6,10,4,12.75,0,0,6,14,3,11.333333333333334,0,10.8,1.4,1.74,Enrolled,Female,Local
4171,1,1,1,9238,1,1,135.0,1,38,38,4,7,121.7,1,0,0,1,0,1,18,0,0,6,14,0,0.0,0,0,6,9,4,11.0,0,7.6,2.6,0.32,Enrolled,Female,Local
4172,1,43,2,9147,1,1,131.0,1,19,37,5,9,123.7,1,0,0,1,0,0,18,0,0,5,10,1,14.0,0,0,5,10,1,14.0,0,7.6,2.6,0.32,Enrolled,Female,Local
4173,1,1,2,9500,1,1,124.0,1,37,37,7,7,116.5,1,0,0,1,0,1,20,0,0,7,9,7,14.093333333333332,0,0,8,8,8,15.0,0,11.1,0.6,2.02,Graduate,Female,Local
4174,1,1,1,9238,1,1,163.0,1,37,37,5,6,155.0,0,0,0,1,0,1,21,0,0,6,6,6,13.333333333333334,0,0,6,8,6,13.166666666666666,0,9.4,-0.8,-3.12,Graduate,Female,Local
4175,1,43,1,9500,1,1,137.0,1,38,19,9,5,129.3,1,0,0,1,0,0,19,0,0,8,12,7,12.071428571428571,0,0,8,12,7,12.071428571428571,0,12.7,3.7,-1.7,Graduate,Female,Local
4176,1,1,3,9254,1,1,128.0,1,19,1,7,9,121.7,1,0,0,1,0,1,18,0,0,6,6,6,12.666666666666666,0,0,6,6,6,12.5,0,12.4,0.5,1.79,Graduate,Female,Local
4177,1,39,1,9085,1,1,133.1,1,37,37,9,9,148.2,1,0,1,1,0,0,27,0,0,6,11,6,12.125,0,0,6,16,5,12.0,0,12.4,0.5,1.79,Enrolled,Female,Local
4178,1,1,2,9500,1,1,133.1,1,19,38,7,9,125.5,1,0,0,1,0,1,21,0,0,7,9,7,13.2,0,0,8,9,7,13.2575,0,15.5,2.8,-4.06,Graduate,Female,Local
4179,1,17,4,9500,1,1,148.0,1,3,19,4,7,131.9,1,0,0,1,0,1,18,0,0,7,8,7,14.15,0,0,8,8,8,14.51125,0,15.5,2.8,-4.06,Graduate,Female,Local
4180,1,17,1,9853,1,1,127.0,1,38,37,5,7,121.8,1,0,1,1,0,0,18,0,0,6,12,4,13.5,0,0,6,14,3,10.666666666666666,0,10.8,1.4,1.74,Enrolled,Female,Local
4181,1,43,1,9853,1,1,110.0,1,37,37,9,9,107.7,0,0,1,0,0,0,28,0,0,6,0,0,0.0,0,0,5,10,0,0.0,0,10.8,1.4,1.74,Dropout,Female,Local
4182,1,39,1,9556,1,1,133.1,1,44,40,2,2,115.5,0,0,0,1,0,0,36,0,0,7,13,5,12.2,0,0,7,14,3,11.4,0,11.1,0.6,2.02,Dropout,Female,Local
4183,1,1,1,9085,1,1,145.0,1,38,38,9,10,139.8,1,0,0,1,0,0,20,0,0,5,6,5,14.8,1,0,5,6,5,14.0,0,12.7,3.7,-1.7,Graduate,Female,Local
4184,1,1,1,9238,1,1,136.0,1,38,38,0,7,133.2,1,0,0,1,0,0,19,0,0,6,8,5,11.0,0,0,6,13,5,11.4,0,7.6,2.6,0.32,Graduate,Female,Local
4185,1,1,1,9991,0,1,131.0,1,19,37,9,9,118.4,1,0,0,1,0,0,20,0,0,5,10,0,0.0,0,0,5,10,0,0.0,3,7.6,2.6,0.32,Enrolled,Female,Local
4186,1,17,2,9085,1,1,138.0,1,37,37,9,7,123.3,1,0,0,1,0,0,19,0,0,5,15,3,14.0,3,0,5,10,4,11.75,1,9.4,-0.8,-3.12,Enrolled,Female,Local
4187,2,39,1,8014,0,1,150.0,1,37,38,3,7,134.5,0,0,0,1,0,0,28,0,0,6,8,5,11.833333333333334,0,0,6,6,6,13.0,0,16.2,0.3,-0.92,Graduate,Female,Local
4188,1,1,1,9670,1,1,112.0,1,37,1,7,0,110.6,0,0,0,1,0,0,20,0,0,5,7,4,11.75,0,0,5,7,5,11.8,1,7.6,2.6,0.32,Graduate,Female,Local
4189,1,42,1,9254,1,1,154.0,1,38,37,1,1,154.0,1,0,0,1,0,0,28,0,8,14,22,12,12.333333333333334,0,3,12,20,8,12.0,0,9.4,-0.8,-3.12,Graduate,Female,Local
4190,1,43,1,9991,0,39,160.0,1,37,37,9,9,160.0,0,0,0,1,0,0,24,0,3,10,16,3,11.666666666666666,0,3,10,24,6,11.833333333333334,0,9.4,-0.8,-3.12,Dropout,Female,Local
4191,1,44,1,9085,1,39,140.0,1,1,39,3,9,140.0,1,0,0,1,0,0,20,0,1,6,9,6,12.666666666666666,0,1,6,10,4,11.5,0,13.9,-0.3,0.79,Enrolled,Female,Local
4192,1,17,2,9853,1,1,150.0,1,37,37,5,6,132.5,1,0,0,1,0,0,22,0,0,6,9,4,12.25,0,0,6,8,5,11.6,0,10.8,1.4,1.74,Enrolled,Female,Local
4193,1,17,2,9254,1,1,141.0,1,1,4,4,4,127.7,0,0,0,1,0,1,18,0,0,6,7,6,11.285714285714286,0,0,6,9,4,13.5,0,16.2,0.3,-0.92,Graduate,Female,Local
4194,1,1,5,9147,1,1,122.0,1,38,38,9,9,117.5,1,0,1,0,0,0,22,0,0,5,12,2,11.5,0,0,5,12,0,0.0,0,12.7,3.7,-1.7,Dropout,Female,Local
4195,1,1,5,9254,1,1,120.0,1,37,37,9,7,127.0,1,0,0,1,0,1,18,0,0,6,10,6,11.666666666666666,0,0,6,10,4,12.25,0,9.4,-0.8,-3.12,Graduate,Female,Local
4196,1,1,1,9500,1,1,139.0,1,19,37,5,5,125.5,0,0,0,1,0,1,21,0,0,8,8,7,13.514285714285714,0,0,8,8,7,13.514285714285714,0,12.7,3.7,-1.7,Graduate,Female,Local
4197,1,17,6,9773,1,1,138.0,1,1,1,4,2,140.5,1,0,0,1,0,0,19,0,0,6,7,6,13.0,0,0,6,9,6,13.714285714285714,0,7.6,2.6,0.32,Graduate,Female,Local
4198,1,5,1,9853,1,1,119.0,1,1,38,5,8,118.3,1,0,0,1,0,0,22,0,0,6,11,3,15.0,0,0,6,11,4,10.25,0,9.4,-0.8,-3.12,Enrolled,Female,Local
4199,1,1,1,9500,1,1,129.0,1,38,38,5,5,120.8,1,0,0,1,0,1,20,0,0,8,8,7,12.744285714285716,0,0,8,8,7,12.744285714285716,0,10.8,1.4,1.74,Graduate,Female,Local
4200,1,1,1,9147,1,1,133.1,1,37,37,191,154,95.0,0,0,0,1,0,0,20,0,0,5,10,4,11.75,0,0,5,8,5,11.8,0,11.1,0.6,2.02,Graduate,Female,Local
4201,1,17,1,8014,0,1,125.0,1,37,37,5,6,122.2,1,0,1,1,0,0,19,0,0,6,6,6,12.166666666666666,0,0,6,7,6,11.666666666666666,0,10.8,1.4,1.74,Graduate,Female,Local
4202,1,17,1,171,1,1,125.0,1,1,1,7,3,143.9,1,0,0,1,0,0,20,0,0,0,0,0,0.0,0,0,0,0,0,0.0,0,15.5,2.8,-4.06,Enrolled,Female,Local
4203,1,1,2,9070,1,1,137.0,1,19,38,9,9,127.2,1,0,0,1,0,1,20,0,1,6,9,5,13.4,1,0,6,9,6,12.375,0,13.9,-0.3,0.79,Graduate,Female,Local
4204,1,1,1,9238,1,1,123.0,1,34,38,0,7,120.2,1,0,0,1,0,0,20,0,0,6,9,5,11.8,0,0,6,10,4,11.5,0,7.6,2.6,0.32,Dropout,Female,Local
4205,1,1,3,9500,1,1,154.0,1,1,37,4,9,134.8,1,0,0,1,0,0,19,0,0,7,7,6,13.533333333333331,0,0,7,7,6,13.533333333333331,0,7.6,2.6,0.32,Graduate,Female,Local
4206,1,1,1,9254,1,1,144.0,1,19,19,9,9,142.6,1,0,0,1,0,1,18,0,0,6,7,6,14.166666666666666,0,0,6,10,4,14.0,0,15.5,2.8,-4.06,Graduate,Female,Local
4207,1,1,1,9500,1,1,153.0,1,38,37,7,8,147.9,0,0,0,1,0,1,18,0,0,7,7,7,14.652857142857142,0,0,8,9,8,14.755555555555556,0,12.4,0.5,1.79,Graduate,Female,Local
4208,1,1,1,171,1,1,152.0,1,1,38,4,9,160.4,1,0,0,0,0,0,19,0,0,0,0,0,0.0,0,0,0,0,0,0.0,0,7.6,2.6,0.32,Dropout,Female,Local
4209,1,1,1,9147,1,1,150.0,103,37,37,9,9,134.6,0,0,0,1,1,0,20,1,0,5,5,5,13.6,0,0,5,7,5,13.0,0,9.4,-0.8,-3.12,Graduate,Male,International
4210,1,1,1,9254,1,1,129.0,1,19,1,3,7,121.0,0,0,0,1,0,1,22,0,0,6,9,6,12.833333333333334,0,0,6,6,4,13.25,0,16.2,0.3,-0.92,Graduate,Female,Local
4211,1,1,1,9238,1,1,150.0,1,19,37,5,4,142.7,1,0,0,1,0,1,18,0,0,6,6,6,14.666666666666666,0,0,6,6,6,15.166666666666666,0,9.4,-0.8,-3.12,Graduate,Female,Local
4212,1,17,2,9773,1,1,125.0,1,1,1,4,8,115.6,1,0,0,1,0,0,19,0,0,6,6,6,13.333333333333334,0,0,6,6,6,14.666666666666666,0,12.4,0.5,1.79,Graduate,Female,Local
4213,1,1,1,9238,1,1,133.1,1,19,37,9,9,130.0,0,0,0,0,0,1,20,0,0,6,10,5,13.4,0,0,6,9,5,11.4,0,10.8,1.4,1.74,Graduate,Female,Local
4214,1,1,2,9500,1,1,140.0,1,38,37,5,6,124.3,1,0,0,1,0,1,19,0,0,7,9,7,13.3125,0,0,8,8,8,15.6375,0,13.9,-0.3,0.79,Graduate,Female,Local
4215,1,1,1,171,1,1,140.0,1,19,37,5,6,137.9,1,0,1,0,0,0,18,0,0,0,0,0,0.0,0,0,0,0,0,0.0,0,8.9,1.4,3.51,Dropout,Female,Local
4216,1,1,6,9773,1,1,133.1,1,1,37,3,3,100.0,1,0,1,0,0,0,20,0,0,4,4,0,0.0,0,0,5,5,0,0.0,0,12.4,0.5,1.79,Dropout,Female,Local
4217,1,1,2,9773,1,1,132.0,1,1,2,9,3,128.2,1,0,0,1,0,1,19,0,0,6,7,6,12.333333333333334,0,0,6,6,6,13.5,0,9.4,-0.8,-3.12,Graduate,Female,Local
4218,1,17,3,9773,1,1,135.0,1,1,19,5,7,135.0,0,0,0,1,0,0,18,0,0,6,6,6,13.5,0,0,6,6,6,13.333333333333334,0,12.4,0.5,1.79,Enrolled,Female,Local
4219,1,16,4,9238,1,1,135.0,1,37,37,9,9,121.0,1,0,0,1,0,0,18,0,0,6,8,5,13.0,0,0,6,7,6,11.833333333333334,0,10.8,1.4,1.74,Graduate,Female,Local
4220,1,1,1,9670,1,1,133.1,1,34,38,0,4,147.0,0,0,0,1,0,0,22,0,0,5,6,2,12.5,0,0,5,5,0,0.0,0,9.4,-0.8,-3.12,Dropout,Female,Local
4221,1,1,1,9238,1,1,168.0,1,37,37,9,9,149.5,0,0,0,1,0,0,18,0,0,6,10,6,17.0,0,0,6,11,6,16.0,0,12.4,0.5,1.79,Graduate,Female,Local
4222,1,1,1,9238,1,1,143.0,1,19,1,9,9,144.4,1,0,0,1,0,0,20,0,0,6,7,6,13.5,0,0,6,6,6,13.0,0,10.8,1.4,1.74,Graduate,Female,Local
4223,1,17,2,9254,1,1,116.0,1,19,38,5,5,116.0,1,0,0,1,0,0,19,0,0,6,7,6,12.714285714285714,0,0,6,6,6,11.833333333333334,0,8.9,1.4,3.51,Graduate,Female,Local
4224,1,43,1,9500,1,1,134.0,1,38,19,5,8,120.7,0,0,0,1,0,1,19,0,0,7,9,6,13.0,0,0,8,11,8,13.927272727272726,0,16.2,0.3,-0.92,Graduate,Female,Local
4225,1,44,1,9238,1,39,140.0,1,38,19,5,0,141.8,0,0,0,1,0,0,21,0,3,6,7,6,12.571428571428571,0,2,6,6,6,13.5,0,12.4,0.5,1.79,Graduate,Female,Local
4226,1,17,2,8014,0,1,133.0,1,19,1,5,5,119.7,1,0,0,1,0,1,19,0,0,6,10,4,11.5,0,0,6,11,6,11.5,0,9.4,-0.8,-3.12,Dropout,Female,Local
4227,1,1,6,9238,1,1,125.0,1,38,1,7,4,118.4,1,0,0,1,0,1,19,0,0,6,6,6,13.5,0,0,6,7,6,13.285714285714286,0,11.1,0.6,2.02,Graduate,Female,Local
4228,2,39,1,8014,0,1,133.1,1,37,37,5,4,134.5,0,0,0,1,0,0,45,0,0,6,8,5,13.6,0,0,6,7,5,13.0,0,15.5,2.8,-4.06,Enrolled,Female,Local
4229,2,39,1,9085,1,1,133.1,1,36,36,99,5,128.2,0,0,0,0,0,1,28,0,0,5,14,1,12.0,3,0,5,5,0,0.0,5,9.4,-0.8,-3.12,Dropout,Female,Local
4230,2,43,1,9500,1,1,137.0,1,3,3,2,2,115.0,0,0,0,1,0,0,28,0,0,7,8,7,14.95,0,0,8,8,8,14.7375,0,13.9,-0.3,0.79,Graduate,Female,Local
4231,1,39,1,9991,0,1,140.0,1,38,19,9,5,130.0,0,0,1,1,0,0,25,0,0,5,10,4,11.25,0,0,5,9,4,12.0,0,12.7,3.7,-1.7,Enrolled,Female,Local
4232,1,43,1,9670,1,1,134.0,1,1,38,4,4,120.7,0,0,1,0,0,0,19,0,0,6,13,3,10.666666666666666,0,0,6,6,4,12.25,0,15.5,2.8,-4.06,Dropout,Female,Local
4233,1,1,5,9500,1,1,139.0,1,38,38,9,5,130.5,1,0,0,1,0,0,19,0,0,8,8,7,14.992857142857142,0,0,8,8,7,14.992857142857142,0,10.8,1.4,1.74,Graduate,Female,Local
4234,1,1,2,9147,1,1,113.0,1,38,38,9,5,107.4,1,0,0,1,1,0,20,0,0,5,12,3,10.5,0,0,5,10,4,11.25,0,12.4,0.5,1.79,Enrolled,Male,Local
4235,1,1,3,9238,1,1,133.1,1,1,1,9,9,100.0,1,0,0,1,1,0,22,0,0,6,6,4,11.25,0,0,6,7,3,11.0,0,8.9,1.4,3.51,Enrolled,Male,Local
4236,1,43,1,9773,1,1,132.0,1,38,19,9,9,125.0,1,0,0,1,1,1,20,0,0,6,6,6,12.333333333333334,0,0,6,7,6,14.0,0,12.4,0.5,1.79,Graduate,Male,Local
4237,1,1,4,9500,1,1,127.0,1,19,37,7,7,121.5,1,0,0,1,1,0,20,0,0,7,7,6,13.016666666666666,0,0,7,7,6,13.016666666666666,0,7.6,2.6,0.32,Enrolled,Male,Local
4238,1,1,1,9085,1,1,123.0,1,38,19,4,90,127.2,0,0,1,0,1,0,20,0,0,5,7,3,11.333333333333334,0,0,5,8,2,11.5,0,7.6,2.6,0.32,Dropout,Male,Local
4239,1,39,1,9085,1,40,130.0,1,3,2,3,2,160.0,1,0,0,1,0,0,27,0,0,6,7,6,16.142857142857142,0,0,6,7,6,14.666666666666666,0,13.9,-0.3,0.79,Graduate,Female,Local
4240,1,51,1,9085,1,1,125.0,1,1,1,9,4,120.0,0,0,0,1,0,0,22,0,0,6,8,6,14.833333333333334,0,0,6,10,5,13.833333333333334,0,11.1,0.6,2.02,Graduate,Female,Local
4241,1,1,3,9500,1,1,140.0,1,37,37,9,9,141.5,1,0,1,0,0,0,19,0,0,8,8,7,13.327142857142857,0,0,8,8,7,13.327142857142857,0,10.8,1.4,1.74,Dropout,Female,Local
4242,1,17,1,9238,1,1,111.0,1,19,38,3,3,111.4,1,0,0,0,0,0,19,0,0,6,13,4,11.0,0,0,6,13,2,11.5,0,12.7,3.7,-1.7,Dropout,Female,Local
4243,1,1,1,9070,1,1,132.0,1,4,39,2,2,136.6,1,0,0,1,0,0,18,0,1,6,10,6,11.714285714285714,1,0,6,15,6,10.375,0,13.9,-0.3,0.79,Enrolled,Female,Local
4244,1,1,1,171,1,1,150.0,1,3,3,2,5,154.6,1,0,0,1,0,0,19,0,6,12,13,12,12.333333333333334,0,4,11,12,10,12.727272727272728,0,8.9,1.4,3.51,Dropout,Female,Local
4245,1,18,4,9853,1,1,118.0,1,19,37,9,6,111.4,1,0,1,0,0,0,20,0,0,7,9,0,0.0,0,0,6,6,0,0.0,0,11.1,0.6,2.02,Dropout,Female,Local
4246,2,43,1,9991,0,1,150.0,1,38,19,3,3,120.1,0,0,0,0,0,0,39,0,11,15,15,12,11.916666666666666,0,8,13,14,8,11.25,0,10.8,1.4,1.74,Dropout,Female,Local
4247,2,39,2,8014,0,19,100.0,1,37,37,4,7,100.0,0,0,1,1,0,0,37,0,0,6,9,6,11.833333333333334,0,0,6,7,6,11.0,0,7.6,2.6,0.32,Graduate,Female,Local
4248,2,39,1,9500,1,3,130.0,1,1,1,4,6,140.0,0,0,1,0,0,0,30,0,3,7,11,3,12.333333333333334,0,3,7,9,3,11.666666666666666,0,13.9,-0.3,0.79,Dropout,Female,Local
4249,2,43,1,9991,0,3,130.0,1,37,37,9,9,130.0,0,0,0,1,0,0,41,0,5,10,11,10,14.3,0,5,10,10,10,14.2,0,12.7,3.7,-1.7,Graduate,Female,Local
4250,4,39,1,9500,1,19,133.1,1,37,37,5,7,100.0,0,0,0,0,0,0,40,0,0,8,11,5,11.832,4,0,8,11,5,11.832,4,9.4,-0.8,-3.12,Dropout,Female,Local
4251,1,1,1,9147,1,1,112.0,1,9,22,4,3,106.1,0,0,0,1,0,0,20,0,0,5,13,2,10.0,1,0,5,10,0,0.0,0,9.4,-0.8,-3.12,Dropout,Female,Local
4252,2,1,1,9991,0,1,144.0,1,19,19,9,9,151.4,0,0,0,1,0,0,28,0,0,5,5,5,12.0,0,0,5,6,5,11.6,0,7.6,2.6,0.32,Graduate,Female,Local
4253,1,18,2,9853,1,1,120.0,1,19,37,9,4,113.7,1,0,1,0,0,0,19,0,0,7,11,5,12.2,0,0,7,13,0,0.0,0,12.4,0.5,1.79,Dropout,Female,Local
4254,1,1,1,9670,1,1,121.0,1,37,37,5,9,116.5,1,0,0,1,0,0,23,0,0,5,7,3,11.333333333333334,0,0,5,5,4,11.25,0,7.6,2.6,0.32,Dropout,Female,Local
4255,1,7,1,8014,0,4,120.0,1,2,3,2,2,120.0,0,0,0,1,0,0,18,0,10,16,24,13,13.846153846153848,0,7,11,15,9,12.555555555555555,0,15.5,2.8,-4.06,Dropout,Female,Local
4256,1,39,1,9500,1,1,100.0,1,1,19,4,8,122.0,0,0,0,1,0,0,24,0,0,8,8,7,12.412857142857144,0,0,8,8,7,12.412857142857144,0,10.8,1.4,1.74,Graduate,Female,Local
4257,1,17,5,9670,1,1,115.0,1,1,19,5,5,117.1,0,0,0,1,0,0,21,0,0,5,7,3,12.666666666666666,0,0,5,6,4,12.75,1,7.6,2.6,0.32,Enrolled,Female,Local
4258,1,1,2,9500,1,1,123.0,1,19,19,7,7,120.8,1,0,0,1,0,0,19,0,0,8,11,7,12.545714285714286,0,0,8,11,7,12.545714285714286,0,10.8,1.4,1.74,Graduate,Female,Local
4259,1,1,1,9773,1,1,134.0,1,37,19,9,10,141.4,1,0,0,1,0,0,19,0,0,6,12,3,13.0,0,0,6,13,2,14.0,0,9.4,-0.8,-3.12,Dropout,Female,Local
4260,1,39,1,9003,1,1,123.0,1,37,37,9,9,110.0,0,0,1,0,0,0,48,0,0,6,6,0,0.0,0,0,6,6,0,0.0,0,11.1,0.6,2.02,Dropout,Female,Local
4261,2,43,1,9991,0,2,120.0,1,37,37,9,9,120.0,0,0,0,0,0,0,38,0,9,12,12,9,12.22222222222222,2,9,12,12,9,13.0,0,9.4,-0.8,-3.12,Dropout,Female,Local
4262,1,17,1,9147,1,1,131.0,1,1,37,3,7,120.2,0,0,0,1,0,0,19,0,0,5,10,5,13.285714285714286,0,0,5,8,5,13.0,0,12.7,3.7,-1.7,Graduate,Female,Local
4263,2,39,1,9991,0,12,133.1,1,37,1,9,4,138.4,0,0,0,1,1,0,30,0,0,5,7,3,11.666666666666666,0,0,5,8,1,11.0,0,7.6,2.6,0.32,Dropout,Male,Local
4264,1,44,1,9003,1,39,150.0,1,37,19,9,9,150.0,0,0,0,1,1,1,24,0,0,6,9,6,13.555555555555555,0,0,6,7,6,12.666666666666666,0,13.9,-0.3,0.79,Graduate,Male,Local
4265,1,17,5,9773,1,1,134.0,1,1,19,9,5,121.8,1,0,0,1,1,0,19,0,0,6,6,6,13.166666666666666,0,0,6,8,6,12.428571428571429,0,16.2,0.3,-0.92,Graduate,Male,Local
4266,1,44,1,171,1,39,140.0,1,1,1,9,9,140.0,0,0,0,1,1,0,21,0,0,0,0,0,0.0,0,0,0,0,0,0.0,0,15.5,2.8,-4.06,Enrolled,Male,Local
4267,1,1,1,9254,1,1,117.0,1,1,1,5,5,116.3,1,0,0,1,1,1,21,0,0,6,6,6,11.666666666666666,0,0,6,7,5,12.2,0,10.8,1.4,1.74,Graduate,Male,Local
4268,1,1,2,9991,0,1,143.0,1,5,1,4,4,131.5,0,0,0,1,1,0,19,0,0,5,11,4,11.0,0,0,5,8,4,12.25,0,15.5,2.8,-4.06,Dropout,Male,Local
4269,1,17,2,9070,1,1,142.0,1,3,1,2,4,141.0,1,0,0,1,1,0,18,0,0,6,6,6,13.0,0,0,6,8,1,10.0,0,10.8,1.4,1.74,Enrolled,Male,Local
4270,1,17,1,9070,1,1,132.0,1,37,38,9,7,138.0,0,0,0,1,1,1,18,0,0,6,6,6,13.666666666666666,0,0,6,6,6,12.0,0,12.4,0.5,1.79,Graduate,Male,Local
4271,1,17,4,9119,1,1,138.0,1,1,3,1,4,127.5,1,0,0,1,1,0,19,0,0,5,6,5,14.6,0,0,5,5,5,15.2,0,8.9,1.4,3.51,Dropout,Male,Local
4272,1,1,1,9500,1,1,131.0,1,1,19,9,9,127.0,0,0,0,1,1,1,19,0,0,8,8,7,12.514285714285714,0,0,8,8,7,12.514285714285714,0,12.7,3.7,-1.7,Graduate,Male,Local
4273,1,17,2,9085,1,1,123.0,1,3,19,2,9,118.9,0,0,0,1,1,0,18,0,0,5,5,3,14.0,0,0,5,7,3,12.666666666666666,0,7.6,2.6,0.32,Enrolled,Male,Local
4274,1,1,1,9254,1,1,131.0,1,37,19,9,9,134.5,1,0,0,1,1,0,25,0,0,6,8,6,13.166666666666666,0,0,6,8,5,12.6,0,7.6,2.6,0.32,Enrolled,Male,Local
4275,1,17,1,9119,1,1,141.0,1,37,1,9,2,133.0,1,0,0,1,1,0,18,0,0,5,10,4,13.0,0,0,5,10,3,12.333333333333334,3,7.6,2.6,0.32,Enrolled,Male,Local
4276,5,39,1,9147,1,1,133.1,1,1,19,4,7,114.0,0,0,0,0,1,0,29,0,0,5,5,1,13.0,0,0,5,5,0,0.0,0,8.9,1.4,3.51,Dropout,Male,Local
4277,1,17,1,9119,1,1,116.0,1,19,37,90,5,116.7,1,0,0,1,1,0,21,0,0,5,10,1,10.0,0,0,5,8,3,13.666666666666666,3,7.6,2.6,0.32,Dropout,Male,Local
4278,1,1,3,9773,1,1,123.0,1,1,1,4,7,125.1,1,0,1,1,1,1,18,0,0,6,6,6,14.333333333333334,0,0,6,6,6,15.333333333333334,0,11.1,0.6,2.02,Graduate,Male,Local
4279,1,17,1,9254,1,1,133.0,1,19,1,9,9,137.2,0,0,0,1,1,1,20,0,0,6,6,0,0.0,0,0,6,12,0,0.0,0,10.8,1.4,1.74,Dropout,Male,Local
4280,1,39,1,9991,0,1,133.1,1,19,37,9,7,111.4,0,0,0,1,1,0,27,0,0,5,7,1,11.0,0,0,5,7,0,0.0,0,13.9,-0.3,0.79,Dropout,Male,Local
4281,1,1,1,9085,1,1,133.1,1,3,1,4,9,105.0,1,0,0,1,1,0,21,0,0,6,15,3,11.25,0,0,6,9,0,0.0,0,12.4,0.5,1.79,Enrolled,Male,Local
4282,1,18,2,9147,1,1,140.0,1,37,37,5,9,124.3,1,0,0,1,1,0,20,0,0,5,7,4,10.75,0,0,5,12,3,10.571428571428571,0,10.8,1.4,1.74,Dropout,Male,Local
4283,1,39,1,9147,1,19,100.0,1,38,19,7,9,132.0,0,0,1,0,1,0,28,0,0,5,7,1,11.0,0,0,5,9,0,0.0,0,10.8,1.4,1.74,Dropout,Male,Local
4284,1,39,2,9556,1,1,130.0,1,37,19,9,8,110.0,0,0,0,1,1,1,24,0,0,7,13,6,10.857142857142858,0,0,7,7,7,11.857142857142858,0,12.7,3.7,-1.7,Enrolled,Male,Local
4285,1,1,5,9147,1,1,134.0,1,3,2,2,2,134.7,0,0,0,1,1,0,22,0,1,5,10,4,11.75,0,0,5,10,3,11.0,0,7.6,2.6,0.32,Enrolled,Male,Local
4286,1,1,1,9085,1,1,134.0,1,37,19,9,9,136.8,1,0,0,1,1,0,20,0,0,5,8,5,12.8,0,0,5,9,4,13.666666666666666,1,10.8,1.4,1.74,Graduate,Male,Local
4287,1,44,1,9085,1,39,160.0,1,1,1,4,4,160.0,0,0,0,1,1,0,21,0,1,5,15,3,12.333333333333334,2,0,5,7,5,11.4,0,9.4,-0.8,-3.12,Graduate,Male,Local
4288,1,44,1,9003,1,39,130.0,1,1,3,9,2,130.0,1,0,1,0,1,0,23,0,0,6,12,2,11.333333333333334,0,0,6,8,2,13.0,0,13.9,-0.3,0.79,Dropout,Male,Local
4289,1,1,1,9238,1,1,141.0,1,19,1,7,3,128.8,1,0,0,1,1,0,18,0,0,6,10,5,11.6,0,0,6,6,6,11.166666666666666,0,10.8,1.4,1.74,Graduate,Male,Local
4290,1,1,1,171,1,1,147.0,1,1,12,4,4,148.4,1,0,0,1,1,1,20,0,8,14,15,12,10.923076923076923,0,7,13,14,11,12.181818181818182,0,11.1,0.6,2.02,Graduate,Male,Local
4291,1,1,1,171,1,1,137.0,1,1,38,4,5,130.4,1,0,0,1,1,0,19,0,0,0,0,0,0.0,0,0,0,0,0,0.0,0,15.5,2.8,-4.06,Graduate,Male,Local
4292,2,39,1,9500,1,3,130.0,1,1,1,4,6,126.0,0,0,0,1,1,0,32,0,0,7,7,7,13.62857142857143,0,0,8,8,8,13.9125,0,13.9,-0.3,0.79,Graduate,Male,Local
4293,1,1,6,9254,1,1,119.0,1,19,19,9,9,118.7,1,0,0,1,1,0,20,0,0,6,16,3,10.333333333333334,0,0,6,16,1,11.0,0,10.8,1.4,1.74,Dropout,Male,Local
4294,1,39,1,9003,1,1,130.0,1,38,37,7,7,120.0,0,0,0,1,1,0,32,0,12,18,25,18,13.736842105263158,0,10,13,15,12,13.75,1,15.5,2.8,-4.06,Graduate,Male,Local
4295,1,39,1,9003,1,1,130.0,1,38,19,9,6,120.0,1,0,0,1,1,0,28,0,7,13,19,8,11.625,0,5,10,17,6,11.0,0,15.5,2.8,-4.06,Enrolled,Male,Local
4296,1,44,1,9070,1,39,120.0,1,1,38,5,5,116.3,1,1,0,1,1,1,21,0,2,7,7,4,11.5,0,5,9,10,7,12.142857142857142,0,12.4,0.5,1.79,Graduate,Male,Local
4297,1,1,1,9773,1,1,130.0,1,38,37,9,6,133.9,0,0,0,1,1,1,19,0,0,6,8,5,14.0,0,0,6,8,6,13.0,0,10.8,1.4,1.74,Graduate,Male,Local
4298,1,39,1,9991,0,39,150.0,1,19,19,9,9,150.3,0,0,0,1,1,0,24,0,0,5,7,3,11.333333333333334,0,0,5,6,0,0.0,0,10.8,1.4,1.74,Dropout,Male,Local
4299,1,17,1,9147,1,1,120.0,1,38,38,9,8,118.3,0,0,0,1,1,0,18,0,0,5,13,1,10.0,0,0,5,5,1,10.0,0,12.7,3.7,-1.7,Dropout,Male,Local
4300,1,44,1,9003,1,39,130.0,1,1,37,6,6,130.0,1,0,0,1,1,0,20,0,0,6,14,5,11.714285714285714,0,0,6,15,5,12.0,0,16.2,0.3,-0.92,Graduate,Male,Local
4301,1,43,1,171,1,39,140.0,1,38,37,9,7,140.0,0,0,0,0,1,0,25,0,0,0,0,0,0.0,0,0,0,0,0,0.0,0,15.5,2.8,-4.06,Dropout,Male,Local
4302,1,17,6,9147,1,1,130.0,1,37,37,9,9,110.4,1,0,0,1,1,0,25,0,13,15,15,13,10.76923076923077,0,11,14,15,12,11.833333333333334,0,7.6,2.6,0.32,Dropout,Male,Local
4303,1,17,4,9773,1,1,147.0,1,1,1,4,5,139.7,1,0,0,1,1,0,18,0,0,6,10,5,11.6,0,0,6,6,6,12.0,0,9.4,-0.8,-3.12,Dropout,Male,Local
4304,1,1,1,9147,1,1,148.0,1,19,1,7,5,138.3,1,0,0,1,1,0,19,0,0,5,6,4,13.75,0,0,5,5,0,0.0,0,12.4,0.5,1.79,Dropout,Male,Local
4305,1,1,5,9147,1,1,133.0,1,19,3,9,9,123.2,1,0,0,1,1,0,18,0,0,5,14,4,11.0,0,0,5,9,5,10.5,0,13.9,-0.3,0.79,Dropout,Male,Local
4306,1,42,1,9147,1,1,135.0,1,19,1,4,4,120.0,0,0,0,0,1,0,25,0,0,5,6,0,0.0,0,0,5,5,0,0.0,0,15.5,2.8,-4.06,Dropout,Male,Local
4307,1,39,1,171,1,1,116.0,1,34,34,0,0,127.0,1,0,0,1,1,0,38,0,0,0,0,0,0.0,0,0,0,0,0,0.0,0,7.6,2.6,0.32,Dropout,Male,Local
4308,1,44,1,171,1,39,110.0,1,1,1,1,7,114.2,0,0,0,1,1,0,19,0,0,0,0,0,0.0,0,0,0,0,0,0.0,0,12.4,0.5,1.79,Dropout,Male,Local
4309,1,1,4,9773,1,1,133.0,1,1,19,9,9,119.7,1,0,0,1,1,0,19,0,0,6,7,6,12.333333333333334,0,0,6,10,5,13.2,0,16.2,0.3,-0.92,Graduate,Male,Local
4310,1,44,1,9085,1,39,150.0,1,38,37,9,4,150.0,1,0,0,1,1,1,22,0,0,6,9,6,13.428571428571429,0,1,6,12,6,13.625,0,12.4,0.5,1.79,Graduate,Male,Local
4311,1,1,6,9119,1,1,135.0,1,2,1,3,5,123.5,1,0,0,1,1,0,18,0,0,5,10,0,0.0,0,0,5,10,1,10.0,3,7.6,2.6,0.32,Enrolled,Male,Local
4312,1,7,1,9991,0,3,130.0,1,19,19,3,9,130.0,0,0,0,0,1,0,32,0,0,5,12,4,14.75,0,0,5,9,2,15.0,0,16.2,0.3,-0.92,Dropout,Male,Local
4313,1,43,1,9853,1,1,130.0,1,2,39,2,5,124.6,0,0,0,1,1,0,37,0,19,21,21,21,12.476190476190476,0,13,19,19,19,12.210526315789474,0,12.4,0.5,1.79,Graduate,Male,Local
4314,1,17,1,9119,1,1,132.0,1,37,37,9,6,119.4,1,0,0,1,1,0,21,0,0,5,8,0,0.0,0,0,5,5,0,0.0,0,7.6,2.6,0.32,Dropout,Male,Local
4315,1,1,1,9254,1,1,125.0,1,1,3,4,1,121.9,1,0,0,1,1,0,18,0,0,6,15,3,11.666666666666666,0,0,6,14,2,12.5,0,10.8,1.4,1.74,Dropout,Male,Local
4316,1,1,3,9070,1,1,118.0,1,43,3,123,123,110.0,1,0,1,1,1,0,19,0,0,6,6,6,12.0,0,0,6,7,6,13.571428571428571,0,8.9,1.4,3.51,Graduate,Male,Local
4317,1,17,1,9670,1,1,118.0,1,1,19,4,8,118.7,0,0,0,1,1,1,19,0,0,6,7,6,12.0,0,0,6,6,6,14.0,0,12.4,0.5,1.79,Graduate,Male,Local
4318,1,1,1,171,1,1,161.0,41,1,1,9,7,163.1,1,0,0,0,0,0,19,1,6,12,12,12,15.25,0,4,11,12,11,15.0,0,8.9,1.4,3.51,Graduate,Female,International
4319,1,17,1,9773,1,1,136.0,1,19,38,9,9,121.7,1,0,0,1,1,1,19,0,0,6,9,5,12.4,0,0,6,6,6,13.166666666666666,0,12.7,3.7,-1.7,Graduate,Male,Local
4320,1,15,1,9147,1,1,135.0,26,1,1,9,7,135.0,0,0,1,1,1,0,21,1,0,5,9,3,12.333333333333334,0,0,5,8,4,11.25,0,8.9,1.4,3.51,Enrolled,Male,International
4321,4,39,1,9991,0,1,147.0,1,19,19,7,8,147.9,0,0,0,1,0,0,28,0,0,5,8,4,11.5,0,0,5,7,4,12.0,0,10.8,1.4,1.74,Enrolled,Female,Local
4322,1,1,1,9773,1,1,124.0,17,1,1,3,5,118.1,1,0,1,0,0,0,19,1,0,6,8,5,12.2,0,0,6,6,4,11.75,0,16.2,0.3,-0.92,Dropout,Female,International
4323,1,39,1,9991,0,19,133.1,1,37,37,9,6,105.3,0,0,1,1,0,0,28,0,0,5,14,2,10.5,0,0,5,6,0,0.0,0,12.4,0.5,1.79,Dropout,Female,Local
4324,1,1,1,9500,1,1,141.0,1,19,19,7,9,139.8,0,0,0,1,0,1,19,0,0,8,8,7,14.4,0,0,8,8,7,14.4,0,12.7,3.7,-1.7,Graduate,Female,Local
4325,2,7,1,8014,0,3,130.0,1,19,38,3,7,130.0,0,0,0,1,0,0,32,0,8,14,18,13,12.846153846153848,0,7,11,19,10,12.8,0,10.8,1.4,1.74,Graduate,Female,Local
4326,1,39,1,8014,0,39,110.0,1,19,37,9,8,127.5,0,0,1,0,0,0,26,0,0,6,13,4,12.0,0,0,6,7,5,13.2,0,16.2,0.3,-0.92,Dropout,Female,Local
4327,2,39,1,9147,1,12,133.1,1,37,37,9,9,120.0,0,0,0,1,0,0,25,0,0,5,0,0,0.0,0,0,5,0,0,0.0,0,9.4,-0.8,-3.12,Dropout,Female,Local
4328,2,43,2,9853,1,1,130.0,1,38,31,4,1,124.2,0,0,0,1,0,0,31,0,3,7,8,6,13.666666666666666,0,1,6,8,5,13.5,0,9.4,-0.8,-3.12,Dropout,Female,Local
4329,1,17,1,9238,1,1,120.0,1,37,1,9,5,113.4,1,0,0,1,0,1,20,0,0,6,10,5,11.857142857142858,0,0,6,8,6,11.666666666666666,0,12.7,3.7,-1.7,Graduate,Female,Local
4330,1,1,4,9238,1,1,133.1,1,1,37,8,9,118.0,1,0,0,1,0,0,19,0,0,6,0,0,0.0,0,0,6,0,0,0.0,0,12.7,3.7,-1.7,Dropout,Female,Local
4331,1,17,1,171,1,1,145.0,1,37,19,5,9,130.0,1,0,0,1,0,0,23,0,0,0,0,0,0.0,0,0,0,0,0,0.0,0,11.1,0.6,2.02,Dropout,Female,Local
4332,1,1,1,9238,1,1,131.0,1,37,1,9,9,135.9,1,0,0,1,0,0,18,0,0,6,8,5,13.2,0,0,6,6,6,11.333333333333334,0,9.4,-0.8,-3.12,Graduate,Female,Local
4333,1,1,2,9238,1,1,147.0,1,19,38,9,8,135.8,1,0,0,1,0,1,19,0,0,6,8,6,12.714285714285714,0,0,6,12,5,11.0,0,13.9,-0.3,0.79,Dropout,Female,Local
4334,1,1,1,9254,1,1,138.0,1,38,19,9,10,133.1,0,0,0,1,0,0,18,0,0,6,6,6,12.5,0,0,6,6,6,12.666666666666666,0,15.5,2.8,-4.06,Graduate,Female,Local
4335,1,1,1,9147,1,1,123.0,1,1,1,4,6,118.8,1,0,0,1,0,0,21,0,0,5,9,3,10.666666666666666,0,0,5,13,2,12.5,0,7.6,2.6,0.32,Enrolled,Female,Local
4336,1,1,2,9773,1,1,129.0,1,37,37,9,7,117.1,1,0,0,1,0,0,20,0,0,6,12,1,17.0,0,0,6,12,1,17.0,0,9.4,-0.8,-3.12,Enrolled,Female,Local
4337,1,1,1,9085,1,1,125.0,1,1,19,4,9,114.5,1,0,0,1,0,0,24,0,0,5,6,5,13.0,1,0,5,9,4,13.25,0,12.7,3.7,-1.7,Graduate,Female,Local
4338,1,1,1,9670,1,1,131.0,1,37,37,9,6,127.2,0,0,0,1,0,1,18,0,0,5,7,3,12.666666666666666,0,0,5,5,4,12.5,0,9.4,-0.8,-3.12,Enrolled,Female,Local
4339,1,42,1,9500,1,1,100.0,1,3,37,2,6,130.0,1,0,0,1,0,0,25,0,0,14,14,12,13.291666666666666,1,0,14,14,12,13.291666666666666,1,7.6,2.6,0.32,Graduate,Female,Local
4340,1,17,1,9085,1,1,120.0,1,2,3,2,2,116.1,0,0,0,1,0,0,20,0,0,5,12,3,11.666666666666666,2,0,5,11,4,11.5,1,9.4,-0.8,-3.12,Graduate,Female,Local
4341,1,17,2,9500,1,1,145.0,1,19,37,5,9,130.5,1,0,0,1,0,0,18,0,0,8,8,7,14.24,0,0,8,8,7,14.24,0,10.8,1.4,1.74,Graduate,Female,Local
4342,1,39,1,9670,1,1,120.0,1,34,34,0,0,104.0,1,0,0,1,0,0,24,0,0,5,10,3,13.0,0,0,5,11,3,11.333333333333334,0,7.6,2.6,0.32,Dropout,Female,Local
4343,1,17,2,9500,1,1,140.0,1,1,1,5,10,128.5,1,0,0,1,0,0,18,0,0,7,9,5,14.06,0,0,7,9,6,12.571428571428571,0,12.4,0.5,1.79,Enrolled,Female,Local
4344,1,17,5,9238,1,1,134.0,1,38,37,9,9,126.0,0,0,1,0,0,0,21,0,0,6,10,5,11.833333333333334,0,0,6,10,5,13.2,0,13.9,-0.3,0.79,Dropout,Female,Local
4345,1,1,1,9773,1,1,140.0,1,1,19,5,10,141.1,1,0,0,1,0,0,18,0,0,6,6,6,12.833333333333334,0,0,6,6,6,13.333333333333334,0,9.4,-0.8,-3.12,Graduate,Female,Local
4346,1,17,2,9254,1,1,107.0,1,12,19,5,5,102.8,1,0,0,1,0,0,20,0,0,6,16,1,10.0,0,0,6,12,0,0.0,0,10.8,1.4,1.74,Dropout,Female,Local
4347,1,17,5,9147,1,1,133.0,1,1,1,4,4,129.2,1,0,0,1,0,0,19,0,0,5,9,2,11.0,0,0,5,12,2,10.0,0,7.6,2.6,0.32,Dropout,Female,Local
4348,1,1,1,9500,1,1,127.0,1,3,1,2,9,119.3,1,0,0,1,0,0,20,0,0,7,7,7,14.105714285714289,0,0,8,8,8,13.6625,0,11.1,0.6,2.02,Graduate,Female,Local
4349,1,1,5,9500,1,1,141.0,1,38,19,9,6,126.3,1,0,0,1,0,0,20,0,0,8,12,7,12.471428571428572,0,0,8,12,7,12.471428571428572,0,12.7,3.7,-1.7,Graduate,Female,Local
4350,1,44,1,9085,1,39,140.0,1,3,1,4,3,140.0,1,0,0,1,0,1,20,0,2,6,11,6,11.833333333333334,0,1,6,17,5,11.857142857142858,0,12.4,0.5,1.79,Graduate,Female,Local
4351,1,1,3,9070,1,1,150.0,1,1,1,4,8,131.5,1,0,0,1,0,0,20,0,0,6,6,6,12.5,0,0,6,6,6,12.833333333333334,0,7.6,2.6,0.32,Graduate,Female,Local
4352,1,1,6,9853,1,1,140.0,1,38,38,9,7,137.6,1,0,0,1,0,0,18,0,0,6,7,6,11.666666666666666,0,0,6,7,6,12.333333333333334,0,10.8,1.4,1.74,Dropout,Female,Local
4353,1,1,1,171,1,1,141.0,1,3,1,4,4,142.8,1,0,0,1,0,0,18,0,0,0,0,0,0.0,0,0,0,0,0,0.0,0,12.4,0.5,1.79,Graduate,Female,Local
4354,4,39,1,9991,0,1,150.0,1,37,38,9,9,146.2,0,0,0,1,0,0,30,0,0,5,11,3,10.333333333333334,0,0,5,10,4,12.8,0,12.4,0.5,1.79,Enrolled,Female,Local
4355,1,1,2,9085,1,1,160.0,1,4,19,2,5,162.1,1,0,0,1,0,0,18,0,0,5,8,5,16.166666666666668,2,0,5,9,5,14.285714285714286,1,9.4,-0.8,-3.12,Graduate,Female,Local
4356,1,39,1,9085,1,19,133.1,1,37,37,4,8,140.0,0,0,0,1,0,0,35,0,0,6,11,3,12.666666666666666,0,0,6,7,0,0.0,0,11.1,0.6,2.02,Dropout,Female,Local
4357,1,39,1,8014,0,1,133.1,1,19,37,7,8,120.0,0,0,1,0,0,0,31,0,0,6,14,2,10.5,0,0,6,6,3,12.333333333333334,0,11.1,0.6,2.02,Dropout,Female,Local
4358,1,43,1,9254,1,1,134.0,1,37,37,9,9,133.3,1,0,1,1,0,0,19,0,0,6,13,2,11.5,0,0,6,13,1,11.0,0,7.6,2.6,0.32,Dropout,Female,Local
4359,1,1,4,9238,1,1,130.0,1,1,19,4,5,124.8,1,0,0,1,0,0,19,0,0,6,6,6,13.0,0,0,6,8,5,13.4,0,8.9,1.4,3.51,Graduate,Female,Local
4360,1,17,4,9500,1,1,140.0,1,19,37,4,8,133.3,1,0,0,1,0,0,19,0,0,7,7,6,11.966666666666669,0,0,7,7,6,11.966666666666669,0,7.6,2.6,0.32,Graduate,Female,Local
4361,1,17,1,9500,1,1,145.0,1,3,3,2,3,141.8,0,0,0,1,0,0,19,0,0,8,8,8,13.3475,0,0,8,8,8,13.3475,0,9.4,-0.8,-3.12,Graduate,Female,Local
4362,1,1,3,9085,1,1,133.0,1,1,38,9,90,128.2,0,0,0,1,0,0,21,0,0,5,7,5,12.0,0,0,5,7,4,12.5,0,7.6,2.6,0.32,Graduate,Female,Local
4363,1,17,3,9853,1,1,133.1,1,34,34,0,0,115.0,0,0,0,1,0,0,18,0,0,6,10,2,10.5,0,0,6,13,0,0.0,0,7.6,2.6,0.32,Dropout,Female,Local
4364,1,17,1,9238,1,1,132.0,1,37,37,9,9,123.6,1,0,0,1,0,0,18,0,0,6,9,4,11.5,0,0,6,10,4,10.75,0,7.6,2.6,0.32,Enrolled,Female,Local
4365,1,1,2,171,1,1,117.0,1,38,38,4,9,120.2,1,0,0,1,1,0,19,0,0,0,0,0,0.0,0,0,0,0,0,0.0,0,7.6,2.6,0.32,Graduate,Male,Local
4366,1,1,1,9670,1,1,127.0,1,3,19,3,9,127.0,1,0,0,1,1,0,18,0,0,6,9,6,13.571428571428571,0,0,6,11,4,14.0,0,12.4,0.5,1.79,Graduate,Male,Local
4367,1,17,1,9085,1,1,134.0,1,19,19,1,1,120.4,1,0,0,1,1,0,18,0,0,6,10,6,14.7,0,0,6,10,6,12.0,0,16.2,0.3,-0.92,Graduate,Male,Local
4368,1,39,1,9991,0,1,120.0,1,37,37,9,9,120.0,1,0,0,0,1,0,25,0,0,5,5,0,0.0,0,0,5,5,0,0.0,0,9.4,-0.8,-3.12,Dropout,Male,Local
4369,1,1,1,9500,1,1,136.0,1,2,2,3,3,120.0,1,0,0,1,1,0,18,0,0,7,8,6,11.833333333333334,0,0,7,8,6,11.833333333333334,0,7.6,2.6,0.32,Enrolled,Male,Local
4370,1,1,3,171,1,1,137.0,1,1,3,5,2,133.9,1,0,0,1,1,0,19,0,0,0,0,0,0.0,0,0,0,0,0,0.0,0,12.7,3.7,-1.7,Graduate,Male,Local
4371,1,1,6,9500,1,1,118.0,1,38,19,3,3,113.5,1,0,0,1,1,0,18,0,0,7,7,7,13.175714285714289,0,0,8,8,8,14.925,0,12.4,0.5,1.79,Graduate,Male,Local
4372,1,39,1,9003,1,1,130.0,1,12,12,9,9,126.1,0,0,0,1,1,0,24,0,0,6,7,0,0.0,0,0,6,10,0,0.0,0,12.4,0.5,1.79,Dropout,Male,Local
4373,1,1,1,9238,1,1,124.0,1,37,37,7,9,121.2,0,0,0,1,0,0,19,0,0,6,12,2,13.0,0,0,6,9,6,10.833333333333334,0,7.6,2.6,0.32,Enrolled,Female,Local
4374,5,7,1,9500,1,40,150.0,1,37,37,4,9,150.0,0,0,0,1,0,0,29,0,1,8,11,7,13.742857142857144,0,1,8,11,7,13.742857142857144,0,12.7,3.7,-1.7,Graduate,Female,Local
4375,1,43,1,9991,0,1,161.0,1,37,37,9,9,100.0,1,0,0,1,0,0,27,0,0,5,5,0,0.0,0,0,5,5,0,0.0,0,7.6,2.6,0.32,Dropout,Female,Local
4376,1,17,6,9500,1,1,143.0,1,38,1,9,10,127.3,1,0,0,1,0,0,18,0,0,7,8,7,12.217142857142855,0,0,8,11,7,12.11875,0,11.1,0.6,2.02,Graduate,Female,Local
4377,2,43,1,9991,0,1,130.0,1,37,37,9,9,103.8,0,0,0,1,0,0,28,0,14,15,15,14,11.071428571428571,0,12,14,16,12,11.333333333333334,1,9.4,-0.8,-3.12,Dropout,Female,Local
4378,2,39,1,9853,1,19,133.1,1,37,37,9,9,131.0,0,0,0,1,0,1,32,0,0,7,10,7,13.428571428571429,0,2,8,8,8,13.25,0,13.9,-0.3,0.79,Graduate,Female,Local
4379,1,39,1,9991,0,1,110.0,1,37,37,7,7,133.9,0,0,0,1,0,0,30,0,0,5,7,5,11.4,0,0,5,6,5,13.666666666666666,0,10.8,1.4,1.74,Dropout,Female,Local
4380,1,7,1,9500,1,2,140.0,1,38,37,7,8,140.0,0,0,0,1,0,0,29,0,0,8,14,4,11.325,1,0,8,14,4,11.325,1,12.7,3.7,-1.7,Dropout,Female,Local
4381,1,1,2,9238,1,1,145.0,1,1,19,4,8,121.4,0,0,0,1,0,0,20,0,0,6,13,0,0.0,0,0,5,11,0,0.0,0,9.4,-0.8,-3.12,Enrolled,Female,Local
4382,1,1,1,9500,1,1,131.0,1,1,1,9,9,122.0,0,0,0,1,0,0,19,0,0,8,8,7,15.0,0,0,8,8,7,15.0,0,12.7,3.7,-1.7,Graduate,Female,Local
4383,1,39,2,8014,0,1,141.0,1,37,37,9,9,150.5,0,0,0,1,0,0,29,0,0,6,7,6,13.166666666666666,0,0,6,8,6,15.625,0,12.4,0.5,1.79,Graduate,Female,Local
4384,2,1,1,9238,1,1,145.0,1,37,34,9,7,139.4,0,0,0,0,0,0,27,0,0,6,12,2,11.0,0,0,6,14,4,10.5,0,9.4,-0.8,-3.12,Dropout,Female,Local
4385,1,1,1,9238,1,1,122.0,1,19,19,193,194,112.6,0,0,0,1,0,0,19,0,0,6,0,0,0.0,0,0,6,0,0,0.0,0,12.4,0.5,1.79,Dropout,Female,Local
4386,1,17,1,9670,1,1,118.0,1,37,38,8,7,115.2,1,0,0,1,0,1,21,0,0,5,7,3,12.333333333333334,0,0,5,5,2,12.5,0,7.6,2.6,0.32,Dropout,Female,Local
4387,2,1,1,9991,0,1,150.0,1,37,37,9,9,131.8,0,0,0,0,0,0,29,0,0,5,6,4,12.25,0,0,5,6,5,10.166666666666666,0,10.8,1.4,1.74,Dropout,Female,Local
4388,2,43,1,9147,1,2,120.0,1,37,37,9,9,122.8,0,0,1,0,0,0,42,0,13,13,13,13,11.923076923076923,0,12,12,12,12,12.5,0,15.5,2.8,-4.06,Dropout,Female,Local
4389,1,1,1,9238,1,1,167.0,1,19,19,9,7,156.2,0,0,0,1,0,1,18,0,0,6,6,6,14.333333333333334,0,0,6,7,6,14.142857142857142,0,15.5,2.8,-4.06,Graduate,Female,Local
4390,1,39,1,9085,1,1,150.0,1,38,38,9,9,132.0,1,0,0,1,0,0,24,0,0,5,6,5,12.0,0,0,5,5,5,13.0,0,10.8,1.4,1.74,Graduate,Female,Local
4391,2,7,1,9500,1,3,130.0,1,37,37,9,5,130.0,0,0,0,1,0,0,32,0,0,7,9,7,13.761111111111113,0,1,8,11,7,12.06375,0,15.5,2.8,-4.06,Enrolled,Female,Local
4392,1,1,1,9147,1,1,151.0,1,37,1,4,10,138.4,0,0,0,1,0,0,18,0,0,5,6,4,11.25,0,0,5,8,5,11.0,0,10.8,1.4,1.74,Enrolled,Female,Local
4393,1,39,1,9991,0,1,120.0,1,38,38,5,7,146.2,0,0,0,1,0,0,27,0,0,5,10,3,12.333333333333334,0,0,5,10,3,10.666666666666666,0,11.1,0.6,2.02,Graduate,Female,Local
4394,1,1,4,9500,1,1,168.0,1,38,1,9,10,166.0,1,0,0,1,0,0,18,0,0,8,8,8,14.88875,0,0,8,8,8,14.88875,0,9.4,-0.8,-3.12,Graduate,Female,Local
4395,1,17,3,9773,1,1,153.0,1,34,34,99,99,133.1,1,0,1,1,0,1,19,0,0,6,8,6,12.166666666666666,0,0,6,8,5,12.4,0,9.4,-0.8,-3.12,Dropout,Female,Local
4396,1,1,2,9773,1,1,131.0,1,19,37,9,10,121.9,1,0,0,1,0,1,18,0,0,6,7,6,12.666666666666666,0,0,6,6,6,13.333333333333334,0,11.1,0.6,2.02,Graduate,Female,Local
4397,1,5,4,9853,1,1,116.0,1,3,38,3,8,110.4,1,0,0,1,0,0,21,0,0,6,9,5,12.6,0,0,6,9,3,11.666666666666666,0,9.4,-0.8,-3.12,Enrolled,Female,Local
4398,1,39,1,9147,1,1,160.0,1,38,38,7,9,121.4,0,1,0,1,0,1,26,0,0,5,8,4,13.0,0,0,5,10,4,12.25,2,16.2,0.3,-0.92,Graduate,Female,Local
4399,1,1,1,9254,1,1,152.0,1,37,19,9,9,137.0,1,0,0,1,0,1,22,0,0,6,9,6,13.875,0,0,6,6,6,14.333333333333334,0,9.4,-0.8,-3.12,Graduate,Female,Local
4400,2,39,1,9991,0,1,133.1,1,37,37,6,3,140.0,0,0,1,1,1,0,37,0,0,5,10,4,10.75,0,0,5,12,3,13.333333333333334,0,9.4,-0.8,-3.12,Dropout,Male,Local
4401,1,7,1,9085,1,3,150.0,1,19,37,90,90,140.0,0,0,0,1,1,0,24,0,3,5,10,3,14.666666666666666,1,0,5,5,0,0.0,0,7.6,2.6,0.32,Dropout,Male,Local
4402,1,18,2,9853,1,1,168.0,1,1,19,3,9,126.8,1,0,0,1,1,0,18,0,0,6,7,5,12.6,0,0,6,6,6,13.0,0,10.8,1.4,1.74,Enrolled,Male,Local
4403,1,17,3,9500,1,1,137.0,1,1,1,4,10,124.8,1,0,0,1,1,1,19,0,0,7,11,6,12.4125,0,0,8,12,7,11.2625,0,15.5,2.8,-4.06,Graduate,Male,Local
4404,2,39,1,9130,1,19,133.1,1,2,1,8,8,120.0,1,0,1,0,1,0,28,0,0,6,12,1,11.0,0,0,6,9,2,10.5,0,16.2,0.3,-0.92,Dropout,Male,Local
4405,1,1,4,9500,1,1,160.0,1,37,37,7,7,133.0,1,0,0,1,1,1,18,0,0,8,8,7,14.314285714285717,0,0,8,8,7,14.314285714285717,0,12.7,3.7,-1.7,Graduate,Male,Local
4406,1,1,1,9070,1,1,145.0,1,1,38,5,7,127.5,1,0,0,1,1,0,20,0,0,6,6,4,12.0,0,0,6,8,2,11.333333333333334,0,10.8,1.4,1.74,Enrolled,Male,Local
4407,1,1,1,9773,1,1,138.0,1,1,19,4,4,131.7,1,0,0,1,1,0,18,0,0,6,6,6,12.833333333333334,0,0,6,7,6,13.285714285714286,0,15.5,2.8,-4.06,Graduate,Male,Local
4408,2,39,1,9773,1,1,100.0,1,37,37,9,9,133.0,0,0,0,1,1,0,47,0,0,6,8,5,11.4,0,0,6,10,6,11.666666666666666,0,12.7,3.7,-1.7,Dropout,Male,Local
4409,2,43,1,9991,0,1,140.0,1,37,37,4,1,122.7,0,0,0,1,1,0,38,0,0,5,5,5,14.6,0,0,5,6,5,14.333333333333334,0,13.9,-0.3,0.79,Graduate,Male,Local
4410,1,1,1,9070,1,1,124.0,1,37,19,9,4,121.2,0,0,0,1,1,1,20,0,1,6,7,6,13.5,0,1,6,9,5,12.5,0,10.8,1.4,1.74,Graduate,Male,Local
4411,1,44,1,9130,1,39,150.0,1,37,37,9,3,150.0,1,0,0,1,1,0,21,0,1,6,8,6,12.5,0,0,6,11,3,13.333333333333334,0,13.9,-0.3,0.79,Dropout,Male,Local
4412,1,43,1,9070,1,1,125.0,1,19,19,7,8,133.4,1,0,0,1,1,1,19,0,4,6,6,4,13.0,0,2,6,7,5,12.2,0,13.9,-0.3,0.79,Enrolled,Male,Local
4413,1,43,1,33,1,1,143.0,1,37,1,9,10,121.2,1,0,0,1,1,0,25,0,5,10,13,5,11.6,0,2,8,10,2,13.0,0,12.4,0.5,1.79,Enrolled,Male,Local
4414,1,1,1,9130,1,1,137.0,1,3,38,3,5,129.3,1,0,0,1,0,0,18,0,0,5,6,5,11.8,1,0,5,8,5,11.6,0,9.4,-0.8,-3.12,Graduate,Female,Local
4415,4,39,1,9500,1,19,133.1,1,37,37,6,6,117.8,0,0,1,0,0,0,46,0,0,7,14,3,12.333333333333334,0,0,7,12,3,11.083333333333334,0,11.1,0.6,2.02,Dropout,Female,Local
4416,1,43,2,9500,1,1,136.0,1,38,38,9,5,131.3,0,0,0,1,0,0,23,0,11,14,15,12,12.625,1,11,14,15,12,12.625,1,7.6,2.6,0.32,Graduate,Female,Local
4417,1,1,1,9070,1,1,132.0,1,1,1,9,9,133.8,1,0,0,1,0,1,20,0,0,6,6,6,13.833333333333334,0,0,6,6,6,13.5,0,16.2,0.3,-0.92,Graduate,Female,Local
4418,1,44,1,9070,1,39,120.0,1,3,38,3,9,120.0,0,0,0,1,1,0,20,0,2,7,7,6,12.5,0,5,9,10,7,13.142857142857142,1,16.2,0.3,-0.92,Graduate,Male,Local
4419,1,1,6,9773,1,1,125.0,1,1,1,5,4,122.2,0,0,0,1,1,0,19,0,0,6,7,5,13.6,0,0,6,8,5,12.666666666666666,0,15.5,2.8,-4.06,Graduate,Male,Local
4420,1,1,2,9773,1,1,120.0,105,1,1,9,9,119.0,1,0,1,0,0,0,18,1,0,6,6,6,12.0,0,0,6,6,2,11.0,0,11.1,0.6,2.02,Dropout,Female,International
4421,1,1,1,9500,1,1,154.0,1,37,37,9,9,149.5,1,0,0,1,0,1,30,0,0,7,8,7,14.9125,0,0,8,9,1,13.5,0,13.9,-0.3,0.79,Dropout,Female,Local
4422,1,1,1,9147,1,1,180.0,1,37,37,7,4,153.8,1,0,0,1,0,1,20,0,0,5,5,5,13.8,0,0,5,6,5,12.0,0,9.4,-0.8,-3.12,Graduate,Female,Local
4423,1,10,1,9773,1,1,152.0,22,38,37,5,9,152.0,1,0,0,1,0,0,22,1,0,6,8,6,11.666666666666666,0,0,6,6,6,13.0,0,12.7,3.7,-1.7,Graduate,Female,International
