,country,order_value_eur,cost,date,category,customer_name,sales_manager,sales_rep,device_type,order_id,profit,profit_margin,year,month
0,Sweden,17524.02,14122.61,2020-02-12,Books,Goldner-Dibbert,Maxie Marrow,Madelon Bront,Mobile,70-0511466,3401.41,19.409986977873796,2020,2
1,Finland,116563.4,92807.78,2019-09-26,Games,Hilll-Vandervort,Hube Corey,Wat Bowkley,Mobile,28-6585323,23755.619999999995,20.379999210729952,2019,9
2,Portugal,296465.56,257480.34,2019-07-11,Clothing,Larkin-Collier,Celine Tumasian,Smitty Culverhouse,PC,58-7703341,38985.22,13.149999615469667,2019,7
3,Portugal,74532.02,59752.32,2020-04-02,Beauty,Hessel-Stiedemann,Celine Tumasian,Aurelie Wren,PC,14-6700183,14779.700000000004,19.83000058230007,2020,4
4,Spain,178763.42,146621.76,2019-12-22,Games,Johns and Sons,Emalia Dinse,Bertha Walbrook,Tablet,15-8765160,32141.660000000003,17.979998368793794,2019,12
5,Spain,84900.24,73701.9,2020-07-14,Clothing,"Farrell, Swaniawski and Crist",Emalia Dinse,Perri Aldersley,PC,60-6998932,11198.340000000011,13.18999804947549,2020,7
6,Portugal,71620.08,62245.01,2019-02-05,Books,Schoen-Keeling,Celine Tumasian,Smitty Culverhouse,PC,69-6259390,9375.07,13.090002133479883,2019,2
7,UK,156585.22,126599.15,2020-08-30,Accessories,"Hermiston, Simonis and Wisoky",Jessamine Apark,Winny Agnolo,PC,64-5761908,29986.070000000007,19.15000023629306,2020,8
8,Portugal,78461.13,63537.82,2020-05-10,Appliances,Hessel-Stiedemann,Celine Tumasian,Smitty Culverhouse,Mobile,91-4126746,14923.310000000005,19.020003917863537,2020,5
9,France,64827.8,56043.63,2019-01-20,Appliances,Gislason-Stanton,Othello Bowes,Maighdiln Upcraft,PC,62-3312495,8784.170000000006,13.55000478189913,2019,1
10,Sweden,142664.34,120808.16,2019-05-04,Appliances,"Swaniawski, Runolfsson and Green",Maxie Marrow,Madelon Bront,PC,85-6625096,21856.179999999993,15.32000218134398,2019,5
11,UK,66673.19,52811.83,2019-02-23,Smartphones,Gislason-Stanton,Jessamine Apark,Winny Agnolo,PC,25-6368157,13861.36,20.79000569794246,2019,2
12,Portugal,136915.61,114790.05,2020-01-04,Outdoors,Hessel-Stiedemann,Celine Tumasian,Aurelie Wren,Tablet,15-3943365,22125.559999999983,16.159998118549073,2020,1
13,UK,164971.7,132686.74,2019-07-20,Accessories,Wisoky Inc,Jessamine Apark,Winny Agnolo,PC,32-3534634,32284.96000000002,19.569998975581886,2019,7
14,UK,149486.27,118662.2,2019-08-06,Beauty,Johns and Sons,Jessamine Apark,Genevra Charrisson,PC,02-3972649,30824.069999999992,20.62000075324643,2019,8
15,Sweden,54078.92,46102.28,2020-11-08,Books,Tillman and Sons,Maxie Marrow,Anita Woakes,PC,08-7576451,7976.639999999999,14.749998705595452,2020,11
16,France,107499.78,91364.06,2019-02-26,Smartphones,"Rowe, Hermiston and Kessler",Othello Bowes,Amelina Piscopiello,PC,68-3583935,16135.720000000001,15.010002811168546,2019,2
17,UK,29493.79,24285.19,2019-11-22,Games,Tillman and Sons,Jessamine Apark,Jay Morefield,PC,53-7769693,5208.600000000002,17.659988763736372,2019,11
18,Portugal,147656.52,124193.9,2019-06-05,Smartphones,Goldner-Dibbert,Celine Tumasian,Corene Shirer,PC,85-4732103,23462.619999999995,15.889999303789631,2019,6
19,Portugal,156839.31,134709.28,2020-05-11,Smartphones,Stamm Inc,Celine Tumasian,Corene Shirer,PC,27-9800293,22130.03,14.110002141682465,2020,5
20,Spain,81412.1,64747.04,2019-11-06,Electronics,Johns and Sons,Emalia Dinse,Bertha Walbrook,PC,67-3929836,16665.060000000005,20.47000384463735,2019,11
21,Sweden,56717.53,45101.78,2019-03-10,Clothing,Johns and Sons,Maxie Marrow,Alyosha Meah,PC,13-0526029,11615.75,20.47999974611024,2019,3
22,Netherlands,17028.19,14102.75,2020-02-07,Clothing,Johns and Sons,Denice Amberg,Nero Harbisher,PC,38-5910704,2925.4399999999987,17.17998213550588,2020,2
23,Finland,236462.3,205674.91,2020-12-23,Clothing,Hessel-Stiedemann,Hube Corey,Wat Bowkley,PC,41-6407014,30787.389999999985,13.019999382565416,2020,12
24,Portugal,172989.17,142975.55,2020-06-10,Beauty,Romaguera-Dietrich,Celine Tumasian,Hortense Gerring,PC,22-6745595,30013.620000000024,17.349999424819497,2020,6
25,Sweden,48179.57,41405.52,2020-08-14,Books,Franecki-White,Maxie Marrow,Anita Woakes,PC,96-3022721,6774.050000000003,14.060005101747489,2020,8
26,Portugal,121318.55,102890.26,2020-03-10,Electronics,"Jacobson, Marvin and Brown",Celine Tumasian,Aurelie Wren,Tablet,48-0713329,18428.290000000008,15.19000185874296,2020,3
27,Belgium,93153.98,79702.55,2020-04-03,Appliances,Armstrong-Little,Lambert Norheny,Collin Mackness,Mobile,50-0942872,13451.429999999993,14.439994941708335,2020,4
28,Bulgaria,98289.32,84116.0,2019-02-15,Appliances,"Murray, Reichel and Nolan",Charil Alpe,Shermy McGready,PC,78-2307905,14173.320000000007,14.420000056974661,2019,2
29,Luxembourg,108920.56,94270.74,2019-07-08,Books,"Swaniawski, Runolfsson and Green",Ilsa Kob,Jocelyn Laurentino,PC,63-0019978,14649.819999999992,13.450004296709448,2019,7
30,Portugal,37273.84,31559.76,2020-01-20,Games,Considine-Fisher,Celine Tumasian,Aurelie Wren,Tablet,26-9948924,5714.079999999998,15.330000879973726,2020,1
31,Spain,221745.05,190767.27,2019-06-25,Appliances,Kirlin and Sons,Emalia Dinse,Bertha Walbrook,Mobile,72-7630507,30977.78,13.969998428375291,2019,6
32,Netherlands,54566.99,43757.27,2020-03-23,Smartphones,Friesen-Rath,Denice Amberg,Nero Harbisher,PC,36-3410564,10809.720000000001,19.809998682353566,2020,3
33,Portugal,111639.29,97204.33,2019-10-28,Smartphones,"Keeling, Monahan and Pollich",Celine Tumasian,Hortense Gerring,PC,82-4653018,14434.959999999992,12.929999823538822,2019,10
34,Sweden,74273.54,61981.27,2020-03-28,Beauty,"Swaniawski, Runolfsson and Green",Maxie Marrow,Caro Morfield,PC,29-1001593,12292.269999999997,16.549998828654186,2020,3
35,Portugal,95566.43,80342.7,2019-05-07,Clothing,Hessel-Stiedemann,Celine Tumasian,Hortense Gerring,PC,59-5568557,15223.729999999996,15.929997594343535,2019,5
36,France,28783.05,24776.45,2019-03-29,Clothing,Dibbert Inc,Othello Bowes,Maighdiln Upcraft,PC,12-1249283,4006.5999999999985,13.91999805441049,2019,3
37,UK,124414.74,98959.48,2019-06-13,Outdoors,Labadie and Sons,Jessamine Apark,Winny Agnolo,PC,96-0180648,25455.26000000001,20.460003372590744,2019,6
38,Portugal,153029.72,125117.1,2020-01-28,Games,Friesen-Rath,Celine Tumasian,Corene Shirer,PC,51-9029547,27912.619999999995,18.239999393581847,2020,1
39,Sweden,174919.64,146845.04,2020-11-03,Clothing,Wiza and Sons,Maxie Marrow,Caro Morfield,Mobile,84-2614836,28074.600000000006,16.049998730845775,2020,11
40,France,55804.05,46401.07,2019-03-05,Electronics,"Rowe, Hermiston and Kessler",Othello Bowes,Crysta Halls,PC,57-6995715,9402.980000000003,16.849995654437272,2019,3
41,France,89160.66,75367.51,2019-11-18,Beauty,Wiza and Sons,Othello Bowes,Crysta Halls,PC,27-4115444,13793.150000000009,15.469995399316256,2019,11
42,UK,27987.13,24001.76,2019-03-26,Games,Labadie and Sons,Jessamine Apark,Genevra Charrisson,PC,34-3302340,3985.3700000000026,14.240009604414611,2019,3
43,France,18326.41,15067.97,2019-02-03,Games,"Schmitt, Purdy and Johnson",Othello Bowes,Ora Grennan,PC,25-6638623,3258.4400000000005,17.780023474319304,2019,2
44,Netherlands,62708.6,51414.78,2019-08-29,Smartphones,"Hamill, Kulas and Roob",Denice Amberg,Nero Harbisher,PC,11-5260310,11293.82,18.01000181793247,2019,8
45,UK,124668.36,103998.35,2020-11-05,Games,Hessel-Stiedemann,Jessamine Apark,Winny Agnolo,PC,68-5024232,20670.009999999995,16.57999672090015,2020,11
46,Italy,109390.57,87414.0,2020-11-12,Other,Schoen-Keeling,Piggy Roscrigg,Joshua Prevost,Mobile,90-2530115,21976.570000000007,20.090004101816096,2020,11
47,Portugal,103279.79,82334.65,2020-03-12,Appliances,Johns and Sons,Celine Tumasian,Aurelie Wren,PC,23-8271333,20945.14,20.27999863283998,2020,3
48,France,173478.65,139650.31,2019-01-29,Books,Johns and Sons,Othello Bowes,Avrit Chanders,PC,99-7422044,33828.34,19.50000187342938,2019,1
49,Sweden,57927.54,48914.01,2019-01-18,Games,"Fisher, Morar and Skiles",Maxie Marrow,Alyosha Meah,Mobile,67-6692861,9013.529999999999,15.560008244783049,2019,1
50,Portugal,84767.77,68950.1,2020-01-18,Electronics,McGlynn-Bergstrom,Celine Tumasian,Smitty Culverhouse,Mobile,20-3441688,15817.669999999998,18.66000485797845,2020,1
51,France,138175.53,116744.51,2020-11-03,Other,"Spencer, Rogahn and Muller",Othello Bowes,Ora Grennan,PC,80-8230605,21431.020000000004,15.509996596358272,2020,11
52,Portugal,143107.89,121241.0,2020-11-02,Electronics,Kirlin and Sons,Celine Tumasian,Hortense Gerring,Mobile,18-0704377,21866.890000000014,15.280003080193561,2020,11
53,Sweden,54446.5,44989.14,2020-03-09,Appliances,Wunsch LLC,Maxie Marrow,Alyosha Meah,Tablet,47-5524071,9457.36,17.370005418162783,2020,3
54,Portugal,136324.9,110436.8,2019-10-29,Electronics,Walter LLC,Celine Tumasian,Hortense Gerring,Tablet,76-2572347,25888.09999999999,18.990001092977142,2019,10
55,Portugal,43066.58,36154.39,2019-02-08,Games,"Hamill, Kulas and Roob",Celine Tumasian,Hortense Gerring,Mobile,74-4429133,6912.190000000002,16.050009078965644,2019,2
56,France,224626.25,189988.88,2020-07-21,Electronics,"Christiansen, Donnelly and Bechtelar",Othello Bowes,Ora Grennan,PC,69-1300467,34637.369999999995,15.420001001663872,2020,7
57,France,115689.22,98127.6,2019-07-15,Clothing,Altenwerth-Konopelski,Othello Bowes,Avrit Chanders,PC,99-8643527,17561.619999999995,15.179996891672356,2019,7
58,Bulgaria,78293.94,66236.67,2019-10-13,Appliances,"Rowe, Hermiston and Kessler",Charil Alpe,Bernadine Fullagar,Mobile,14-1143584,12057.270000000004,15.400004138251317,2019,10
59,Portugal,92698.45,73454.25,2020-01-13,Clothing,Hessel-Stiedemann,Celine Tumasian,Corene Shirer,PC,62-4331197,19244.199999999997,20.760001920204704,2020,1
60,Bulgaria,83141.47,72000.51,2019-03-15,Outdoors,Wisoky Inc,Charil Alpe,Shermy McGready,Mobile,02-3333733,11140.960000000006,13.400003632363013,2019,3
61,Portugal,38982.26,32854.25,2019-10-12,Clothing,Hegmann Group,Celine Tumasian,Smitty Culverhouse,Mobile,09-3959499,6128.010000000002,15.719996736977285,2019,10
62,Portugal,57120.58,49654.92,2019-11-25,Games,"Leffler, Prohaska and Streich",Celine Tumasian,Aurelie Wren,PC,55-7848276,7465.6600000000035,13.070000339632411,2019,11
63,Sweden,240759.07,205415.64,2020-06-14,Appliances,"Schmitt, Purdy and Johnson",Maxie Marrow,Tarrah Castelletti,PC,98-1814878,35343.42999999999,14.67999938693898,2020,6
64,Sweden,53849.12,47354.92,2020-04-15,Games,"Rowe, Hermiston and Kessler",Maxie Marrow,Alyosha Meah,PC,83-9569509,6494.200000000004,12.059992809538956,2020,4
65,Ireland,361182.87,288368.4,2019-12-02,Books,Smith Group,Glenine Suttaby,Bunnie Tonbridge,PC,44-1953194,72814.46999999997,20.160000943566338,2019,12
66,Sweden,97063.22,78067.95,2019-10-19,Appliances,"Zieme, Bailey and Herzog",Maxie Marrow,Madelon Bront,Tablet,50-0376562,18995.270000000004,19.5699977808278,2019,10
67,Spain,39110.97,34315.97,2019-10-27,Clothing,"Bashirian, Okuneva and Bechtelar",Emalia Dinse,Perri Aldersley,PC,06-9596696,4795.0,12.259987415295504,2019,10
68,France,123672.7,106036.97,2020-11-13,Smartphones,McGlynn-Prosacco,Othello Bowes,Crysta Halls,PC,46-2632808,17635.729999999996,14.260002409585946,2020,11
69,France,144640.8,118345.1,2019-04-11,Electronics,"Murray, Reichel and Nolan",Othello Bowes,Avrit Chanders,PC,77-7771177,26295.699999999983,18.180001769901704,2019,4
70,France,268779.03,233676.49,2019-12-27,Smartphones,O'Connell-Mitchell,Othello Bowes,Ora Grennan,Mobile,13-0624842,35102.54000000004,13.059999509634377,2019,12
71,Sweden,53593.86,45629.81,2020-07-12,Electronics,Friesen-Rath,Maxie Marrow,Caro Morfield,PC,71-4409662,7964.050000000003,14.860004485588465,2020,7
72,France,155044.02,134268.12,2019-10-25,Beauty,West-Cummings,Othello Bowes,Amelina Piscopiello,PC,46-0270404,20775.899999999994,13.40000085137111,2019,10
73,Portugal,102495.13,85009.46,2020-08-08,Smartphones,"Hermiston, Simonis and Wisoky",Celine Tumasian,Hortense Gerring,Tablet,70-7107956,17485.67,17.06000080198932,2020,8
74,Portugal,294472.77,255572.92,2019-06-11,Smartphones,Gislason-Stanton,Celine Tumasian,Smitty Culverhouse,Tablet,84-5310661,38899.850000000006,13.209999009416052,2019,6
75,Sweden,64053.77,54733.95,2020-09-01,Beauty,Armstrong-Little,Maxie Marrow,Anita Woakes,PC,75-6638402,9319.82,14.549994481199155,2020,9
76,UK,24543.72,19492.62,2019-03-22,Clothing,Hessel-Stiedemann,Jessamine Apark,Jay Morefield,PC,53-0615558,5051.100000000002,20.580009876253484,2019,3
77,Portugal,161544.06,132579.21,2019-09-12,Clothing,Johns and Sons,Celine Tumasian,Smitty Culverhouse,PC,00-2549549,28964.850000000006,17.930000025999103,2019,9
78,Portugal,50303.66,41103.12,2020-01-06,Appliances,"Christiansen, Donnelly and Bechtelar",Celine Tumasian,Smitty Culverhouse,PC,23-1397222,9200.54,18.290001164925176,2020,1
79,Sweden,124593.04,109106.13,2020-01-11,Appliances,Johns and Sons,Maxie Marrow,Madelon Bront,Mobile,00-4698524,15486.909999999989,12.429996089669206,2020,1
80,Sweden,44147.92,37163.72,2020-05-18,Beauty,"Murray, Reichel and Nolan",Maxie Marrow,Madelon Bront,PC,76-3837496,6984.199999999997,15.819997861733912,2020,5
81,Bulgaria,42239.66,37039.96,2019-05-17,Smartphones,Johns and Sons,Charil Alpe,Shermy McGready,PC,61-7979087,5199.700000000004,12.30999491946669,2019,5
82,Sweden,113763.38,91158.6,2020-04-01,Books,"Christiansen, Donnelly and Bechtelar",Maxie Marrow,Madelon Bront,PC,52-8377955,22604.78,19.869996830262952,2020,4
83,Portugal,183363.6,155033.92,2019-06-24,Smartphones,Johns and Sons,Celine Tumasian,Hortense Gerring,PC,87-6162387,28329.679999999993,15.450002072385136,2019,6
84,France,85220.83,73767.15,2019-09-15,Beauty,"Shanahan, Schaden and Parker",Othello Bowes,Crysta Halls,Tablet,11-8965256,11453.680000000008,13.440000525693083,2019,9
85,Portugal,87513.27,72469.74,2020-03-05,Books,"Lubowitz, McLaughlin and Erdman",Celine Tumasian,Corene Shirer,Mobile,16-9079414,15043.529999999999,17.189998728192876,2020,3
86,Bulgaria,37073.91,30274.55,2019-04-26,Books,Rath-Schroeder,Charil Alpe,Bernadine Fullagar,Tablet,15-9091881,6799.360000000004,18.340013233025605,2019,4
87,France,122139.94,103684.6,2019-11-02,Smartphones,Smith Group,Othello Bowes,Ora Grennan,PC,07-3222085,18455.339999999997,15.109995960371355,2019,11
88,France,107586.21,94525.24,2020-06-07,Electronics,"Spencer, Rogahn and Muller",Othello Bowes,Amelina Piscopiello,PC,20-3384992,13060.970000000001,12.14000381647425,2020,6
89,UK,203958.16,176444.2,2020-12-02,Appliances,Larkin-Collier,Jessamine Apark,Genevra Charrisson,PC,09-3404706,27513.959999999992,13.490002067090618,2020,12
90,Portugal,55132.39,47121.65,2019-06-11,Clothing,"Dickinson, Hyatt and Berge",Celine Tumasian,Hortense Gerring,PC,97-8712680,8010.739999999998,14.530006770974374,2019,6
91,Ireland,135424.06,116275.1,2020-01-15,Electronics,"Hamill, Kulas and Roob",Glenine Suttaby,Palm Wetherald,PC,43-4245267,19148.959999999992,14.139998461130165,2020,1
92,Sweden,167123.72,132946.92,2019-08-01,Smartphones,Hegmann Group,Maxie Marrow,Alyosha Meah,PC,58-8969119,34176.79999999999,20.44999955721425,2019,8
93,Germany,92868.37,79068.13,2020-03-30,Electronics,"Fisher, Morar and Skiles",Rickard Doogood,Casie MacBain,PC,88-8436664,13800.23999999999,14.86000023474084,2020,3
94,Portugal,108689.45,91223.06,2019-11-09,Appliances,Walter LLC,Celine Tumasian,Brynn Dempster,Mobile,35-6825112,17466.39,16.069995753957723,2019,11
95,Portugal,79874.42,68132.88,2020-11-14,Outdoors,"Farrell, Swaniawski and Crist",Celine Tumasian,Smitty Culverhouse,PC,24-4511396,11741.539999999994,14.700000325510961,2020,11
96,Germany,153011.39,131543.89,2019-09-13,Appliances,Johns and Sons,Rickard Doogood,Casie MacBain,PC,99-0564964,21467.5,14.03000129598195,2019,9
97,Portugal,72857.41,60442.51,2020-05-10,Clothing,Armstrong-Little,Celine Tumasian,Brynn Dempster,PC,47-9920494,12414.900000000001,17.03999634354282,2020,5
98,France,102771.44,83584.01,2019-11-24,Accessories,McClure Inc,Othello Bowes,Maighdiln Upcraft,PC,82-9352154,19187.430000000008,18.67000209396697,2019,11
99,UK,90559.16,75318.05,2019-08-26,Outdoors,"Dickinson, Hyatt and Berge",Jessamine Apark,Genevra Charrisson,PC,74-6920956,15241.11,16.830003723532773,2019,8
100,Portugal,141796.75,112317.21,2020-09-16,Games,Johns and Sons,Celine Tumasian,Corene Shirer,PC,16-8778373,29479.539999999994,20.789996949859564,2020,9
101,Bulgaria,103874.1,82112.48,2019-01-14,Outdoors,Johns and Sons,Charil Alpe,Shermy McGready,PC,85-4014655,21761.62000000001,20.94999619731965,2019,1
102,Spain,134908.19,114388.65,2020-08-18,Clothing,Romaguera-Dietrich,Emalia Dinse,Perri Aldersley,PC,25-2355172,20519.540000000008,15.21000318809407,2020,8
103,Portugal,45256.74,38975.1,2019-01-14,Other,"Spencer, Rogahn and Muller",Celine Tumasian,Smitty Culverhouse,PC,31-7667796,6281.639999999999,13.88000991675494,2019,1
104,Portugal,131018.65,107920.06,2020-04-02,Clothing,Hane Inc,Celine Tumasian,Brynn Dempster,PC,39-2536155,23098.589999999997,17.630001530316484,2020,4
105,Ireland,84877.87,68454.0,2019-12-01,Electronics,"Zieme, Bailey and Herzog",Glenine Suttaby,Bunnie Tonbridge,PC,30-8840089,16423.869999999995,19.350002538942125,2019,12
106,France,168197.78,144246.42,2019-01-13,Smartphones,Kihn Inc,Othello Bowes,Crysta Halls,PC,93-8309926,23951.359999999986,14.239997697948207,2019,1
107,UK,383996.76,304701.43,2019-12-19,Other,Johns and Sons,Jessamine Apark,Winny Agnolo,PC,42-7823733,79295.33000000002,20.649999755206274,2019,12
108,France,56811.14,48221.3,2019-10-07,Clothing,"Schowalter, Lesch and Beahan",Othello Bowes,Ora Grennan,PC,03-9337803,8589.839999999997,15.119992311367096,2019,10
109,Portugal,74364.46,60145.98,2020-01-21,Clothing,Altenwerth-Konopelski,Celine Tumasian,Aurelie Wren,Mobile,42-1879788,14218.480000000003,19.11999360985073,2020,1
110,Finland,235608.66,201468.96,2020-07-27,Games,Hegmann Group,Hube Corey,Wat Bowkley,Tablet,42-8394841,34139.70000000001,14.4900021926189,2020,7
111,Sweden,31627.37,25662.45,2020-08-27,Beauty,"Christiansen, Donnelly and Bechtelar",Maxie Marrow,Caro Morfield,Mobile,84-5642889,5964.919999999998,18.85999373327595,2020,8
112,Sweden,57227.99,46331.78,2019-03-28,Appliances,Johns and Sons,Maxie Marrow,Alyosha Meah,PC,92-7234550,10896.21,19.040001230167263,2019,3
113,Portugal,84598.68,72391.09,2020-04-28,Clothing,"Hamill, Kulas and Roob",Celine Tumasian,Brynn Dempster,PC,98-5721101,12207.589999999997,14.43000056265653,2020,4
114,Sweden,98322.98,84872.4,2020-10-09,Clothing,Hessel-Stiedemann,Maxie Marrow,Tarrah Castelletti,PC,32-9344186,13450.580000000002,13.679996273505951,2020,10
115,Netherlands,62567.58,49916.42,2019-04-21,Clothing,Hessel-Stiedemann,Denice Amberg,Nero Harbisher,PC,40-7356336,12651.160000000003,20.219992526480972,2019,4
116,Sweden,239423.57,199152.52,2019-12-08,Electronics,"Hamill, Kulas and Roob",Maxie Marrow,Madelon Bront,Mobile,94-1762263,40271.05000000002,16.820002308043446,2019,12
117,France,68773.03,59082.91,2019-09-30,Games,Hessel-Stiedemann,Othello Bowes,Amelina Piscopiello,PC,26-5649751,9690.119999999995,14.090000106146256,2019,9
118,Germany,102918.09,87480.38,2019-10-28,Smartphones,"Swaniawski, Runolfsson and Green",Rickard Doogood,Casie MacBain,PC,88-5343320,15437.709999999992,14.999996599237308,2019,10
119,UK,150313.19,118927.8,2020-01-23,Beauty,Johns and Sons,Jessamine Apark,Jay Morefield,PC,09-6527060,31385.39,20.879997290989564,2020,1
120,Sweden,144072.9,123729.81,2019-07-13,Beauty,"Fisher, Morar and Skiles",Maxie Marrow,Anita Woakes,PC,85-3431441,20343.089999999997,14.119997584556149,2019,7
121,Sweden,69681.43,55529.13,2020-01-25,Clothing,Romaguera-Dietrich,Maxie Marrow,Alyosha Meah,PC,78-3301264,14152.299999999996,20.310002248805738,2020,1
122,Sweden,78542.59,68010.03,2019-05-26,Games,Kihn Inc,Maxie Marrow,Caro Morfield,PC,02-9523107,10532.559999999998,13.409998320656344,2019,5
123,Portugal,37582.13,31967.36,2020-05-07,Appliances,Hilll-Vandervort,Celine Tumasian,Smitty Culverhouse,Mobile,19-9205287,5614.769999999997,14.93999940929372,2020,5
124,Sweden,88329.48,73755.12,2020-08-16,Clothing,Corwin and Sons,Maxie Marrow,Caro Morfield,Mobile,94-1199389,14574.36,16.499995245075596,2020,8
125,Portugal,249099.44,215695.2,2020-06-15,Other,Johns and Sons,Celine Tumasian,Corene Shirer,PC,88-4621939,33404.23999999999,13.410002045769348,2020,6
126,UK,28328.78,24408.08,2019-02-19,Clothing,"Dickinson, Hyatt and Berge",Jessamine Apark,Jay Morefield,PC,68-9634139,3920.699999999997,13.839988873506016,2019,2
127,Portugal,162246.76,142663.58,2019-08-28,Games,Hessel-Stiedemann,Celine Tumasian,Corene Shirer,PC,44-5200140,19583.180000000022,12.069997576530971,2019,8
128,Germany,161217.16,135696.48,2019-10-20,Games,Labadie and Sons,Rickard Doogood,Casie MacBain,PC,98-6247105,25520.679999999993,15.830002215645031,2019,10
129,France,37397.43,30837.92,2020-05-17,Games,Hegmann Group,Othello Bowes,Avrit Chanders,PC,24-6566439,6559.510000000002,17.540002080356864,2020,5
130,UK,99064.31,85393.44,2020-07-10,Books,Johns and Sons,Jessamine Apark,Winny Agnolo,PC,52-9152387,13670.869999999995,13.799995174851565,2020,7
131,Sweden,15817.05,13743.44,2019-03-10,Clothing,Kihn Inc,Maxie Marrow,Anita Woakes,PC,26-9787272,2073.6099999999988,13.109966776358418,2019,3
132,Portugal,38930.16,32837.59,2020-11-18,Outdoors,"Spencer, Rogahn and Muller",Celine Tumasian,Brynn Dempster,PC,12-2202467,6092.570000000007,15.649999897251915,2020,11
133,Portugal,28859.73,23656.32,2019-01-09,Electronics,Larkin-Collier,Celine Tumasian,Corene Shirer,Mobile,82-0537890,5203.41,18.030002359689433,2019,1
134,France,54079.04,45031.62,2020-05-29,Games,"Lueilwitz, Kerluke and Lesch",Othello Bowes,Avrit Chanders,PC,15-6838362,9047.419999999998,16.729993727699306,2020,5
135,Sweden,70596.7,60564.91,2020-02-09,Electronics,Hilll-Vandervort,Maxie Marrow,Alyosha Meah,PC,51-0685379,10031.789999999994,14.20999848434841,2020,2
136,UK,169629.55,135347.42,2019-10-23,Outdoors,Johns and Sons,Jessamine Apark,Jay Morefield,PC,76-5919033,34282.129999999976,20.209998788536538,2019,10
137,Portugal,95387.89,76195.85,2020-05-08,Books,Gislason-Stanton,Celine Tumasian,Aurelie Wren,PC,34-7627348,19192.039999999994,20.119996364318357,2020,5
138,France,50585.98,40999.94,2020-08-29,Beauty,"Bashirian, Okuneva and Bechtelar",Othello Bowes,Maighdiln Upcraft,Tablet,32-1940437,9586.04,18.949993654368267,2020,8
139,Sweden,103726.57,90231.74,2020-05-21,Clothing,Dibbert Inc,Maxie Marrow,Caro Morfield,Mobile,25-9913528,13494.830000000002,13.010003126489192,2020,5
140,UK,222700.23,194951.78,2020-12-12,Appliances,Johns and Sons,Jessamine Apark,Genevra Charrisson,Mobile,73-3464233,27748.45000000001,12.460000602603783,2020,12
141,Portugal,143322.47,114213.68,2020-05-19,Books,Johns and Sons,Celine Tumasian,Corene Shirer,PC,04-2863062,29108.790000000008,20.30999744841127,2020,5
142,UK,128227.36,106710.81,2019-06-01,Accessories,"Murray, Reichel and Nolan",Jessamine Apark,Jay Morefield,PC,18-7077174,21516.550000000003,16.779999213896318,2019,6
143,Sweden,127939.8,112267.17,2019-12-09,Clothing,Gislason-Stanton,Maxie Marrow,Alyosha Meah,PC,64-8300193,15672.630000000005,12.250003517279223,2019,12
144,Sweden,146540.75,120822.85,2019-04-30,Smartphones,"Swaniawski, Runolfsson and Green",Maxie Marrow,Anita Woakes,PC,84-2858993,25717.899999999994,17.54999889109343,2019,4
145,Portugal,36321.68,31581.7,2020-10-29,Books,Kirlin and Sons,Celine Tumasian,Smitty Culverhouse,PC,72-2647440,4739.98,13.050002092414225,2020,10
146,Spain,42814.57,35356.27,2019-02-01,Beauty,Wiza and Sons,Emalia Dinse,Perri Aldersley,PC,68-1806238,7458.300000000003,17.420004451755567,2019,2
147,UK,169262.2,141080.04,2020-04-26,Beauty,Considine-Fisher,Jessamine Apark,Winny Agnolo,PC,87-0922827,28182.160000000003,16.650002185957646,2020,4
148,Sweden,114427.36,93727.45,2020-03-11,Other,Tillman and Sons,Maxie Marrow,Madelon Bront,PC,33-8547717,20699.910000000003,18.090000503376118,2020,3
149,UK,126979.62,105113.73,2019-09-26,Electronics,Dibbert Inc,Jessamine Apark,Genevra Charrisson,PC,15-5051694,21865.89,17.219999555834235,2019,9
150,Luxembourg,294874.74,259106.43,2020-12-15,Books,Morissette Group,Ilsa Kob,Jocelyn Laurentino,PC,37-2363680,35768.31,12.130001369395018,2020,12
151,UK,173258.94,143198.51,2019-05-24,Clothing,Johns and Sons,Jessamine Apark,Jay Morefield,PC,92-4106004,30060.429999999993,17.350002256737802,2019,5
152,Luxembourg,158362.33,133990.37,2020-08-14,Books,Hessel-Stiedemann,Ilsa Kob,Jocelyn Laurentino,PC,39-1671087,24371.959999999992,15.38999836640443,2020,8
153,UK,50689.19,43597.77,2020-11-18,Clothing,"Swaniawski, Runolfsson and Green",Jessamine Apark,Jay Morefield,PC,77-9240051,7091.4200000000055,13.990004574939954,2020,11
154,Ireland,117358.02,102664.8,2020-11-02,Clothing,Goldner-Dibbert,Glenine Suttaby,Palm Wetherald,PC,79-8966057,14693.220000000001,12.519996503008487,2020,11
155,Sweden,93996.68,77171.27,2020-10-10,Games,"Swaniawski, Runolfsson and Green",Maxie Marrow,Alyosha Meah,Mobile,75-0683725,16825.40999999999,17.9000045533523,2020,10
156,UK,119769.22,98234.71,2020-01-11,Books,"Bashirian, Okuneva and Bechtelar",Jessamine Apark,Jay Morefield,PC,55-5032186,21534.509999999995,17.980003543481367,2020,1
157,France,84194.21,71885.02,2020-12-26,Books,"Zieme, Bailey and Herzog",Othello Bowes,Avrit Chanders,Mobile,31-8836719,12309.190000000002,14.619995840569086,2020,12
158,Finland,205582.75,166748.17,2020-12-22,Beauty,Tromp LLC,Hube Corey,Wat Bowkley,PC,64-4923214,38834.57999999999,18.889999282527345,2020,12
159,Sweden,159793.46,139180.1,2019-06-15,Smartphones,"Swaniawski, Runolfsson and Green",Maxie Marrow,Alyosha Meah,Tablet,98-2574776,20613.359999999986,12.900002290456685,2019,6
160,Portugal,104711.22,90868.4,2020-08-25,Clothing,Marquardt-Kuvalis,Celine Tumasian,Corene Shirer,PC,33-0729966,13842.820000000007,13.21999686375539,2020,8
161,France,69126.5,55902.6,2019-12-08,Electronics,"Farrell, Swaniawski and Crist",Othello Bowes,Avrit Chanders,PC,07-3201531,13223.900000000001,19.130000795642772,2019,12
162,Sweden,20226.11,17408.61,2019-02-23,Electronics,Larkin-Collier,Maxie Marrow,Caro Morfield,PC,21-3278349,2817.5,13.930014224188437,2019,2
163,France,65036.81,52361.14,2019-05-30,Other,Considine-Fisher,Othello Bowes,Amelina Piscopiello,PC,50-1695443,12675.669999999998,19.489993436024918,2019,5
164,France,254021.98,205605.39,2019-07-03,Clothing,McGlynn-Prosacco,Othello Bowes,Maighdiln Upcraft,PC,52-3693331,48416.59,19.06000024092403,2019,7
165,Luxembourg,160185.99,130487.51,2020-09-27,Accessories,"Zieme, Bailey and Herzog",Ilsa Kob,Jocelyn Laurentino,PC,98-3033030,29698.479999999996,18.53999841059758,2020,9
166,UK,81219.67,70319.99,2020-05-20,Clothing,Hessel-Stiedemann,Jessamine Apark,Genevra Charrisson,PC,34-5793997,10899.679999999993,13.420000352131439,2020,5
167,Portugal,108412.76,88594.91,2019-08-03,Smartphones,Romaguera-Haley,Celine Tumasian,Corene Shirer,Mobile,52-7280101,19817.84999999999,18.279997668171156,2019,8
168,Spain,42028.45,36299.97,2020-03-01,Other,Hessel-Stiedemann,Emalia Dinse,Perri Aldersley,PC,55-3118263,5728.479999999996,13.630005389206588,2020,3
169,Sweden,62272.96,54600.93,2019-02-20,Beauty,Romaguera-Haley,Maxie Marrow,Caro Morfield,PC,58-9822844,7672.029999999999,12.320002132546772,2019,2
170,Sweden,91350.76,75839.4,2019-02-04,Games,Tillman and Sons,Maxie Marrow,Alyosha Meah,PC,51-5324396,15511.36,16.980001042136923,2019,2
171,UK,123272.44,101576.49,2019-01-20,Clothing,"Christiansen, Donnelly and Bechtelar",Jessamine Apark,Genevra Charrisson,Tablet,99-5465830,21695.949999999997,17.60000045427834,2019,1
172,Luxembourg,182852.21,145440.65,2019-12-28,Outdoors,Johns and Sons,Ilsa Kob,Jocelyn Laurentino,PC,01-8696189,37411.56,20.459998815436794,2019,12
173,Portugal,118321.11,94822.54,2020-11-23,Electronics,Tillman and Sons,Celine Tumasian,Aurelie Wren,Tablet,20-7636879,23498.570000000007,19.859997932744214,2020,11
174,UK,74295.81,63716.09,2019-04-11,Games,"Keeling, Monahan and Pollich",Jessamine Apark,Genevra Charrisson,PC,85-8092784,10579.720000000001,14.239995499073233,2019,4
175,UK,152865.34,121130.5,2020-12-06,Clothing,Konopelski LLC,Jessamine Apark,Genevra Charrisson,PC,97-5905883,31734.839999999997,20.759997001282304,2020,12
176,France,171458.64,148877.54,2019-08-16,Books,McGlynn-Bergstrom,Othello Bowes,Crysta Halls,PC,74-6473826,22581.100000000006,13.169998315628776,2019,8
177,UK,156177.77,130096.08,2019-12-24,Clothing,Johns and Sons,Jessamine Apark,Winny Agnolo,PC,91-0416047,26081.689999999988,16.700001543113334,2019,12
178,Portugal,116023.51,96566.37,2020-06-02,Smartphones,Tillman and Sons,Celine Tumasian,Smitty Culverhouse,PC,34-0232219,19457.14,16.769997735803717,2020,6
179,France,70657.26,61330.5,2020-09-05,Other,"Rowe, Hermiston and Kessler",Othello Bowes,Maighdiln Upcraft,PC,34-0783331,9326.759999999995,13.200002377674986,2020,9
180,Netherlands,104152.15,85696.39,2019-05-06,Smartphones,"Swaniawski, Runolfsson and Green",Denice Amberg,Nero Harbisher,Mobile,30-8215510,18455.759999999995,17.719999059068865,2019,5
181,Portugal,84224.98,68239.08,2019-01-21,Appliances,Hessel-Stiedemann,Celine Tumasian,Aurelie Wren,Mobile,95-3196761,15985.899999999994,18.97999857049535,2019,1
182,Portugal,172505.24,139125.48,2020-10-02,Accessories,Romaguera-Haley,Celine Tumasian,Brynn Dempster,PC,99-3651863,33379.75999999998,19.349997716011398,2020,10
183,Portugal,89830.34,76795.96,2019-04-19,Games,Johns and Sons,Celine Tumasian,Aurelie Wren,Tablet,94-8641337,13034.37999999999,14.5099974017687,2019,4
184,Netherlands,353925.06,287528.72,2020-12-04,Clothing,Corwin and Sons,Denice Amberg,Nero Harbisher,PC,36-2694099,66396.34000000003,18.759999645122623,2020,12
185,France,141436.98,114691.25,2019-05-26,Outdoors,Walter LLC,Othello Bowes,Maighdiln Upcraft,PC,40-5308505,26745.73000000001,18.909997936890342,2019,5
186,UK,178465.4,156282.15,2020-04-27,Accessories,Romaguera-Haley,Jessamine Apark,Winny Agnolo,PC,68-8279682,22183.25,12.430000437059508,2020,4
187,Sweden,110092.84,92797.25,2020-06-29,Other,"Rowe, Hermiston and Kessler",Maxie Marrow,Anita Woakes,Tablet,50-2481520,17295.589999999997,15.710004392656232,2020,6
188,UK,154715.49,126572.74,2020-10-23,Electronics,Smith Group,Jessamine Apark,Genevra Charrisson,PC,46-1054213,28142.749999999985,18.190001531197673,2020,10
189,Sweden,92877.57,75936.7,2020-04-05,Electronics,Wisoky Inc,Maxie Marrow,Madelon Bront,Mobile,40-9497268,16940.87000000001,18.240001326477433,2020,4
190,France,66141.13,53435.42,2019-05-26,Clothing,Stehr LLC,Othello Bowes,Ora Grennan,PC,54-5107115,12705.710000000006,19.209998377711425,2019,5
191,Germany,241782.39,196544.91,2020-06-09,Appliances,Johns and Sons,Rickard Doogood,Casie MacBain,PC,15-7053450,45237.48000000001,18.709997862127185,2020,6
192,Portugal,211872.69,177930.69,2019-07-23,Games,Johns and Sons,Celine Tumasian,Hortense Gerring,Mobile,36-2012010,33942.0,16.01999766935512,2019,7
193,Portugal,170408.23,143432.61,2020-11-03,Clothing,Romaguera-Haley,Celine Tumasian,Aurelie Wren,Mobile,61-7521706,26975.620000000024,15.829998351605449,2020,11
194,Sweden,157683.41,130624.94,2019-06-08,Electronics,Hegmann Group,Maxie Marrow,Alyosha Meah,Tablet,17-0893784,27058.47,17.159997998521213,2019,6
195,Portugal,116157.89,97166.07,2019-11-14,Games,"Parisian, Steuber and Satterfield",Celine Tumasian,Hortense Gerring,PC,23-5766200,18991.819999999992,16.35000429157244,2019,11
196,France,56106.13,45081.27,2020-03-12,Electronics,"Rowe, Hermiston and Kessler",Othello Bowes,Amelina Piscopiello,PC,24-3140242,11024.86,19.650009722645283,2020,3
197,Sweden,40385.45,32591.06,2020-07-15,Smartphones,Armstrong-Little,Maxie Marrow,Tarrah Castelletti,PC,81-0573181,7794.389999999996,19.29999541914228,2020,7
198,UK,112491.58,92254.34,2019-10-24,Appliances,Hessel-Stiedemann,Jessamine Apark,Genevra Charrisson,Mobile,13-1936536,20237.240000000005,17.9900042296499,2019,10
199,Finland,200635.57,172245.64,2019-12-11,Clothing,Larkin-Collier,Hube Corey,Wat Bowkley,PC,94-8026718,28389.929999999993,14.149998427497174,2019,12
200,Portugal,243176.92,202250.24,2020-07-03,Appliances,Gislason-Stanton,Celine Tumasian,Hortense Gerring,PC,81-5976459,40926.68000000002,16.830001794578212,2020,7
201,Portugal,52227.07,45124.19,2019-03-14,Books,"Farrell, Swaniawski and Crist",Celine Tumasian,Corene Shirer,PC,28-6038070,7102.879999999997,13.599997089631866,2019,3
202,Bulgaria,147672.87,129110.39,2019-10-15,Electronics,Homenick-Marvin,Charil Alpe,Bernadine Fullagar,PC,81-7970957,18562.479999999996,12.570000163198557,2019,10
203,France,149500.61,125401.11,2020-07-24,Games,McGlynn-Bergstrom,Othello Bowes,Crysta Halls,PC,60-8646184,24099.499999999985,16.1200011157145,2020,7
204,France,53089.52,44812.86,2019-08-24,Beauty,Goldner-Dibbert,Othello Bowes,Crysta Halls,PC,32-2114915,8276.659999999996,15.590007217997067,2019,8
205,France,85223.07,73002.08,2019-09-15,Beauty,"Hamill, Kulas and Roob",Othello Bowes,Maighdiln Upcraft,PC,58-7865136,12220.990000000005,14.340002067515293,2019,9
206,Denmark,58948.52,49416.54,2020-05-20,Clothing,Wisoky Inc,Modestia Byfford,Case Desorts,PC,98-9112505,9531.979999999996,16.170007321642675,2020,5
207,Portugal,165696.9,132275.84,2020-10-22,Electronics,Franecki-White,Celine Tumasian,Aurelie Wren,PC,03-0455038,33421.06,20.169997145390166,2020,10
208,Sweden,177993.88,145029.41,2019-12-02,Outdoors,Johns and Sons,Maxie Marrow,Alyosha Meah,Tablet,71-0122842,32964.47,18.520001923661646,2019,12
209,France,108713.83,90341.19,2020-03-09,Clothing,Hessel-Stiedemann,Othello Bowes,Amelina Piscopiello,PC,55-1395838,18372.64,16.90000251118004,2020,3
210,Finland,25816.05,21447.97,2019-09-08,Clothing,Smith Group,Hube Corey,Mellicent Mattys,Mobile,95-7886861,4368.079999999998,16.920016811247258,2019,9
211,Portugal,154072.89,121887.06,2020-09-30,Beauty,"Rowe, Hermiston and Kessler",Celine Tumasian,Smitty Culverhouse,PC,19-3013452,32185.830000000016,20.89000212821348,2020,9
212,Finland,194962.05,154975.33,2020-07-05,Appliances,"Rowe, Hermiston and Kessler",Hube Corey,Mellicent Mattys,PC,54-5082146,39986.72,20.51000181830259,2020,7
213,Portugal,60744.83,52805.48,2020-03-19,Smartphones,Gislason-Stanton,Celine Tumasian,Brynn Dempster,PC,69-4462108,7939.3499999999985,13.070001183639823,2020,3
214,Sweden,39313.39,34273.41,2020-10-10,Beauty,Corwin and Sons,Maxie Marrow,Anita Woakes,Mobile,68-3731565,5039.979999999996,12.820008653540171,2020,10
215,France,119820.82,98289.02,2019-06-16,Appliances,Considine-Fisher,Othello Bowes,Amelina Piscopiello,PC,82-2972108,21531.800000000003,17.96999886997936,2019,6
216,UK,129485.51,112794.83,2019-01-05,Appliances,McGlynn-Prosacco,Jessamine Apark,Jay Morefield,PC,15-2503493,16690.679999999993,12.889998270848988,2019,1
217,Italy,163203.64,140893.7,2019-06-21,Smartphones,"Swaniawski, Runolfsson and Green",Piggy Roscrigg,Joshua Prevost,PC,37-0857161,22309.940000000002,13.670001477908214,2019,6
218,France,62788.04,53049.61,2020-02-13,Appliances,Altenwerth-Konopelski,Othello Bowes,Avrit Chanders,PC,71-2709641,9738.43,15.510007956929378,2020,2
219,Portugal,148037.71,117867.62,2020-04-14,Electronics,Romaguera-Dietrich,Celine Tumasian,Corene Shirer,PC,10-5899580,30170.089999999997,20.380003176217734,2020,4
220,Ireland,55539.67,45620.29,2020-03-21,Electronics,Altenwerth-Konopelski,Glenine Suttaby,Palm Wetherald,PC,10-9241948,9919.379999999997,17.85999088579388,2020,3
221,France,150135.0,131067.85,2020-09-09,Smartphones,Larkin-Collier,Othello Bowes,Avrit Chanders,PC,68-0080728,19067.149999999994,12.700003330336026,2020,9
222,Ireland,85294.3,72662.21,2020-03-25,Beauty,"Zieme, Bailey and Herzog",Glenine Suttaby,Bunnie Tonbridge,PC,47-0640313,12632.089999999997,14.810004888955062,2020,3
223,Luxembourg,136079.62,119178.53,2019-08-29,Games,West-Cummings,Ilsa Kob,Jocelyn Laurentino,PC,37-6597365,16901.089999999997,12.42000087889722,2019,8
224,Finland,186397.6,161233.92,2020-12-04,Appliances,Friesen and Sons,Hube Corey,Mellicent Mattys,Mobile,13-0833129,25163.679999999993,13.500002145950374,2020,12
225,Germany,32695.37,26375.35,2020-11-28,Accessories,Johns and Sons,Rickard Doogood,Casie MacBain,Mobile,15-2994585,6320.02,19.330015228455895,2020,11
226,France,86077.83,72288.16,2019-11-03,Appliances,Johns and Sons,Othello Bowes,Amelina Piscopiello,PC,85-7784608,13789.669999999998,16.02000189828205,2019,11
227,Sweden,72885.55,59773.44,2020-12-29,Clothing,Johns and Sons,Maxie Marrow,Anita Woakes,PC,22-3969127,13112.11,17.98999938945374,2020,12
228,Portugal,100469.75,82566.04,2019-05-17,Electronics,Johns and Sons,Celine Tumasian,Aurelie Wren,PC,80-2242820,17903.710000000006,17.82000054742846,2019,5
229,Sweden,40831.52,34192.31,2019-04-26,Appliances,Labadie and Sons,Maxie Marrow,Madelon Bront,PC,35-1705563,6639.209999999999,16.26001187318033,2019,4
230,Italy,142353.07,116046.22,2019-07-24,Books,Dibbert Inc,Piggy Roscrigg,Joshua Prevost,PC,93-9941140,26306.850000000006,18.480001871403267,2019,7
231,Sweden,250315.06,218825.43,2019-07-08,Beauty,McGlynn-Prosacco,Maxie Marrow,Alyosha Meah,PC,36-2366573,31489.630000000005,12.579998183089744,2019,7
232,UK,100094.97,84690.35,2020-11-08,Games,"Swaniawski, Runolfsson and Green",Jessamine Apark,Genevra Charrisson,PC,10-9932801,15404.619999999995,15.390004113093788,2020,11
233,UK,77128.75,65536.3,2020-08-09,Books,"Dickinson, Hyatt and Berge",Jessamine Apark,Jay Morefield,Mobile,70-8991739,11592.449999999997,15.029998541399928,2020,8
234,France,176114.73,149257.23,2020-11-24,Electronics,Johns and Sons,Othello Bowes,Maighdiln Upcraft,PC,97-4830372,26857.5,15.250002086707909,2020,11
235,France,146325.53,118333.46,2020-08-09,Games,Stehr-Bogan,Othello Bowes,Crysta Halls,PC,95-8015610,27992.069999999992,19.129997342227288,2020,8
236,Germany,161823.46,130494.44,2020-07-20,Clothing,Friesen-Rath,Rickard Doogood,Casie MacBain,PC,84-1062113,31329.01999999999,19.359998853071115,2020,7
237,Sweden,132632.97,112035.07,2019-04-23,Electronics,"Keeling, Monahan and Pollich",Maxie Marrow,Anita Woakes,PC,05-5082715,20597.899999999994,15.52999981829555,2019,4
238,Portugal,107232.99,85207.33,2020-03-08,Appliances,Hessel-Stiedemann,Celine Tumasian,Smitty Culverhouse,PC,35-6942653,22025.660000000003,20.540003594043217,2020,3
239,Sweden,120763.23,96719.27,2020-04-14,Clothing,"Murray, Reichel and Nolan",Maxie Marrow,Anita Woakes,PC,79-6623911,24043.959999999992,19.91000075105642,2020,4
240,Bulgaria,278731.9,221591.86,2019-12-05,Appliances,West-Cummings,Charil Alpe,Bernadine Fullagar,PC,48-7662634,57140.04000000004,20.500000179383857,2019,12
241,Bulgaria,138153.7,112926.83,2019-02-14,Games,McGlynn-Bergstrom,Charil Alpe,Bernadine Fullagar,PC,46-5888587,25226.87000000001,18.260003170381978,2019,2
242,Ireland,68802.13,54635.77,2020-09-15,Beauty,Kirlin and Sons,Glenine Suttaby,Bunnie Tonbridge,PC,17-3178991,14166.360000000008,20.590002082784366,2020,9
243,Finland,35619.28,28192.66,2019-01-08,Electronics,"Murray, Reichel and Nolan",Hube Corey,Wat Bowkley,PC,18-8528486,7426.619999999999,20.850000336896198,2019,1
244,UK,65014.84,53669.75,2020-03-27,Outdoors,"Dickinson, Hyatt and Berge",Jessamine Apark,Genevra Charrisson,Mobile,55-4588115,11345.089999999997,17.45000064600635,2020,3
245,Germany,48922.42,39387.44,2020-10-19,Outdoors,"Murray, Reichel and Nolan",Rickard Doogood,Casie MacBain,Tablet,19-9073616,9534.979999999996,19.49000069906598,2020,10
246,France,165262.34,142621.4,2020-05-19,Electronics,Altenwerth-Konopelski,Othello Bowes,Amelina Piscopiello,Mobile,96-0020600,22640.940000000002,13.699999649042852,2020,5
247,Portugal,164117.24,133509.37,2020-05-28,Electronics,"Zieme, Bailey and Herzog",Celine Tumasian,Corene Shirer,PC,88-7664123,30607.869999999995,18.650002888179205,2020,5
248,Portugal,238085.99,193587.72,2020-07-16,Clothing,"Rowe, Hermiston and Kessler",Celine Tumasian,Hortense Gerring,PC,17-8884817,44498.26999999999,18.68999935695502,2020,7
249,Sweden,117733.51,97294.97,2019-07-13,Electronics,Connelly-Mohr,Maxie Marrow,Tarrah Castelletti,PC,45-5509135,20438.539999999994,17.360002262737257,2019,7
250,France,26713.46,22043.95,2020-10-12,Beauty,Wisoky Inc,Othello Bowes,Ora Grennan,PC,81-4176165,4669.509999999998,17.479989488445145,2020,10
251,France,49664.17,39244.63,2019-10-30,Books,"Swaniawski, Runolfsson and Green",Othello Bowes,Amelina Piscopiello,PC,24-9702599,10419.54,20.979994229240116,2019,10
252,Sweden,162101.93,133912.4,2019-12-19,Smartphones,"Rowe, Hermiston and Kessler",Maxie Marrow,Tarrah Castelletti,PC,24-4272786,28189.53,17.39000269768534,2019,12
253,France,118027.37,96050.67,2019-04-06,Beauty,Johns and Sons,Othello Bowes,Ora Grennan,PC,77-3656041,21976.699999999997,18.620003139949656,2019,4
254,Sweden,147994.63,129643.3,2019-01-27,Games,Stamm Inc,Maxie Marrow,Alyosha Meah,PC,47-7207206,18351.33,12.399997216115208,2019,1
255,Finland,48946.74,38765.82,2019-04-19,Accessories,"Swaniawski, Runolfsson and Green",Hube Corey,Mellicent Mattys,PC,65-2022928,10180.919999999998,20.79999607736899,2019,4
256,Sweden,73860.57,60336.7,2020-11-13,Clothing,McGlynn-Prosacco,Maxie Marrow,Madelon Bront,PC,16-5837761,13523.87000000001,18.309999503117847,2020,11
257,Portugal,86083.27,72309.95,2019-11-30,Electronics,Connelly-Mohr,Celine Tumasian,Hortense Gerring,PC,80-7090422,13773.320000000007,15.999996282669102,2019,11
258,Finland,72385.53,60181.33,2019-09-10,Clothing,Johns and Sons,Hube Corey,Wat Bowkley,PC,66-8222460,12204.199999999997,16.859999505426014,2019,9
259,Portugal,120332.26,102282.42,2020-01-14,Clothing,"Parisian, Steuber and Satterfield",Celine Tumasian,Hortense Gerring,Tablet,44-0527427,18049.839999999997,15.000000831032342,2020,1
260,Sweden,81262.34,65326.8,2019-09-06,Books,Johns and Sons,Maxie Marrow,Anita Woakes,Mobile,75-9517276,15935.539999999994,19.609994002141697,2019,9
261,Austria,139075.59,113708.2,2020-12-16,Games,"Murray, Reichel and Nolan",Orsa Geekin,Bank Coumbe,PC,24-2403756,25367.39,18.240001714175722,2020,12
262,France,50516.2,43918.78,2019-03-22,Electronics,Wiza and Sons,Othello Bowes,Maighdiln Upcraft,PC,50-1986322,6597.419999999998,13.060008472529603,2019,3
263,Sweden,112228.82,97470.73,2019-09-15,Outdoors,Gislason-Stanton,Maxie Marrow,Madelon Bront,PC,75-9585763,14758.090000000011,13.150000151476252,2019,9
264,France,79833.6,63411.83,2019-06-15,Appliances,McGlynn-Bergstrom,Othello Bowes,Avrit Chanders,PC,86-6760202,16421.770000000004,20.569998096039765,2019,6
265,Finland,135629.36,118526.5,2020-08-12,Games,Tillman and Sons,Hube Corey,Mellicent Mattys,PC,66-7717800,17102.859999999986,12.609998307151185,2020,8
266,Luxembourg,175332.04,144999.6,2020-09-24,Accessories,Hegmann Group,Ilsa Kob,Jocelyn Laurentino,PC,89-8942175,30332.440000000002,17.299998334588476,2020,9
267,Portugal,101923.36,86115.05,2019-01-19,Beauty,"Shanahan, Schaden and Parker",Celine Tumasian,Brynn Dempster,Mobile,38-0584273,15808.309999999998,15.509996923178354,2019,1
268,Germany,190100.96,160749.37,2019-12-20,Electronics,Walter LLC,Rickard Doogood,Casie MacBain,PC,38-8840357,29351.589999999997,15.440000934240414,2019,12
269,Netherlands,152771.9,134423.99,2020-05-02,Clothing,McClure Inc,Denice Amberg,Nero Harbisher,PC,82-4495901,18347.910000000003,12.01000314848477,2020,5
270,France,52805.94,43791.97,2020-06-22,Smartphones,Kihn Inc,Othello Bowes,Amelina Piscopiello,PC,81-2373308,9013.970000000001,17.06999250463111,2020,6
271,Portugal,51416.24,43338.75,2020-04-15,Smartphones,"Spencer, Rogahn and Muller",Celine Tumasian,Aurelie Wren,PC,15-0224516,8077.489999999998,15.709997463836325,2020,4
272,Luxembourg,76426.54,66116.6,2019-03-16,Clothing,O'Connell-Mitchell,Ilsa Kob,Jocelyn Laurentino,PC,95-6935153,10309.939999999988,13.489999678122272,2019,3
273,France,118021.59,98229.37,2019-04-21,Beauty,"Lubowitz, McLaughlin and Erdman",Othello Bowes,Maighdiln Upcraft,PC,60-8661261,19792.22,16.769999455184433,2019,4
274,Portugal,59378.97,52176.3,2020-04-25,Appliances,Schoen-Keeling,Celine Tumasian,Corene Shirer,PC,56-2783503,7202.669999999998,12.130001581367946,2020,4
275,Spain,61325.25,49379.09,2020-07-29,Beauty,Hessel-Stiedemann,Emalia Dinse,Manuel Goudie,Tablet,95-1516475,11946.160000000003,19.480002119844606,2020,7
276,France,80431.34,69774.19,2019-07-22,Beauty,Hessel-Stiedemann,Othello Bowes,Crysta Halls,PC,32-5562588,10657.149999999994,13.24999682959403,2019,7
277,Portugal,177919.14,147370.42,2020-06-07,Beauty,Walter LLC,Celine Tumasian,Aurelie Wren,PC,70-7769332,30548.72,17.170002058238364,2020,6
278,Ireland,37520.09,32781.3,2020-05-27,Clothing,Kihn Inc,Glenine Suttaby,Bunnie Tonbridge,Mobile,07-6200800,4738.789999999994,12.630007017573769,2020,5
279,Spain,68745.86,58014.63,2019-04-09,Electronics,Labadie and Sons,Emalia Dinse,Manuel Goudie,PC,11-2988171,10731.230000000003,15.610001824109847,2019,4
280,Denmark,69017.42,55897.21,2020-04-02,Electronics,Hegmann Group,Modestia Byfford,Case Desorts,PC,38-3894304,13120.21,19.00999776578145,2020,4
281,France,48850.38,39788.63,2019-03-31,Appliances,"Spencer, Rogahn and Muller",Othello Bowes,Crysta Halls,PC,33-6126082,9061.75,18.550009232272092,2019,3
282,Netherlands,253291.55,219502.46,2020-06-12,Books,Altenwerth-Konopelski,Denice Amberg,Nero Harbisher,PC,25-4970452,33789.09,13.339998906398574,2020,6
283,Portugal,47186.74,38112.73,2019-07-28,Electronics,"Hartmann, Hane and Pfannerstill",Celine Tumasian,Aurelie Wren,PC,34-8903845,9074.009999999995,19.229999783837567,2019,7
284,Portugal,59670.68,51269.05,2019-09-10,Appliances,"Shanahan, Schaden and Parker",Celine Tumasian,Aurelie Wren,PC,32-2110689,8401.629999999997,14.079997077291557,2019,9
285,Portugal,228961.3,183764.34,2020-06-01,Appliances,Johns and Sons,Celine Tumasian,Hortense Gerring,PC,37-8204282,45196.95999999999,19.739999729211878,2020,6
286,France,165259.58,130703.8,2020-06-26,Outdoors,Armstrong-Little,Othello Bowes,Crysta Halls,PC,46-1318487,34555.779999999984,20.910001102507938,2020,6
287,France,219911.81,179426.05,2019-07-05,Clothing,Smith Group,Othello Bowes,Crysta Halls,PC,99-3971751,40485.76000000001,18.40999808059422,2019,7
288,Finland,55882.12,48561.56,2020-05-20,Clothing,"Murray, Reichel and Nolan",Hube Corey,Mellicent Mattys,PC,24-7985425,7320.560000000005,13.100004080017017,2020,5
289,France,16388.9,13430.7,2020-03-15,Electronics,West-Cummings,Othello Bowes,Crysta Halls,PC,30-9690927,2958.2000000000007,18.050021661002265,2020,3
290,Spain,85927.37,74490.44,2019-04-15,Clothing,"Hartmann, Hane and Pfannerstill",Emalia Dinse,Perri Aldersley,PC,37-5025811,11436.929999999993,13.309996570359356,2019,4
291,France,161212.39,138046.17,2020-07-04,Accessories,Hilll-Vandervort,Othello Bowes,Crysta Halls,PC,21-6670877,23166.22,14.369999725207224,2020,7
292,France,66678.38,53009.31,2019-03-04,Smartphones,Walter LLC,Othello Bowes,Amelina Piscopiello,PC,34-3119010,13669.070000000007,20.500003149446652,2019,3
293,Sweden,148243.05,120566.07,2020-12-07,Beauty,Johns and Sons,Maxie Marrow,Madelon Bront,PC,54-7503816,27676.97999999998,18.670001730266602,2020,12
294,Ireland,126523.36,106368.19,2020-05-14,Games,Gleichner-Green,Glenine Suttaby,Bunnie Tonbridge,PC,96-1698894,20155.17,15.929999013620883,2020,5
295,Ireland,63373.72,55572.41,2020-03-03,Clothing,"Dickinson, Hyatt and Berge",Glenine Suttaby,Bunnie Tonbridge,PC,92-0523700,7801.309999999998,12.310007997005695,2020,3
296,Ireland,76767.77,64500.28,2020-01-22,Games,"Spencer, Rogahn and Muller",Glenine Suttaby,Bunnie Tonbridge,PC,15-3657248,12267.490000000005,15.980000461131025,2020,1
297,Portugal,78938.82,65471.86,2019-04-24,Games,"Fisher, Morar and Skiles",Celine Tumasian,Brynn Dempster,PC,16-3423161,13466.960000000006,17.05999658976408,2019,4
298,France,131864.04,110277.9,2019-04-09,Appliances,"Murray, Reichel and Nolan",Othello Bowes,Ora Grennan,PC,67-2684209,21586.140000000014,16.369997461021224,2019,4
299,Portugal,116774.43,98954.65,2019-04-21,Accessories,Labadie and Sons,Celine Tumasian,Hortense Gerring,Mobile,21-7344983,17819.78,15.260001697289379,2019,4
300,France,141112.84,120044.69,2020-08-08,Electronics,Gislason-Stanton,Othello Bowes,Avrit Chanders,Mobile,47-9701762,21068.149999999994,14.93000211745437,2020,8
301,Bulgaria,33210.56,29109.06,2020-11-20,Books,Hessel-Stiedemann,Charil Alpe,Bernadine Fullagar,PC,86-3876359,4101.499999999996,12.349987473863724,2020,11
302,France,174392.33,141449.62,2020-08-03,Smartphones,Labadie and Sons,Othello Bowes,Ora Grennan,PC,34-4313860,32942.70999999999,18.88999934802178,2020,8
303,Sweden,204484.61,177308.61,2019-06-16,Games,"Hermiston, Simonis and Wisoky",Maxie Marrow,Caro Morfield,Tablet,71-4782689,27176.0,13.289997716698581,2019,6
304,Germany,80986.1,64124.79,2019-12-02,Appliances,"Dickinson, Hyatt and Berge",Rickard Doogood,Casie MacBain,Mobile,85-3690127,16861.310000000005,20.82000491442359,2019,12
305,Sweden,179179.73,154936.71,2019-10-22,Books,"Zieme, Bailey and Herzog",Maxie Marrow,Anita Woakes,PC,66-5810051,24243.02000000002,13.530001412548181,2019,10
306,Netherlands,99731.4,84731.8,2020-01-12,Electronics,Smith Group,Denice Amberg,Nero Harbisher,PC,81-9170157,14999.599999999991,15.039997433105313,2020,1
307,France,32661.62,27922.42,2020-02-08,Electronics,"Zieme, Bailey and Herzog",Othello Bowes,Amelina Piscopiello,PC,24-7300640,4739.200000000001,14.509996748477267,2020,2
308,Sweden,30166.93,24658.45,2019-11-29,Appliances,Corwin and Sons,Maxie Marrow,Tarrah Castelletti,PC,97-1288901,5508.48,18.259995299488544,2019,11
309,Germany,36747.24,31900.28,2019-01-19,Accessories,Johns and Sons,Rickard Doogood,Casie MacBain,PC,81-9757849,4846.959999999999,13.189997398444072,2019,1
310,France,66884.7,58544.18,2020-01-19,Smartphones,Wisoky Inc,Othello Bowes,Crysta Halls,PC,44-9179070,8340.519999999997,12.46999687521959,2020,1
311,Portugal,165305.7,134757.21,2019-07-13,Games,"Christiansen, Donnelly and Bechtelar",Celine Tumasian,Aurelie Wren,PC,55-2137809,30548.49000000002,18.479997967402223,2019,7
312,Sweden,50618.21,41835.95,2019-03-05,Beauty,Hegmann Group,Maxie Marrow,Tarrah Castelletti,PC,56-1063618,8782.260000000002,17.350001116199095,2019,3
313,Sweden,82116.31,70652.87,2020-05-30,Beauty,"Zieme, Bailey and Herzog",Maxie Marrow,Caro Morfield,Tablet,01-8080546,11463.440000000002,13.96000380435994,2020,5
314,Sweden,106142.65,88151.47,2019-06-04,Games,Baumbach Group,Maxie Marrow,Anita Woakes,PC,29-5632797,17991.179999999993,16.950000777255887,2019,6
315,Portugal,149514.0,122646.33,2020-10-18,Games,"Bashirian, Okuneva and Bechtelar",Celine Tumasian,Smitty Culverhouse,Mobile,20-1191256,26867.67,17.970002809101487,2020,10
316,Sweden,30975.79,27072.84,2020-03-15,Clothing,McGlynn-Bergstrom,Maxie Marrow,Tarrah Castelletti,PC,33-4022317,3902.9500000000007,12.600001485030731,2020,3
317,France,165118.74,137527.4,2019-11-02,Clothing,Smith Group,Othello Bowes,Amelina Piscopiello,PC,59-5892824,27591.339999999997,16.709999119421575,2019,11
318,Germany,76652.73,64311.64,2020-08-04,Accessories,"Farrell, Swaniawski and Crist",Rickard Doogood,Casie MacBain,PC,52-3394023,12341.089999999997,16.100000613154936,2020,8
319,UK,151632.33,120744.82,2020-07-14,Clothing,Armstrong-Little,Jessamine Apark,Winny Agnolo,PC,89-5350599,30887.50999999998,20.370002887906548,2020,7
320,France,35289.75,29424.59,2019-02-26,Smartphones,Armstrong-Little,Othello Bowes,Maighdiln Upcraft,PC,92-6298656,5865.16,16.620010059578206,2019,2
321,France,77043.84,63245.29,2020-02-08,Outdoors,Armstrong-Little,Othello Bowes,Avrit Chanders,PC,91-7317758,13798.549999999996,17.909997736353738,2020,2
322,Portugal,59691.71,49239.69,2019-06-17,Other,Walter LLC,Celine Tumasian,Hortense Gerring,PC,60-6055725,10452.019999999997,17.510002645258442,2019,6
323,Portugal,181882.43,149834.75,2019-07-28,Books,McClure Inc,Celine Tumasian,Corene Shirer,PC,33-2816759,32047.679999999993,17.619997709509377,2019,7
324,Portugal,50796.04,44090.96,2019-09-21,Books,"Farrell, Swaniawski and Crist",Celine Tumasian,Hortense Gerring,PC,05-2359767,6705.080000000002,13.200005354748129,2019,9
325,Netherlands,73981.77,61959.73,2019-11-18,Clothing,"Hamill, Kulas and Roob",Denice Amberg,Nero Harbisher,PC,73-9492768,12022.04,16.25000321025031,2019,11
326,UK,105686.13,86694.33,2019-10-13,Outdoors,Johns and Sons,Jessamine Apark,Genevra Charrisson,PC,31-6770318,18991.800000000003,17.97000230777681,2019,10
327,Sweden,149376.26,123653.67,2020-01-31,Other,"Fisher, Morar and Skiles",Maxie Marrow,Alyosha Meah,PC,52-0695511,25722.59000000001,17.21999867984378,2020,1
328,Netherlands,85237.91,72384.03,2020-03-18,Smartphones,Armstrong-Little,Denice Amberg,Nero Harbisher,PC,45-8314773,12853.880000000005,15.080003721348875,2020,3
329,Luxembourg,104743.22,83281.33,2019-03-24,Electronics,Johns and Sons,Ilsa Kob,Jocelyn Laurentino,Mobile,53-0205940,21461.89,20.49000403080982,2019,3
330,Portugal,290551.74,239530.86,2020-12-14,Other,Hessel-Stiedemann,Celine Tumasian,Brynn Dempster,PC,53-1660551,51020.880000000005,17.559998091906113,2020,12
331,France,72314.73,57309.42,2019-08-27,Appliances,Johns and Sons,Othello Bowes,Ora Grennan,PC,70-5394452,15005.309999999998,20.750004874525562,2019,8
332,Netherlands,119858.15,99997.65,2020-11-19,Electronics,McGlynn-Prosacco,Denice Amberg,Nero Harbisher,PC,10-0386535,19860.5,16.57000379198244,2020,11
333,Portugal,119937.47,98720.53,2019-08-13,Games,"Hartmann, Hane and Pfannerstill",Celine Tumasian,Aurelie Wren,PC,56-8476539,21216.940000000002,17.690001298176462,2019,8
334,France,60592.4,52363.95,2019-02-22,Accessories,"Rowe, Hermiston and Kessler",Othello Bowes,Crysta Halls,PC,04-7976277,8228.450000000004,13.580003432773754,2019,2
335,Ireland,31966.82,26593.2,2020-08-24,Appliances,Johns and Sons,Glenine Suttaby,Palm Wetherald,PC,21-2965409,5373.619999999999,16.80999236082913,2020,8
336,Portugal,83226.45,71699.59,2020-11-22,Beauty,"Swaniawski, Runolfsson and Green",Celine Tumasian,Corene Shirer,PC,04-2788693,11526.86,13.849996004875855,2020,11
337,Germany,51407.3,44292.53,2019-05-02,Clothing,Altenwerth-Konopelski,Rickard Doogood,Casie MacBain,Tablet,20-6477396,7114.770000000004,13.839999377520321,2019,5
338,Germany,61968.26,50690.04,2020-12-27,Electronics,Romaguera-Dietrich,Rickard Doogood,Casie MacBain,PC,22-7259031,11278.220000000001,18.199994642418556,2020,12
339,Ireland,271465.15,217959.37,2019-07-03,Electronics,Corwin and Sons,Glenine Suttaby,Bunnie Tonbridge,Mobile,44-9239029,53505.78000000003,19.70999960768446,2019,7
340,Sweden,86854.64,72219.63,2020-02-04,Books,Tillman and Sons,Maxie Marrow,Tarrah Castelletti,PC,77-4566105,14635.009999999995,16.850003638262727,2020,2
341,Ireland,119819.37,105441.05,2020-12-07,Smartphones,Dibbert Inc,Glenine Suttaby,Palm Wetherald,PC,29-3662564,14378.319999999992,11.999996327805757,2020,12
342,UK,160763.9,131102.96,2019-04-18,Appliances,McGlynn-Prosacco,Jessamine Apark,Genevra Charrisson,PC,73-8057834,29660.940000000002,18.45000027991359,2019,4
343,Sweden,44029.07,38344.92,2019-09-09,Other,McGlynn-Bergstrom,Maxie Marrow,Alyosha Meah,PC,87-9980890,5684.1500000000015,12.909993329407143,2019,9
344,France,86628.32,72464.59,2019-11-06,Appliances,Kihn Inc,Othello Bowes,Crysta Halls,PC,98-8250897,14163.73000000001,16.3499996306058,2019,11
345,Portugal,97641.25,83414.92,2020-10-17,Books,Morissette Group,Celine Tumasian,Brynn Dempster,PC,98-3051699,14226.330000000002,14.569999871980338,2020,10
346,Portugal,98746.66,80399.53,2020-02-10,Appliances,Considine-Fisher,Celine Tumasian,Smitty Culverhouse,PC,75-7291972,18347.130000000005,18.5800005792601,2020,2
347,France,109562.5,89917.94,2020-08-05,Appliances,"Dickinson, Hyatt and Berge",Othello Bowes,Maighdiln Upcraft,PC,67-3672347,19644.559999999998,17.930003422703933,2020,8
348,UK,60301.96,48820.47,2019-02-08,Beauty,Wiza and Sons,Jessamine Apark,Jay Morefield,PC,75-1785229,11481.489999999998,19.039994719906282,2019,2
349,France,80781.62,68971.35,2019-01-19,Smartphones,McGlynn-Prosacco,Othello Bowes,Ora Grennan,Mobile,53-1426071,11810.26999999999,14.619996479397157,2019,1
350,France,238659.41,204507.25,2019-12-23,Appliances,Corwin and Sons,Othello Bowes,Amelina Piscopiello,Tablet,49-7167664,34152.16,14.309999341739763,2019,12
351,UK,165631.75,139114.11,2019-09-03,Appliances,Johns and Sons,Jessamine Apark,Jay Morefield,PC,07-7047482,26517.640000000014,16.009998083097,2019,9
352,Sweden,126682.79,106514.89,2019-06-11,Smartphones,"Murray, Reichel and Nolan",Maxie Marrow,Madelon Bront,PC,57-1931933,20167.899999999994,15.919999867385298,2019,6
353,Sweden,145558.0,116257.18,2019-12-20,Clothing,Konopelski LLC,Maxie Marrow,Tarrah Castelletti,Tablet,15-5167065,29300.820000000007,20.129996290138642,2019,12
354,Spain,59163.79,50419.38,2019-03-11,Smartphones,McClure Inc,Emalia Dinse,Perri Aldersley,Mobile,98-9382686,8744.410000000003,14.780003106629922,2019,3
355,Sweden,140352.81,122303.44,2019-12-01,Smartphones,Hilll-Vandervort,Maxie Marrow,Caro Morfield,PC,47-5733147,18049.369999999995,12.8599990267384,2019,12
356,France,163401.23,139413.93,2019-04-22,Clothing,Wisoky Inc,Othello Bowes,Avrit Chanders,PC,98-2104934,23987.300000000017,14.679999654837369,2019,4
357,Sweden,177867.3,140675.25,2020-10-03,Smartphones,Walter LLC,Maxie Marrow,Anita Woakes,PC,30-6005742,37192.04999999999,20.909998633812958,2020,10
358,Germany,58416.81,46745.13,2019-02-07,Clothing,Morissette Group,Rickard Doogood,Casie MacBain,PC,21-7461655,11671.68,19.980002331520673,2019,2
359,Germany,169544.95,137568.77,2020-04-12,Appliances,"Keeling, Monahan and Pollich",Rickard Doogood,Casie MacBain,Mobile,96-7625873,31976.180000000022,18.860001433248243,2020,4
360,Luxembourg,74732.79,64098.31,2020-02-24,Beauty,McClure Inc,Ilsa Kob,Jocelyn Laurentino,PC,53-2132479,10634.479999999996,14.230005329655157,2020,2
361,Portugal,55166.78,47443.43,2020-04-13,Books,Gislason-Stanton,Celine Tumasian,Hortense Gerring,PC,70-4650708,7723.3499999999985,14.000001450148075,2020,4
362,France,99319.33,79127.71,2020-05-26,Games,Hessel-Stiedemann,Othello Bowes,Amelina Piscopiello,PC,53-3037652,20191.619999999995,20.330000212446052,2020,5
363,Sweden,118982.14,95506.96,2020-01-15,Clothing,Stehr-Bogan,Maxie Marrow,Caro Morfield,Mobile,76-0774122,23475.179999999993,19.730003175266468,2020,1
364,Ireland,157007.52,126940.58,2019-08-31,Beauty,Friesen-Rath,Glenine Suttaby,Bunnie Tonbridge,PC,72-3928347,30066.939999999988,19.149999949047018,2019,8
365,France,49374.25,39208.09,2019-05-21,Books,Stehr LLC,Othello Bowes,Ora Grennan,PC,87-1399932,10166.160000000003,20.59000389879341,2019,5
366,Portugal,123891.6,104118.5,2019-07-23,Games,Hegmann Group,Celine Tumasian,Smitty Culverhouse,PC,25-1045028,19773.100000000006,15.960000516580628,2019,7
367,France,234340.31,204438.49,2020-12-13,Clothing,Hessel-Stiedemann,Othello Bowes,Avrit Chanders,PC,70-0364033,29901.820000000007,12.759998482548736,2020,12
368,Netherlands,95575.75,75504.84,2020-12-23,Books,Hessel-Stiedemann,Denice Amberg,Nero Harbisher,PC,35-9372764,20070.910000000003,21.000002615726274,2020,12
369,Finland,125280.28,99372.32,2019-10-18,Beauty,Romaguera-Dietrich,Hube Corey,Wat Bowkley,PC,36-1142710,25907.959999999992,20.679998480207733,2019,10
370,Portugal,127482.28,108614.9,2020-08-26,Beauty,Hilll-Vandervort,Celine Tumasian,Aurelie Wren,PC,75-6291395,18867.380000000005,14.800002008122231,2020,8
371,Portugal,120453.52,97218.04,2019-02-11,Beauty,"Schowalter, Lesch and Beahan",Celine Tumasian,Brynn Dempster,PC,00-3338378,23235.48000000001,19.289996672575455,2019,2
372,Portugal,120152.33,97527.65,2019-09-29,Outdoors,Romaguera-Dietrich,Celine Tumasian,Smitty Culverhouse,PC,55-1904761,22624.680000000008,18.82999688811695,2019,9
373,Portugal,95410.97,80593.65,2020-09-22,Books,"Murray, Reichel and Nolan",Celine Tumasian,Hortense Gerring,Mobile,70-9736399,14817.320000000007,15.529996183876976,2020,9
374,France,128804.51,105709.86,2019-09-13,Appliances,Connelly-Mohr,Othello Bowes,Amelina Piscopiello,Tablet,20-3125420,23094.649999999994,17.930001053534532,2019,9
375,Italy,26899.97,23198.53,2019-03-19,Games,Hessel-Stiedemann,Piggy Roscrigg,Joshua Prevost,PC,57-2968987,3701.4400000000023,13.76001534574203,2019,3
376,UK,123751.91,102590.33,2019-11-18,Smartphones,Johns and Sons,Jessamine Apark,Jay Morefield,PC,76-2146784,21161.58,17.10000273935166,2019,11
377,Sweden,37081.31,31304.04,2019-03-11,Beauty,McGlynn-Prosacco,Maxie Marrow,Anita Woakes,PC,19-3129154,5777.269999999997,15.580005129268617,2019,3
378,France,133905.55,116886.15,2020-08-01,Books,"Keeling, Monahan and Pollich",Othello Bowes,Avrit Chanders,Mobile,79-0973971,17019.399999999994,12.710003431523187,2020,8
379,France,63298.61,53645.57,2020-04-10,Appliances,"Schowalter, Lesch and Beahan",Othello Bowes,Avrit Chanders,Mobile,65-5376517,9653.04,15.250003120131709,2020,4
380,France,274242.36,227950.25,2020-12-09,Outdoors,Hessel-Stiedemann,Othello Bowes,Amelina Piscopiello,Mobile,80-5258827,46292.109999999986,16.87999986581212,2020,12
381,Luxembourg,312928.72,270401.71,2019-12-12,Beauty,Altenwerth-Konopelski,Ilsa Kob,Jocelyn Laurentino,Tablet,98-5257166,42527.00999999995,13.589999025976251,2019,12
382,France,119156.18,100710.8,2019-08-20,Beauty,Johns and Sons,Othello Bowes,Ora Grennan,PC,19-5610175,18445.37999999999,15.480002799686924,2019,8
383,France,162123.74,133979.06,2020-04-14,Beauty,Johns and Sons,Othello Bowes,Maighdiln Upcraft,PC,94-3509391,28144.679999999993,17.3599992203486,2020,4
384,Ireland,65831.42,52487.39,2019-01-12,Electronics,"Christiansen, Donnelly and Bechtelar",Glenine Suttaby,Palm Wetherald,PC,43-5417299,13344.029999999999,20.270001771190714,2019,1
385,France,180515.09,148852.74,2019-12-26,Books,Franecki-White,Othello Bowes,Amelina Piscopiello,PC,68-6141868,31662.350000000006,17.540001780460575,2019,12
386,UK,99114.91,84217.94,2020-04-04,Clothing,Johns and Sons,Jessamine Apark,Winny Agnolo,PC,29-8979189,14896.970000000001,15.029999018311171,2020,4
387,Portugal,171884.0,146702.99,2019-10-13,Games,Johns and Sons,Celine Tumasian,Smitty Culverhouse,PC,58-9821508,25181.01000000001,14.650002327150874,2019,10
388,Denmark,26745.94,22600.32,2019-11-10,Appliances,Larkin-Collier,Modestia Byfford,Case Desorts,PC,49-1493117,4145.619999999999,15.499997382780336,2019,11
389,Portugal,77087.84,65894.69,2020-05-17,Other,"Rowe, Hermiston and Kessler",Celine Tumasian,Aurelie Wren,PC,51-5334556,11193.149999999994,14.519994333736678,2020,5
390,France,87404.0,69363.81,2019-12-26,Electronics,Johns and Sons,Othello Bowes,Maighdiln Upcraft,PC,79-3154360,18040.190000000002,20.640005034094553,2019,12
391,France,47680.2,40575.85,2019-07-08,Clothing,Dibbert Inc,Othello Bowes,Crysta Halls,PC,11-6024248,7104.3499999999985,14.900000419461326,2019,7
392,Finland,27824.83,23517.55,2019-09-06,Games,McClure Inc,Hube Corey,Wat Bowkley,PC,61-4610981,4307.2800000000025,15.479986760026934,2019,9
393,Portugal,106516.4,86928.03,2019-03-21,Clothing,"Hartmann, Hane and Pfannerstill",Celine Tumasian,Smitty Culverhouse,PC,12-4509008,19588.369999999995,18.390003792843164,2019,3
394,France,141948.11,112948.11,2020-04-25,Books,Stehr LLC,Othello Bowes,Maighdiln Upcraft,PC,46-5576111,28999.999999999985,20.43000079395209,2020,4
395,Ireland,226021.18,180455.31,2019-07-18,Accessories,"Schowalter, Lesch and Beahan",Glenine Suttaby,Palm Wetherald,PC,44-6718687,45565.869999999995,20.160000049552877,2019,7
396,Italy,44232.84,38880.67,2020-02-20,Books,Johns and Sons,Piggy Roscrigg,Joshua Prevost,Tablet,67-7432229,5352.169999999998,12.099991770820049,2020,2
397,Ireland,135344.52,117492.58,2019-01-17,Games,Tillman and Sons,Glenine Suttaby,Palm Wetherald,PC,17-4401585,17851.939999999988,13.189998383384854,2019,1
398,France,271411.92,231514.37,2019-12-09,Clothing,Hessel-Stiedemann,Othello Bowes,Amelina Piscopiello,Tablet,56-9241023,39897.54999999999,14.699999174686207,2019,12
399,Portugal,125253.59,108269.2,2020-02-17,Smartphones,"Murray, Reichel and Nolan",Celine Tumasian,Corene Shirer,PC,90-2194359,16984.39,13.560002551623471,2020,2
400,Sweden,15100.57,12113.68,2019-02-20,Games,"Murray, Reichel and Nolan",Maxie Marrow,Tarrah Castelletti,PC,89-2424262,2986.8899999999994,19.779981815255976,2019,2
401,France,157932.84,134148.15,2020-01-31,Games,"Schowalter, Lesch and Beahan",Othello Bowes,Amelina Piscopiello,PC,30-2982340,23784.690000000002,15.060002720143576,2020,1
402,Portugal,64192.86,52837.14,2020-04-12,Appliances,Johns and Sons,Celine Tumasian,Brynn Dempster,PC,10-4704941,11355.720000000001,17.690004776232122,2020,4
403,Sweden,156453.01,128494.86,2020-10-04,Clothing,Johns and Sons,Maxie Marrow,Madelon Bront,PC,48-3484986,27958.15000000001,17.869998154717514,2020,10
404,Finland,53616.06,45589.74,2020-01-03,Appliances,Kihn Inc,Hube Corey,Wat Bowkley,PC,84-4478396,8026.32,14.969992200098254,2020,1
405,Finland,163967.89,138208.53,2019-05-30,Appliances,Friesen-Rath,Hube Corey,Wat Bowkley,Tablet,28-0849652,25759.360000000015,15.710002732852155,2019,5
406,Sweden,171748.56,136574.45,2020-11-20,Games,Walter LLC,Maxie Marrow,Madelon Bront,PC,74-0214938,35174.109999999986,20.48000285999486,2020,11
407,France,26103.94,22339.75,2020-08-31,Appliances,"Fisher, Morar and Skiles",Othello Bowes,Ora Grennan,Tablet,89-0187996,3764.1899999999987,14.420007094714432,2020,8
408,Portugal,140337.34,115708.14,2020-09-04,Appliances,Hegmann Group,Celine Tumasian,Corene Shirer,PC,65-8218141,24629.199999999997,17.549997741157128,2020,9
409,Sweden,33617.03,26614.6,2020-04-07,Appliances,Altenwerth-Konopelski,Maxie Marrow,Madelon Bront,PC,49-8489293,7002.43,20.83000788588403,2020,4
410,Portugal,187874.45,160031.46,2019-06-26,Accessories,Johns and Sons,Celine Tumasian,Hortense Gerring,PC,91-8142232,27842.99000000002,14.819998142376475,2019,6
411,Finland,41675.01,33765.09,2019-06-25,Beauty,"Hamill, Kulas and Roob",Hube Corey,Wat Bowkley,PC,75-5380350,7909.9200000000055,18.980007443309564,2019,6
412,Portugal,34930.08,28017.42,2019-11-01,Appliances,Kihn Inc,Celine Tumasian,Smitty Culverhouse,PC,35-4551515,6912.6600000000035,19.78999189237472,2019,11
413,Finland,127994.87,105800.56,2020-09-01,Books,Hegmann Group,Hube Corey,Mellicent Mattys,PC,73-2763209,22194.309999999998,17.339999642173158,2020,9
414,Portugal,162637.68,130402.89,2019-09-27,Clothing,Larkin-Collier,Celine Tumasian,Corene Shirer,PC,56-0800364,32234.789999999994,19.82000112151132,2019,9
415,Portugal,40728.28,35669.83,2019-09-22,Beauty,Romaguera-Haley,Celine Tumasian,Hortense Gerring,Mobile,42-7027181,5058.449999999997,12.419994166215703,2019,9
416,Finland,293767.28,254079.32,2020-06-05,Games,West-Cummings,Hube Corey,Wat Bowkley,PC,29-0601002,39687.96000000002,13.510000160671407,2020,6
417,Sweden,57913.36,48693.55,2019-09-11,Games,"Murray, Reichel and Nolan",Maxie Marrow,Alyosha Meah,PC,90-2797129,9219.809999999998,15.920005332102985,2019,9
418,UK,63979.04,56032.84,2019-10-22,Games,Schoen-Keeling,Jessamine Apark,Genevra Charrisson,PC,27-3437546,7946.200000000004,12.420005051654423,2019,10
419,France,102255.86,83379.43,2020-11-12,Smartphones,Rath-Schroeder,Othello Bowes,Avrit Chanders,PC,78-3726363,18876.430000000008,18.45999828273901,2020,11
420,Finland,107271.94,86665.0,2020-08-23,Games,Johns and Sons,Hube Corey,Wat Bowkley,PC,78-8990131,20606.940000000002,19.210000303900536,2020,8
421,Austria,51090.76,40739.77,2020-03-12,Electronics,Smith Group,Orsa Geekin,Bank Coumbe,PC,85-2223377,10350.990000000005,20.260003961577404,2020,3
422,Sweden,102299.92,81706.95,2019-08-22,Beauty,"Rowe, Hermiston and Kessler",Maxie Marrow,Alyosha Meah,PC,73-9246627,20592.97,20.129996191590376,2019,8
423,France,144204.86,115262.94,2020-11-08,Books,McClure Inc,Othello Bowes,Amelina Piscopiello,PC,56-7910696,28941.919999999984,20.070003188519433,2020,11
424,France,36183.97,30579.07,2020-08-09,Books,"Bashirian, Okuneva and Bechtelar",Othello Bowes,Avrit Chanders,Mobile,91-4296427,5604.9000000000015,15.49000842085598,2020,8
425,UK,47771.76,39234.95,2019-05-29,Beauty,Dibbert Inc,Jessamine Apark,Genevra Charrisson,PC,70-8181545,8536.810000000005,17.869992648376375,2019,5
426,Spain,44038.31,36252.34,2020-01-24,Electronics,Corwin and Sons,Emalia Dinse,Manuel Goudie,PC,94-0775004,7785.970000000001,17.67999271543345,2020,1
427,Sweden,116469.33,95190.38,2020-01-31,Outdoors,"Hermiston, Simonis and Wisoky",Maxie Marrow,Caro Morfield,PC,89-3466746,21278.949999999997,18.27000292695081,2020,1
428,UK,227856.66,199010.01,2020-07-20,Electronics,"Keeling, Monahan and Pollich",Jessamine Apark,Jay Morefield,PC,11-5257937,28846.649999999994,12.659998614918692,2020,7
429,Sweden,67161.99,55764.6,2019-09-20,Electronics,"Lubowitz, McLaughlin and Erdman",Maxie Marrow,Tarrah Castelletti,PC,22-7587128,11397.390000000007,16.970000442214424,2019,9
430,Ireland,168178.03,142665.42,2020-04-29,Clothing,Walter LLC,Glenine Suttaby,Bunnie Tonbridge,PC,36-7597839,25512.609999999986,15.170001694038149,2020,4
431,Sweden,42611.78,35755.54,2020-03-12,Clothing,Walter LLC,Maxie Marrow,Tarrah Castelletti,Mobile,16-2824654,6856.239999999998,16.09001079044339,2020,3
432,Sweden,166507.76,143896.01,2020-08-27,Accessories,Labadie and Sons,Maxie Marrow,Madelon Bront,PC,49-1743669,22611.75,13.579997713019502,2020,8
433,Spain,131409.9,115325.33,2020-11-15,Electronics,McClure Inc,Emalia Dinse,Bertha Walbrook,PC,48-7252604,16084.569999999992,12.239998660679289,2020,11
434,Portugal,133072.0,108600.06,2020-10-28,Outdoors,O'Connell-Mitchell,Celine Tumasian,Corene Shirer,PC,07-1769568,24471.940000000002,18.38999939882169,2020,10
435,Finland,180250.02,147354.39,2019-06-03,Electronics,"Hartmann, Hane and Pfannerstill",Hube Corey,Mellicent Mattys,PC,57-5645459,32895.629999999976,18.250000748959682,2019,6
436,Portugal,48090.78,42040.96,2020-03-19,Books,Kihn Inc,Celine Tumasian,Corene Shirer,PC,13-0740797,6049.82,12.579999742154316,2020,3
437,Sweden,168530.22,136981.36,2020-05-16,Appliances,West-Cummings,Maxie Marrow,Tarrah Castelletti,PC,34-9966345,31548.860000000015,18.720001670916954,2020,5
438,Sweden,36785.28,30546.5,2019-08-31,Appliances,Johns and Sons,Maxie Marrow,Anita Woakes,PC,91-6738094,6238.779999999999,16.959990517946306,2019,8
439,Ireland,126409.18,104692.08,2020-10-04,Smartphones,Dibbert Inc,Glenine Suttaby,Bunnie Tonbridge,PC,32-9007470,21717.09999999999,17.180002275151214,2020,10
440,Portugal,49990.72,42927.03,2020-01-04,Electronics,"Rowe, Hermiston and Kessler",Celine Tumasian,Smitty Culverhouse,PC,68-6382353,7063.690000000002,14.130002528469287,2020,1
441,Sweden,36644.05,30491.51,2020-11-20,Clothing,Larkin-Collier,Maxie Marrow,Caro Morfield,PC,88-5406813,6152.5400000000045,16.790010929468778,2020,11
442,Sweden,115226.8,94336.18,2019-05-15,Beauty,Wisoky Inc,Maxie Marrow,Tarrah Castelletti,PC,42-2765593,20890.62000000001,18.130001006710252,2019,5
443,Finland,154078.75,131336.73,2020-09-05,Books,"Lueilwitz, Kerluke and Lesch",Hube Corey,Wat Bowkley,PC,76-0724533,22742.01999999999,14.759997728434316,2020,9
444,Bulgaria,80328.16,65836.96,2020-09-23,Games,"Hermiston, Simonis and Wisoky",Charil Alpe,Bernadine Fullagar,PC,45-3965395,14491.199999999997,18.039999920326817,2020,9
445,Portugal,99832.12,84128.53,2019-05-15,Appliances,Romaguera-Haley,Celine Tumasian,Aurelie Wren,PC,46-6126203,15703.589999999997,15.729997519836298,2019,5
446,Finland,133057.07,113351.32,2020-05-03,Other,Romaguera-Dietrich,Hube Corey,Wat Bowkley,PC,27-7554919,19705.75,14.80999844653125,2020,5
447,Ireland,80719.44,64422.19,2019-02-09,Appliances,Johns and Sons,Glenine Suttaby,Bunnie Tonbridge,PC,59-1230573,16297.25,20.189993884992262,2019,2
448,France,124534.96,107012.89,2020-07-18,Books,"Dickinson, Hyatt and Berge",Othello Bowes,Maighdiln Upcraft,PC,45-2229786,17522.070000000007,14.070000905769758,2020,7
449,Sweden,67611.54,56191.95,2019-10-30,Clothing,Kihn Inc,Maxie Marrow,Caro Morfield,PC,62-7218897,11419.589999999997,16.890001322259483,2019,10
450,France,132760.25,105039.91,2020-01-07,Beauty,"Swaniawski, Runolfsson and Green",Othello Bowes,Crysta Halls,PC,55-4161787,27720.339999999997,20.879999849352497,2020,1
451,France,177802.7,155079.51,2019-07-18,Other,Larkin-Collier,Othello Bowes,Amelina Piscopiello,PC,56-2537757,22723.190000000002,12.780002778360508,2019,7
452,Bulgaria,98963.03,80367.88,2020-10-12,Accessories,Wyman Group,Charil Alpe,Bernadine Fullagar,PC,20-0021649,18595.149999999994,18.789996628033716,2020,10
453,Bulgaria,126582.5,103683.73,2020-02-17,Beauty,"Rowe, Hermiston and Kessler",Charil Alpe,Bernadine Fullagar,PC,93-2627296,22898.770000000004,18.08999664250588,2020,2
454,Portugal,141965.11,119193.91,2019-09-18,Beauty,Friesen and Sons,Celine Tumasian,Hortense Gerring,PC,56-2408571,22771.199999999983,16.039997433172125,2019,9
455,Ireland,167301.52,147074.77,2019-05-06,Outdoors,"Christiansen, Donnelly and Bechtelar",Glenine Suttaby,Bunnie Tonbridge,PC,80-3206606,20226.75,12.089997747778982,2019,5
456,France,133985.91,116741.92,2019-01-15,Clothing,Kihn Inc,Othello Bowes,Amelina Piscopiello,PC,48-3190394,17243.990000000005,12.87000252489236,2019,1
457,France,91540.03,74916.36,2019-09-09,Clothing,Kihn Inc,Othello Bowes,Ora Grennan,PC,38-6130023,16623.67,18.160000603014876,2019,9
458,UK,146055.05,117822.61,2019-10-07,Clothing,"Hartmann, Hane and Pfannerstill",Jessamine Apark,Winny Agnolo,Tablet,38-2969743,28232.439999999988,19.329999202355545,2019,10
459,Sweden,113586.11,91641.27,2019-02-19,Outdoors,Labadie and Sons,Maxie Marrow,Tarrah Castelletti,Mobile,48-8166416,21944.839999999997,19.320003123621362,2019,2
460,Ireland,135662.46,116764.68,2020-05-02,Beauty,Corwin and Sons,Glenine Suttaby,Palm Wetherald,PC,33-4102367,18897.78,13.929999500230203,2020,5
461,Portugal,113781.45,91104.81,2019-10-08,Books,"Bashirian, Okuneva and Bechtelar",Celine Tumasian,Aurelie Wren,PC,44-5240815,22676.64,19.929997376549515,2019,10
462,France,111462.88,94130.4,2020-09-03,Outdoors,Romaguera-Dietrich,Othello Bowes,Avrit Chanders,Tablet,70-9378988,17332.48000000001,15.550001937864883,2020,9
463,UK,34748.75,27475.84,2020-09-27,Smartphones,Wiza and Sons,Jessamine Apark,Genevra Charrisson,Tablet,84-9385946,7272.91,20.92999028742041,2020,9
464,UK,137306.45,108732.98,2020-09-04,Books,Gislason-Stanton,Jessamine Apark,Winny Agnolo,PC,00-1210718,28573.470000000016,20.80999836497121,2020,9
465,Portugal,148212.23,123030.97,2019-09-10,Clothing,Corwin and Sons,Celine Tumasian,Brynn Dempster,PC,92-7917751,25181.26000000001,16.990001432405414,2019,9
466,Portugal,159057.92,139923.25,2020-10-24,Smartphones,Johns and Sons,Celine Tumasian,Brynn Dempster,PC,91-3344544,19134.670000000013,12.030001398232802,2020,10
467,Sweden,146226.36,117916.94,2020-10-18,Smartphones,"Farrell, Swaniawski and Crist",Maxie Marrow,Alyosha Meah,PC,28-1840061,28309.419999999984,19.35999774596043,2020,10
468,Portugal,201537.12,166127.05,2020-06-10,Outdoors,Connelly-Mohr,Celine Tumasian,Brynn Dempster,PC,20-7532198,35410.07000000001,17.56999901556597,2020,6
469,Portugal,242192.19,213104.91,2019-07-02,Accessories,"Schowalter, Lesch and Beahan",Celine Tumasian,Smitty Culverhouse,PC,96-7618409,29087.28,12.00999916636453,2019,7
470,Luxembourg,172397.66,139986.9,2019-01-27,Clothing,Johns and Sons,Ilsa Kob,Jocelyn Laurentino,PC,47-8186791,32410.76000000001,18.799999953595663,2019,1
471,Belgium,152370.57,128478.86,2019-11-20,Games,"Swaniawski, Runolfsson and Green",Lambert Norheny,Collin Mackness,PC,61-8262308,23891.710000000006,15.680003034706772,2019,11
472,Portugal,137419.3,117658.4,2020-05-15,Games,Hane Inc,Celine Tumasian,Smitty Culverhouse,Mobile,39-1945268,19760.899999999994,14.38000339108116,2020,5
473,France,67594.1,54920.21,2019-09-26,Other,"Rowe, Hermiston and Kessler",Othello Bowes,Amelina Piscopiello,PC,70-1769929,12673.890000000007,18.749994452178527,2019,9
474,Luxembourg,72002.26,56996.99,2019-01-17,Appliances,McGlynn-Prosacco,Ilsa Kob,Jocelyn Laurentino,PC,65-0414599,15005.269999999997,20.83999863337623,2019,1
475,France,159926.16,126453.61,2020-09-12,Beauty,McGlynn-Prosacco,Othello Bowes,Ora Grennan,Mobile,44-0517932,33472.55,20.930002946359746,2020,9
476,France,65193.88,53113.45,2019-10-04,Beauty,Friesen and Sons,Othello Bowes,Maighdiln Upcraft,PC,74-1131921,12080.43,18.530006190765146,2019,10
477,Portugal,105374.44,89779.02,2020-02-18,Electronics,Stehr LLC,Celine Tumasian,Brynn Dempster,PC,74-8625042,15595.419999999998,14.80000273311061,2020,2
478,UK,83097.4,68148.18,2019-03-22,Clothing,Corwin and Sons,Jessamine Apark,Jay Morefield,Tablet,36-0185776,14949.220000000001,17.98999728029999,2019,3
479,Sweden,139682.07,113212.32,2020-01-18,Games,Tromp LLC,Maxie Marrow,Anita Woakes,PC,98-4157323,26469.75,18.949998378460457,2020,1
480,France,81095.39,64316.75,2020-09-08,Games,"Murray, Reichel and Nolan",Othello Bowes,Avrit Chanders,PC,36-8783637,16778.64,20.690004696937766,2020,9
481,Bulgaria,91108.56,74089.48,2020-06-24,Appliances,Stehr LLC,Charil Alpe,Shermy McGready,PC,34-0286364,17019.08,18.680001088810975,2020,6
482,Luxembourg,47182.43,40576.89,2020-02-21,Smartphones,Kirlin and Sons,Ilsa Kob,Jocelyn Laurentino,PC,82-0533747,6605.540000000001,13.999999576113398,2020,2
483,Finland,161984.91,138237.92,2020-06-08,Appliances,Romaguera-Dietrich,Hube Corey,Mellicent Mattys,PC,59-9184649,23746.98999999999,14.660001354447147,2020,6
484,Sweden,116548.17,92119.67,2020-05-05,Clothing,Johns and Sons,Maxie Marrow,Anita Woakes,PC,03-3136289,24428.5,20.96000306139513,2020,5
485,Portugal,138764.6,111414.1,2020-05-10,Appliances,Johns and Sons,Celine Tumasian,Brynn Dempster,PC,79-6676714,27350.5,19.70999808308459,2020,5
486,France,148405.47,128845.63,2019-10-27,Electronics,Johns and Sons,Othello Bowes,Amelina Piscopiello,PC,82-1082124,19559.839999999997,13.179999362557188,2019,10
487,Netherlands,138249.77,120277.3,2019-08-09,Games,Hessel-Stiedemann,Denice Amberg,Nero Harbisher,PC,79-1331359,17972.469999999987,12.999999927667142,2019,8
488,Portugal,115718.87,100640.7,2019-04-24,Electronics,Hilll-Vandervort,Celine Tumasian,Aurelie Wren,PC,84-7042200,15078.169999999998,13.030001070698322,2019,4
489,Portugal,194326.7,169005.93,2019-07-07,Books,Johns and Sons,Celine Tumasian,Hortense Gerring,Mobile,42-5303223,25320.77000000002,13.030000509451362,2019,7
490,France,38648.72,32368.3,2020-12-04,Beauty,"Leffler, Prohaska and Streich",Othello Bowes,Crysta Halls,Tablet,04-6732680,6280.420000000002,16.250007762223436,2020,12
491,Sweden,58010.14,46089.06,2019-09-11,Appliances,"Bashirian, Okuneva and Bechtelar",Maxie Marrow,Tarrah Castelletti,PC,84-9167618,11921.080000000002,20.549993501136186,2019,9
492,France,82697.53,69548.62,2020-08-12,Games,Kihn Inc,Othello Bowes,Avrit Chanders,PC,47-5319780,13148.910000000003,15.90000330118687,2020,8
493,Sweden,68086.96,58759.05,2019-11-26,Electronics,Stamm-Zulauf,Maxie Marrow,Tarrah Castelletti,PC,20-1013432,9327.910000000003,13.699994830140753,2019,11
494,Bulgaria,111106.06,93195.76,2020-11-11,Games,"Hermiston, Simonis and Wisoky",Charil Alpe,Bernadine Fullagar,PC,87-5540520,17910.300000000003,16.12000281532799,2020,11
495,Portugal,227830.33,182173.13,2020-06-10,Books,O'Connell-Mitchell,Celine Tumasian,Aurelie Wren,PC,59-3526945,45657.19999999998,20.04000081990839,2020,6
496,France,87355.7,74584.3,2019-02-03,Smartphones,Smith Group,Othello Bowes,Crysta Halls,PC,33-4706706,12771.399999999994,14.619996176551725,2019,2
497,France,164267.72,139069.05,2020-10-08,Appliances,Hilll-Vandervort,Othello Bowes,Crysta Halls,PC,51-9052860,25198.670000000013,15.34000106655161,2020,10
498,UK,92179.76,74794.66,2020-07-25,Beauty,"Dickinson, Hyatt and Berge",Jessamine Apark,Jay Morefield,Tablet,99-9021526,17385.09999999999,18.859997031886383,2020,7
499,Sweden,124093.76,105231.51,2019-10-15,Electronics,Armstrong-Little,Maxie Marrow,Anita Woakes,PC,87-0122224,18862.25,15.199998775119717,2019,10
500,UK,66391.58,52635.24,2019-12-04,Clothing,Friesen and Sons,Jessamine Apark,Winny Agnolo,Mobile,88-1711226,13756.340000000004,20.720006964738605,2019,12
501,France,197471.1,162577.96,2019-06-28,Appliances,Johns and Sons,Othello Bowes,Crysta Halls,PC,59-5711012,34893.140000000014,17.66999829342117,2019,6
502,UK,122627.2,100284.52,2019-05-12,Clothing,Wiza and Sons,Jessamine Apark,Winny Agnolo,PC,65-0792739,22342.679999999993,18.22000339239581,2019,5
503,UK,159052.7,127926.09,2019-06-01,Games,Stamm Inc,Jessamine Apark,Genevra Charrisson,PC,75-7245546,31126.610000000015,19.56999786863097,2019,6
504,Portugal,85515.6,67959.25,2019-10-13,Games,Larkin-Collier,Celine Tumasian,Brynn Dempster,PC,05-0243828,17556.350000000006,20.529996866068885,2019,10
505,Portugal,42847.46,34757.86,2020-10-22,Accessories,Morissette Group,Celine Tumasian,Aurelie Wren,PC,14-9919657,8089.5999999999985,18.879998954430434,2020,10
506,France,125499.82,100977.16,2019-04-08,Beauty,"Spencer, Rogahn and Muller",Othello Bowes,Ora Grennan,PC,47-9191500,24522.660000000003,19.539996152982532,2019,4
507,Finland,222379.49,192869.73,2019-07-10,Beauty,Labadie and Sons,Hube Corey,Mellicent Mattys,Mobile,51-3543971,29509.75999999998,13.270000754116298,2019,7
508,Portugal,85390.17,74400.46,2019-01-25,Electronics,Stamm-Zulauf,Celine Tumasian,Brynn Dempster,PC,14-4225824,10989.709999999992,12.869994286227552,2019,1
509,Portugal,97514.7,80790.93,2020-02-12,Appliances,Tillman and Sons,Celine Tumasian,Hortense Gerring,PC,88-1349718,16723.770000000004,17.14999892323927,2020,2
510,UK,87321.89,69254.99,2019-01-17,Electronics,Tillman and Sons,Jessamine Apark,Winny Agnolo,Mobile,62-5120016,18066.899999999994,20.6900010982355,2019,1
511,Sweden,205059.8,173029.46,2020-06-23,Electronics,Stehr-Bogan,Maxie Marrow,Caro Morfield,PC,19-4538571,32030.339999999997,15.619999629376405,2020,6
512,Portugal,105833.52,85312.4,2019-03-20,Smartphones,McGlynn-Prosacco,Celine Tumasian,Corene Shirer,PC,01-1212783,20521.12000000001,19.390000445983475,2019,3
513,France,40043.11,35109.8,2020-09-07,Appliances,Romaguera-Haley,Othello Bowes,Ora Grennan,PC,58-8728288,4933.309999999998,12.319997123100572,2020,9
514,Portugal,57859.08,47756.88,2019-12-08,Books,Hessel-Stiedemann,Celine Tumasian,Aurelie Wren,Mobile,95-2190016,10102.200000000004,17.460008005657894,2019,12
515,France,132235.46,114132.43,2020-06-01,Books,"Zieme, Bailey and Herzog",Othello Bowes,Ora Grennan,PC,95-4388709,18103.03,13.689996616641256,2020,6
516,UK,33724.53,26770.53,2020-01-30,Beauty,Gorczany-Lehner,Jessamine Apark,Winny Agnolo,Mobile,57-8678621,6954.0,20.620005675394143,2020,1
517,Ireland,36070.76,29339.96,2019-05-17,Other,Friesen-Rath,Glenine Suttaby,Bunnie Tonbridge,Mobile,22-4278602,6730.800000000003,18.659989420794023,2019,5
518,Sweden,39457.34,32793.0,2020-10-20,Beauty,Morissette Group,Maxie Marrow,Anita Woakes,PC,98-3280428,6664.3399999999965,16.88998802250734,2020,10
519,Italy,38536.92,32001.06,2020-05-28,Books,"Spencer, Rogahn and Muller",Piggy Roscrigg,Joshua Prevost,Mobile,61-4366487,6535.859999999997,16.959995765100057,2020,5
520,France,173829.96,149824.04,2019-09-23,Beauty,Dibbert Inc,Othello Bowes,Amelina Piscopiello,PC,55-2128150,24005.919999999984,13.810001451993653,2019,9
521,Portugal,37521.39,29701.93,2020-01-18,Beauty,Friesen-Rath,Celine Tumasian,Hortense Gerring,PC,60-0610487,7819.459999999999,20.840006193800388,2020,1
522,Portugal,119409.43,102656.29,2019-06-25,Electronics,"Spencer, Rogahn and Muller",Celine Tumasian,Hortense Gerring,PC,02-9253490,16753.14,14.029997463349419,2019,6
523,Denmark,248261.86,206727.65,2019-12-22,Smartphones,Gleichner-Green,Modestia Byfford,Case Desorts,PC,65-2343846,41534.20999999999,16.730000331102005,2019,12
524,UK,96669.92,76475.57,2020-12-27,Appliances,Johns and Sons,Jessamine Apark,Winny Agnolo,Mobile,20-0499139,20194.34999999999,20.89000383987076,2020,12
525,France,264149.91,208757.67,2020-12-20,Smartphones,"Schmitt, Purdy and Johnson",Othello Bowes,Avrit Chanders,PC,32-3994860,55392.23999999996,20.970001466212867,2020,12
526,Portugal,216863.04,175355.45,2019-07-24,Beauty,"Dickinson, Hyatt and Berge",Celine Tumasian,Corene Shirer,Tablet,72-7973717,41507.59,19.140001910883477,2019,7
527,France,140943.88,120633.87,2020-05-28,Appliances,Armstrong-Little,Othello Bowes,Avrit Chanders,Tablet,77-0650807,20310.01000000001,14.409997794867014,2020,5
528,Luxembourg,82525.61,68446.74,2019-03-01,Clothing,Johns and Sons,Ilsa Kob,Jocelyn Laurentino,PC,34-5150360,14078.869999999995,17.060001131769877,2019,3
529,Portugal,19622.59,17148.18,2020-03-06,Clothing,"Fisher, Morar and Skiles",Celine Tumasian,Aurelie Wren,PC,73-4726386,2474.41,12.610007139730278,2020,3
530,Sweden,263713.12,216165.64,2020-06-30,Electronics,"Schmitt, Purdy and Johnson",Maxie Marrow,Tarrah Castelletti,PC,78-6165949,47547.47999999998,18.030001692748538,2020,6
531,Portugal,284298.56,229656.38,2020-07-03,Clothing,Stehr LLC,Celine Tumasian,Corene Shirer,PC,74-0191565,54642.17999999999,19.219998863166946,2020,7
532,Sweden,98320.37,77722.25,2020-08-23,Games,Konopelski LLC,Maxie Marrow,Tarrah Castelletti,Tablet,02-3364199,20598.119999999995,20.950002527451836,2020,8
533,UK,128112.26,104975.19,2020-12-09,Books,Hessel-Stiedemann,Jessamine Apark,Jay Morefield,PC,39-8642490,23137.069999999992,18.059996755970108,2020,12
534,France,110878.97,90588.12,2020-02-06,Appliances,Konopelski LLC,Othello Bowes,Amelina Piscopiello,PC,50-8357453,20290.850000000006,18.299998638154744,2020,2
535,Sweden,66225.71,52437.52,2020-09-05,Books,Larkin-Collier,Maxie Marrow,Alyosha Meah,PC,68-6900528,13788.19000000001,20.819995738815045,2020,9
536,UK,73727.91,64047.44,2020-10-11,Books,Romaguera-Haley,Jessamine Apark,Winny Agnolo,PC,92-5154775,9680.470000000001,13.129993783900835,2020,10
537,Denmark,22164.96,17938.1,2019-03-14,Books,Wyman Group,Modestia Byfford,Case Desorts,PC,60-7777080,4226.860000000001,19.070009600739187,2019,3
538,France,151855.04,129486.79,2019-01-16,Electronics,Considine-Fisher,Othello Bowes,Amelina Piscopiello,PC,54-1473475,22368.250000000015,14.730001717427365,2019,1
539,Finland,106115.85,93063.6,2020-02-15,Electronics,Johns and Sons,Hube Corey,Mellicent Mattys,Tablet,51-4531731,13052.25,12.30000042406483,2020,2
540,France,89369.0,72889.36,2020-01-02,Smartphones,"Swaniawski, Runolfsson and Green",Othello Bowes,Ora Grennan,PC,20-6735303,16479.64,18.439995971757543,2020,1
541,Sweden,106076.67,84765.87,2019-10-10,Electronics,Romaguera-Haley,Maxie Marrow,Madelon Bront,Mobile,97-5858605,21310.800000000003,20.08999716902878,2019,10
542,Netherlands,23290.84,19147.4,2019-02-25,Electronics,Konopelski LLC,Denice Amberg,Nero Harbisher,PC,02-2183787,4143.439999999999,17.78999812801942,2019,2
543,France,83340.04,73264.23,2020-05-18,Clothing,Johns and Sons,Othello Bowes,Amelina Piscopiello,PC,65-5818172,10075.809999999998,12.08999899688073,2020,5
544,Denmark,39287.29,31708.77,2019-03-15,Games,Tillman and Sons,Modestia Byfford,Cobby Andersen,PC,03-8586261,7578.52,19.290004477274966,2019,3
545,Bulgaria,124611.61,107776.58,2020-09-19,Electronics,Wiza and Sons,Charil Alpe,Shermy McGready,PC,86-0928074,16835.03,13.510001194912736,2020,9
546,France,147055.1,126114.45,2019-04-15,Games,Friesen-Rath,Othello Bowes,Crysta Halls,PC,77-1100434,20940.65000000001,14.240002556864745,2019,4
547,Ireland,130242.41,113050.41,2020-12-30,Smartphones,Johns and Sons,Glenine Suttaby,Palm Wetherald,PC,70-7426559,17192.0,13.200001443462234,2020,12
548,France,34771.79,28509.39,2020-03-19,Smartphones,"Rowe, Hermiston and Kessler",Othello Bowes,Maighdiln Upcraft,PC,45-5963143,6262.4000000000015,18.010001785930495,2020,3
549,Portugal,201573.23,166116.5,2019-12-05,Games,Schuster Inc,Celine Tumasian,Corene Shirer,Mobile,94-3590580,35456.73000000001,17.58999942601506,2019,12
550,Sweden,71119.23,59220.98,2019-03-09,Books,Johns and Sons,Maxie Marrow,Alyosha Meah,PC,52-5981325,11898.249999999993,16.73000396657837,2019,3
551,Portugal,115538.34,99686.48,2020-01-28,Games,Larkin-Collier,Celine Tumasian,Smitty Culverhouse,PC,74-7472724,15851.86,13.719999785352638,2020,1
552,Portugal,144237.38,116111.09,2020-11-05,Books,Johns and Sons,Celine Tumasian,Hortense Gerring,PC,03-3965480,28126.290000000008,19.500000623971406,2020,11
553,UK,91561.49,78266.76,2019-03-25,Books,Armstrong-Little,Jessamine Apark,Winny Agnolo,PC,64-4188827,13294.73000000001,14.520001804251995,2019,3
554,Sweden,233858.47,185543.31,2020-06-02,Beauty,Romaguera-Dietrich,Maxie Marrow,Alyosha Meah,PC,66-5572109,48315.16,20.660000041905686,2020,6
555,UK,256388.08,212058.58,2019-12-05,Appliances,Tromp LLC,Jessamine Apark,Jay Morefield,Mobile,44-2994974,44329.5,17.290000377552655,2019,12
556,UK,125099.05,108473.39,2020-03-05,Books,Dibbert Inc,Jessamine Apark,Genevra Charrisson,PC,30-7981953,16625.660000000003,13.289997006372154,2020,3
557,UK,121246.32,104005.09,2020-05-30,Books,Altenwerth-Konopelski,Jessamine Apark,Winny Agnolo,PC,82-9740062,17241.23000000001,14.220002718433028,2020,5
558,Finland,28538.19,24970.92,2019-05-27,Games,Hilll-Vandervort,Hube Corey,Wat Bowkley,PC,28-7069317,3567.2700000000004,12.49998685971325,2019,5
559,France,89930.18,78005.44,2020-03-26,Other,Hessel-Stiedemann,Othello Bowes,Maighdiln Upcraft,PC,65-0441590,11924.73999999999,13.259997922833014,2020,3
560,Sweden,170457.8,142809.54,2020-08-14,Accessories,"Shanahan, Schaden and Parker",Maxie Marrow,Anita Woakes,PC,60-1991659,27648.25999999998,16.22000283941244,2020,8
561,UK,166380.74,146049.01,2020-06-23,Smartphones,Labadie and Sons,Jessamine Apark,Genevra Charrisson,PC,15-2948501,20331.72999999998,12.220002146883097,2020,6
562,France,116328.75,93365.45,2019-09-27,Appliances,"Schowalter, Lesch and Beahan",Othello Bowes,Crysta Halls,PC,02-6830973,22963.300000000003,19.74000408325543,2019,9
563,Germany,230765.62,195435.4,2019-07-18,Beauty,Johns and Sons,Rickard Doogood,Casie MacBain,PC,70-0112393,35330.22,15.310001550490929,2019,7
564,Portugal,152442.32,122258.74,2020-10-06,Electronics,Johns and Sons,Celine Tumasian,Aurelie Wren,PC,04-6161825,30183.58,19.800000419830923,2020,10
565,Sweden,325331.99,264592.51,2019-12-23,Games,Altenwerth-Konopelski,Maxie Marrow,Caro Morfield,Mobile,57-4142025,60739.47999999998,18.669999221410713,2019,12
566,UK,56768.43,47384.61,2019-04-22,Games,Kihn Inc,Jessamine Apark,Winny Agnolo,PC,84-9254695,9383.82,16.5299973946787,2019,4
567,Portugal,147895.45,120416.48,2019-07-01,Clothing,Wisoky Inc,Celine Tumasian,Hortense Gerring,Mobile,17-1884075,27478.970000000016,18.579996882933187,2019,7
568,Ireland,57107.26,48232.79,2020-02-13,Outdoors,Altenwerth-Konopelski,Glenine Suttaby,Bunnie Tonbridge,Mobile,49-6263811,8874.470000000001,15.540003144959153,2020,2
569,France,85337.78,72306.7,2020-02-04,Appliances,"Lubowitz, McLaughlin and Erdman",Othello Bowes,Crysta Halls,Mobile,78-6287811,13031.080000000002,15.270001164783057,2020,2
570,France,162199.24,130878.57,2020-06-22,Appliances,West-Cummings,Othello Bowes,Avrit Chanders,PC,75-1807214,31320.669999999984,19.309997999990618,2020,6
571,Sweden,128208.95,111746.92,2020-07-31,Appliances,Dibbert Inc,Maxie Marrow,Alyosha Meah,PC,72-1300449,16462.03,12.840000639580934,2020,7
572,Germany,86669.23,71580.12,2020-03-18,Appliances,Hessel-Stiedemann,Rickard Doogood,Casie MacBain,PC,22-4332301,15089.11,17.409996604331205,2020,3
573,Ireland,117288.29,94546.09,2019-07-04,Clothing,Johns and Sons,Glenine Suttaby,Palm Wetherald,PC,42-2477150,22742.199999999997,19.39000048512942,2019,7
574,France,57292.84,45908.75,2019-10-03,Electronics,"Zieme, Bailey and Herzog",Othello Bowes,Ora Grennan,PC,18-5234470,11384.089999999997,19.870004698667405,2019,10
575,Portugal,110441.89,90970.98,2020-01-04,Beauty,"Heaney, Gulgowski and Kshlerin",Celine Tumasian,Hortense Gerring,Tablet,74-4541594,19470.910000000003,17.63000433983881,2020,1
576,UK,53801.73,46785.98,2019-09-28,Games,Johns and Sons,Jessamine Apark,Jay Morefield,PC,16-6855831,7015.75,13.040008193045093,2019,9
577,UK,308763.51,245714.0,2020-12-04,Outdoors,Kihn Inc,Jessamine Apark,Winny Agnolo,PC,46-5327740,63049.51000000001,20.42000040743157,2020,12
578,Portugal,87409.49,70548.2,2020-11-29,Games,Hessel-Stiedemann,Celine Tumasian,Brynn Dempster,PC,06-4416964,16861.290000000008,19.28999928955083,2020,11
579,Denmark,31936.44,27708.06,2020-09-17,Books,"Hartmann, Hane and Pfannerstill",Modestia Byfford,Cobby Andersen,PC,46-6076582,4228.379999999997,13.239985421042539,2020,9
580,Sweden,45463.65,36907.39,2020-08-29,Clothing,Schuster Inc,Maxie Marrow,Alyosha Meah,PC,38-1449694,8556.260000000002,18.820002353528594,2020,8
581,Sweden,112909.4,93940.62,2019-04-25,Clothing,Johns and Sons,Maxie Marrow,Madelon Bront,PC,39-3557596,18968.78,16.800000708532682,2019,4
582,Portugal,126346.44,103970.49,2019-04-08,Smartphones,Johns and Sons,Celine Tumasian,Corene Shirer,PC,26-9990483,22375.949999999997,17.70999641936884,2019,4
583,Portugal,109713.84,95769.21,2020-05-07,Smartphones,"Bashirian, Okuneva and Bechtelar",Celine Tumasian,Aurelie Wren,PC,31-7075495,13944.62999999999,12.710000853128456,2020,5
584,Netherlands,200472.46,170181.07,2020-06-19,Electronics,Wiza and Sons,Denice Amberg,Nero Harbisher,PC,98-5774102,30291.389999999985,15.11000064547519,2020,6
585,France,35214.85,27985.24,2019-03-13,Electronics,"Lueilwitz, Kerluke and Lesch",Othello Bowes,Ora Grennan,PC,46-5580805,7229.609999999997,20.53000367742585,2019,3
586,Ireland,161630.62,133991.78,2019-04-04,Appliances,Friesen-Rath,Glenine Suttaby,Palm Wetherald,PC,39-6568658,27638.839999999997,17.10000246240471,2019,4
587,Portugal,179184.12,142433.46,2020-05-08,Appliances,"Hamill, Kulas and Roob",Celine Tumasian,Brynn Dempster,PC,85-1464621,36750.66,20.50999831904747,2020,5
588,Sweden,80867.18,63982.11,2019-02-12,Books,Dibbert Inc,Maxie Marrow,Anita Woakes,PC,86-6763776,16885.069999999992,20.880003482253237,2019,2
589,France,96613.06,79242.03,2019-04-24,Books,Johns and Sons,Othello Bowes,Ora Grennan,PC,03-7559332,17371.03,17.980001875522834,2019,4
590,Portugal,89600.45,70811.24,2020-01-21,Games,Wisoky Inc,Celine Tumasian,Smitty Culverhouse,PC,36-7939842,18789.209999999992,20.969995128372673,2020,1
591,Portugal,41921.61,34773.98,2020-11-28,Games,Gislason-Stanton,Celine Tumasian,Hortense Gerring,Tablet,38-7603760,7147.629999999997,17.049989253752415,2020,11
592,UK,151012.12,126080.02,2020-08-25,Accessories,Johns and Sons,Jessamine Apark,Jay Morefield,PC,11-5630090,24932.09999999999,16.509999329855106,2020,8
593,Portugal,112481.44,96700.29,2020-04-11,Electronics,"Dickinson, Hyatt and Berge",Celine Tumasian,Hortense Gerring,Mobile,97-6414953,15781.150000000009,14.030003527693111,2020,4
594,France,90228.68,77966.6,2019-01-27,Electronics,Wiza and Sons,Othello Bowes,Avrit Chanders,PC,64-9816105,12262.079999999987,13.590002646608582,2019,1
595,UK,141552.4,122994.88,2019-09-17,Beauty,"Dickinson, Hyatt and Berge",Jessamine Apark,Winny Agnolo,PC,59-0893568,18557.51999999999,13.110000254322774,2019,9
596,UK,29783.39,23719.49,2019-11-27,Books,"Schmitt, Purdy and Johnson",Jessamine Apark,Winny Agnolo,PC,18-0945763,6063.899999999998,20.360006030206762,2019,11
597,Sweden,149938.71,131541.23,2020-12-24,Books,Walter LLC,Maxie Marrow,Madelon Bront,PC,26-1771681,18397.47999999998,12.270000188743776,2020,12
598,Sweden,103839.74,90683.24,2020-08-23,Books,Schoen-Keeling,Maxie Marrow,Tarrah Castelletti,PC,57-6427586,13156.5,12.670004759256908,2020,8
599,Portugal,30550.32,25457.58,2019-05-31,Beauty,"Farrell, Swaniawski and Crist",Celine Tumasian,Smitty Culverhouse,Mobile,73-3910940,5092.739999999998,16.670005420565147,2019,5
600,Sweden,24787.65,20454.77,2019-02-12,Other,"Lueilwitz, Kerluke and Lesch",Maxie Marrow,Caro Morfield,PC,34-8728117,4332.880000000001,17.479995078194186,2019,2
601,France,122468.33,103032.61,2020-09-08,Electronics,Johns and Sons,Othello Bowes,Avrit Chanders,Mobile,53-7680732,19435.72,15.86999675752907,2020,9
602,Sweden,137026.71,120117.61,2020-08-26,Smartphones,McGlynn-Bergstrom,Maxie Marrow,Anita Woakes,PC,86-6380587,16909.09999999999,12.340002908921912,2020,8
603,Finland,132246.48,106841.93,2019-01-02,Games,Friesen-Rath,Hube Corey,Mellicent Mattys,PC,95-1862126,25404.550000000017,19.210000901347254,2019,1
604,Portugal,111551.96,89420.05,2020-01-06,Clothing,Wunsch LLC,Celine Tumasian,Aurelie Wren,PC,41-6241712,22131.910000000003,19.84000101835952,2020,1
605,France,127946.33,111850.68,2019-09-09,Beauty,"Hamill, Kulas and Roob",Othello Bowes,Crysta Halls,PC,32-3418936,16095.650000000009,12.580001317740031,2019,9
606,Sweden,78679.6,62416.53,2019-10-12,Games,Stehr LLC,Maxie Marrow,Tarrah Castelletti,PC,10-1511807,16263.070000000007,20.669995780354764,2019,10
607,UK,86071.63,71198.45,2019-11-13,Electronics,Gislason-Stanton,Jessamine Apark,Genevra Charrisson,Tablet,66-6360568,14873.180000000008,17.280002714018554,2019,11
608,Portugal,134120.38,105981.92,2020-04-30,Games,McGlynn-Bergstrom,Celine Tumasian,Brynn Dempster,PC,63-4386955,28138.460000000006,20.980003188180653,2020,4
609,Spain,77855.47,63545.63,2019-08-13,Outdoors,Goldner-Dibbert,Emalia Dinse,Bertha Walbrook,PC,77-3226391,14309.840000000004,18.38000592636587,2019,8
610,UK,176080.36,153401.21,2019-11-13,Beauty,Tillman and Sons,Jessamine Apark,Jay Morefield,PC,74-9554997,22679.149999999994,12.879999791004515,2019,11
611,Portugal,159514.03,138872.91,2020-09-23,Clothing,Hessel-Stiedemann,Celine Tumasian,Aurelie Wren,PC,37-0756560,20641.119999999995,12.940002832352738,2020,9
612,France,238850.25,199607.15,2019-06-30,Appliances,"Rowe, Hermiston and Kessler",Othello Bowes,Ora Grennan,PC,19-9649739,39243.100000000006,16.43000164328905,2019,6
613,Sweden,240940.97,195138.09,2019-12-27,Accessories,Wunsch LLC,Maxie Marrow,Tarrah Castelletti,PC,91-4735064,45802.880000000005,19.010000665308187,2019,12
614,Denmark,109892.92,89441.85,2020-05-06,Books,"Lubowitz, McLaughlin and Erdman",Modestia Byfford,Cobby Andersen,PC,82-1337530,20451.069999999992,18.609997805136118,2020,5
615,Germany,86704.08,75380.53,2020-10-05,Books,Tillman and Sons,Rickard Doogood,Casie MacBain,PC,39-3209780,11323.550000000003,13.059996715264152,2020,10
616,Ireland,292124.64,245822.88,2019-12-09,Beauty,"Christiansen, Donnelly and Bechtelar",Glenine Suttaby,Palm Wetherald,PC,18-0483044,46301.76000000001,15.850001560977537,2019,12
617,Bulgaria,122998.65,97476.43,2020-01-28,Games,Armstrong-Little,Charil Alpe,Bernadine Fullagar,PC,70-0044622,25522.22,20.750000101627133,2020,1
618,Sweden,50646.66,43039.53,2020-04-01,Clothing,Johns and Sons,Maxie Marrow,Madelon Bront,PC,43-1236055,7607.130000000005,15.020003293405734,2020,4
619,Sweden,89639.28,77788.97,2019-01-25,Clothing,Altenwerth-Konopelski,Maxie Marrow,Madelon Bront,PC,25-6133000,11850.309999999998,13.219996858520059,2019,1
620,Spain,107359.01,90868.67,2019-10-29,Electronics,Kirlin and Sons,Emalia Dinse,Perri Aldersley,PC,78-7666796,16490.339999999997,15.359996333796294,2019,10
621,Luxembourg,148359.68,118480.04,2020-07-23,Games,"Dickinson, Hyatt and Berge",Ilsa Kob,Jocelyn Laurentino,PC,45-1867999,29879.64,20.14000030196884,2020,7
622,Finland,177464.83,142717.22,2020-01-25,Outdoors,Gislason-Stanton,Hube Corey,Mellicent Mattys,PC,97-5797169,34747.609999999986,19.579997907190958,2020,1
623,Portugal,168757.23,136895.86,2020-08-24,Appliances,Labadie and Sons,Celine Tumasian,Aurelie Wren,PC,31-6585710,31861.370000000024,18.880002948614422,2020,8
624,France,19814.86,16787.15,2020-03-20,Appliances,"Murray, Reichel and Nolan",Othello Bowes,Avrit Chanders,PC,84-0460695,3027.709999999999,15.279996931595777,2020,3
625,Belgium,46311.34,40564.1,2020-03-01,Accessories,"Heaney, Gulgowski and Kshlerin",Lambert Norheny,Collin Mackness,PC,20-4568650,5747.239999999998,12.41000584306133,2020,3
626,France,144927.17,122260.56,2020-09-07,Appliances,Romaguera-Dietrich,Othello Bowes,Crysta Halls,PC,29-9208067,22666.610000000015,15.640000422281075,2020,9
627,Netherlands,203231.73,163052.82,2019-12-23,Books,Schuster Inc,Denice Amberg,Nero Harbisher,PC,21-2357660,40178.91,19.769998513519518,2019,12
628,Portugal,40467.85,34656.67,2020-02-28,Smartphones,"Swaniawski, Runolfsson and Green",Celine Tumasian,Corene Shirer,Tablet,16-3842379,5811.18,14.359991944222388,2020,2
629,Sweden,85156.7,69479.35,2020-05-19,Beauty,"Lubowitz, McLaughlin and Erdman",Maxie Marrow,Caro Morfield,PC,58-5376153,15677.349999999991,18.410001796687745,2020,5
630,Portugal,66146.57,56145.21,2020-04-07,Electronics,Hessel-Stiedemann,Celine Tumasian,Brynn Dempster,PC,04-1808253,10001.360000000008,15.119997907676854,2020,4
631,Bulgaria,230669.37,182321.07,2019-06-05,Books,Altenwerth-Konopelski,Charil Alpe,Bernadine Fullagar,PC,44-9036885,48348.29999999999,20.960000020808998,2019,6
632,UK,59043.39,48876.12,2020-10-27,Smartphones,"Murray, Reichel and Nolan",Jessamine Apark,Genevra Charrisson,PC,35-0548738,10167.269999999997,17.21999702252868,2020,10
633,Ireland,99887.86,84045.65,2020-03-10,Electronics,Friesen-Rath,Glenine Suttaby,Bunnie Tonbridge,PC,64-0103144,15842.210000000006,15.859995398840265,2020,3
634,Netherlands,214983.15,180413.86,2019-06-11,Beauty,McClure Inc,Denice Amberg,Nero Harbisher,Tablet,48-7080069,34569.29000000001,16.079999758120582,2019,6
635,Portugal,52209.31,41480.3,2019-03-26,Beauty,McClure Inc,Celine Tumasian,Corene Shirer,PC,05-2772504,10729.009999999995,20.549993861248108,2019,3
636,Sweden,83782.11,67310.55,2019-02-10,Electronics,"Christiansen, Donnelly and Bechtelar",Maxie Marrow,Madelon Bront,PC,42-2439801,16471.559999999998,19.65999662696487,2019,2
637,Portugal,166367.16,135788.88,2020-11-02,Beauty,Wisoky Inc,Celine Tumasian,Smitty Culverhouse,PC,82-8353642,30578.28,18.379997590870698,2020,11
638,UK,167615.14,135567.12,2020-12-30,Smartphones,Johns and Sons,Jessamine Apark,Winny Agnolo,PC,16-5450021,32048.02000000002,19.12000312143641,2020,12
639,Sweden,118030.7,97304.51,2019-09-04,Electronics,"Dickinson, Hyatt and Berge",Maxie Marrow,Madelon Bront,PC,80-1021367,20726.190000000002,17.559999220541776,2019,9
640,Netherlands,102073.04,81770.71,2020-03-02,Outdoors,"Farrell, Swaniawski and Crist",Denice Amberg,Nero Harbisher,Mobile,03-3076058,20302.329999999987,19.890002296394805,2020,3
641,Finland,99989.89,81191.79,2019-11-15,Appliances,Corwin and Sons,Hube Corey,Wat Bowkley,PC,92-4440351,18798.100000000006,18.80000068006876,2019,11
642,Sweden,79407.28,64383.42,2020-07-21,Accessories,"Jacobson, Marvin and Brown",Maxie Marrow,Alyosha Meah,PC,15-3268783,15023.86,18.920003304482915,2020,7
643,France,184431.48,153059.69,2019-12-07,Books,Johns and Sons,Othello Bowes,Ora Grennan,Mobile,44-7664180,31371.790000000008,17.009997425602183,2019,12
644,Portugal,144725.34,115056.65,2019-01-15,Smartphones,Wisoky Inc,Celine Tumasian,Aurelie Wren,PC,92-7042708,29668.690000000002,20.499996752469198,2019,1
645,UK,21921.66,18802.21,2020-03-05,Smartphones,"Swaniawski, Runolfsson and Green",Jessamine Apark,Jay Morefield,Tablet,21-8595718,3119.4500000000007,14.229989882153088,2020,3
646,Portugal,21341.66,16930.34,2019-03-28,Games,Romaguera-Haley,Celine Tumasian,Smitty Culverhouse,PC,06-4611284,4411.32,20.669994742676998,2019,3
647,Sweden,84537.2,69405.04,2020-01-19,Games,"Keeling, Monahan and Pollich",Maxie Marrow,Tarrah Castelletti,Mobile,04-4730440,15132.160000000003,17.900001419493435,2020,1
648,France,40544.43,32666.65,2020-08-01,Books,Johns and Sons,Othello Bowes,Ora Grennan,PC,89-7467187,7877.779999999999,19.429993219783825,2020,8
649,Finland,178189.57,153421.22,2019-08-09,Games,Johns and Sons,Hube Corey,Mellicent Mattys,PC,37-7100862,24768.350000000006,13.899999870923985,2019,8
650,France,36276.11,28748.82,2019-03-23,Games,Johns and Sons,Othello Bowes,Ora Grennan,PC,20-9472915,7527.290000000001,20.749992212505695,2019,3
651,Sweden,36181.81,29698.03,2020-10-27,Appliances,Altenwerth-Konopelski,Maxie Marrow,Madelon Bront,Tablet,82-8836162,6483.779999999999,17.919999027135454,2020,10
652,UK,66613.31,55462.24,2019-09-25,Electronics,Labadie and Sons,Jessamine Apark,Genevra Charrisson,PC,38-8230515,11151.07,16.740002861290034,2019,9
653,Ireland,77278.68,62951.21,2020-10-02,Smartphones,Dibbert Inc,Glenine Suttaby,Palm Wetherald,PC,46-8792953,14327.469999999994,18.540003530080995,2020,10
654,UK,149938.36,123579.2,2020-11-14,Appliances,Johns and Sons,Jessamine Apark,Jay Morefield,PC,93-0380487,26359.15999999999,17.579997540322566,2020,11
655,Spain,123953.65,101939.48,2019-05-08,Beauty,Wiza and Sons,Emalia Dinse,Perri Aldersley,PC,44-2650716,22014.17,17.760001419885576,2019,5
656,Sweden,73773.6,58421.31,2020-01-21,Books,Tromp LLC,Maxie Marrow,Caro Morfield,Mobile,78-7812852,15352.290000000008,20.810005205114035,2020,1
657,Portugal,206869.73,180928.27,2020-07-20,Electronics,"Spencer, Rogahn and Muller",Celine Tumasian,Corene Shirer,PC,11-2653878,25941.46000000002,12.539997997773778,2020,7
658,France,63690.72,53455.62,2020-08-27,Electronics,Hegmann Group,Othello Bowes,Crysta Halls,Mobile,74-9856135,10235.099999999999,16.07000203483333,2020,8
659,UK,18897.97,16469.58,2020-02-16,Other,Hessel-Stiedemann,Jessamine Apark,Winny Agnolo,Mobile,22-8551804,2428.3899999999994,12.850004524295464,2020,2
660,Portugal,134807.18,108047.95,2020-12-29,Beauty,"Zieme, Bailey and Herzog",Celine Tumasian,Corene Shirer,PC,76-2368068,26759.229999999996,19.850003538387195,2020,12
661,UK,47082.67,37882.72,2020-06-30,Games,"Schowalter, Lesch and Beahan",Jessamine Apark,Winny Agnolo,PC,83-0606533,9199.949999999997,19.539992103251574,2020,6
662,Portugal,41016.31,32985.32,2019-05-09,Beauty,Homenick-Marvin,Celine Tumasian,Corene Shirer,Tablet,84-1745028,8030.989999999998,19.579991471685286,2019,5
663,Sweden,43243.45,37764.5,2019-05-16,Clothing,Johns and Sons,Maxie Marrow,Alyosha Meah,PC,63-2957047,5478.949999999997,12.670011296508482,2019,5
664,Sweden,88832.28,71501.1,2019-12-23,Electronics,"Murray, Reichel and Nolan",Maxie Marrow,Tarrah Castelletti,PC,90-3993986,17331.179999999993,19.510002445057125,2019,12
665,France,173456.4,149866.33,2019-09-25,Books,Johns and Sons,Othello Bowes,Avrit Chanders,Mobile,00-1398218,23590.070000000007,13.599999769394502,2019,9
666,Spain,90926.92,73050.69,2020-03-24,Smartphones,"Leffler, Prohaska and Streich",Emalia Dinse,Perri Aldersley,PC,09-9618844,17876.229999999996,19.65999728133318,2020,3
667,Sweden,72757.01,63378.63,2020-03-05,Other,Hessel-Stiedemann,Maxie Marrow,Alyosha Meah,PC,96-5143420,9378.379999999997,12.89000193933203,2020,3
668,France,60068.71,47688.55,2020-05-09,Other,Friesen-Rath,Othello Bowes,Crysta Halls,PC,99-0862667,12380.159999999996,20.609998117156163,2020,5
669,France,105522.72,86581.39,2019-02-16,Clothing,Gislason-Stanton,Othello Bowes,Amelina Piscopiello,PC,79-6118087,18941.33,17.950001667887257,2019,2
670,Luxembourg,61374.06,49099.25,2020-02-20,Games,"Murray, Reichel and Nolan",Ilsa Kob,Jocelyn Laurentino,PC,07-5296371,12274.809999999998,19.999996741294282,2020,2
671,Portugal,76856.57,65535.6,2019-05-31,Clothing,"Schowalter, Lesch and Beahan",Celine Tumasian,Hortense Gerring,PC,93-9111830,11320.970000000008,14.72999640759405,2019,5
672,Spain,174262.11,143278.31,2019-04-05,Games,Hessel-Stiedemann,Emalia Dinse,Perri Aldersley,PC,47-0713476,30983.79999999999,17.779998187787346,2019,4
673,Sweden,151315.26,121173.26,2019-05-23,Beauty,Wiza and Sons,Maxie Marrow,Caro Morfield,PC,92-2645259,30142.000000000015,19.920000137461358,2019,5
674,Ireland,50495.53,40749.89,2020-08-31,Smartphones,"Heaney, Gulgowski and Kshlerin",Glenine Suttaby,Palm Wetherald,Mobile,93-4118211,9745.64,19.300005366811675,2020,8
675,UK,36534.09,31138.0,2020-07-17,Appliances,Wunsch LLC,Jessamine Apark,Winny Agnolo,PC,90-7039701,5396.0899999999965,14.77001343129115,2020,7
676,France,134243.39,113019.51,2019-01-21,Beauty,Kihn Inc,Othello Bowes,Maighdiln Upcraft,PC,64-1003834,21223.88000000002,15.810000030541554,2019,1
677,France,56068.7,47378.05,2019-02-06,Games,"Dickinson, Hyatt and Berge",Othello Bowes,Ora Grennan,PC,24-2679038,8690.649999999994,15.500002675289412,2019,2
678,France,31161.76,27300.82,2020-05-09,Beauty,"Hermiston, Simonis and Wisoky",Othello Bowes,Maighdiln Upcraft,Mobile,06-4986886,3860.9399999999987,12.389993376497346,2020,5
679,France,98915.41,85176.06,2020-04-02,Electronics,Schoen-Keeling,Othello Bowes,Ora Grennan,Mobile,63-5897834,13739.350000000006,13.889999546076801,2020,4
680,Ireland,114232.68,95795.52,2019-03-23,Clothing,Johns and Sons,Glenine Suttaby,Bunnie Tonbridge,Tablet,45-6860897,18437.15999999999,16.140004769213146,2019,3
681,Luxembourg,71360.36,59750.03,2019-01-02,Electronics,Tillman and Sons,Ilsa Kob,Jocelyn Laurentino,PC,40-9830607,11610.330000000002,16.26999919843454,2019,1
682,Portugal,87459.79,69967.83,2020-11-16,Beauty,Romaguera-Haley,Celine Tumasian,Brynn Dempster,Mobile,09-8360520,17491.959999999992,20.000002286765145,2020,11
683,Finland,52388.85,45641.17,2020-07-31,Electronics,Johns and Sons,Hube Corey,Mellicent Mattys,PC,55-6785409,6747.68,12.87999259384392,2020,7
684,Sweden,178304.35,153573.54,2020-12-09,Electronics,Dibbert Inc,Maxie Marrow,Tarrah Castelletti,PC,12-4881666,24730.809999999998,13.869998123994169,2020,12
685,UK,80013.81,65587.32,2020-01-27,Electronics,Romaguera-Dietrich,Jessamine Apark,Winny Agnolo,PC,86-7866497,14426.48999999999,18.03000007123769,2020,1
686,Ireland,88684.7,75337.65,2020-01-23,Other,"Leffler, Prohaska and Streich",Glenine Suttaby,Palm Wetherald,PC,12-2375671,13347.050000000003,15.050002988114075,2020,1
687,UK,161773.31,138283.83,2019-04-30,Books,Johns and Sons,Jessamine Apark,Jay Morefield,PC,56-6310976,23489.48000000001,14.519997149097097,2019,4
688,France,108968.67,88395.39,2019-10-17,Books,Johns and Sons,Othello Bowes,Ora Grennan,PC,08-4398900,20573.28,18.879995506965443,2019,10
689,UK,50374.22,44047.22,2019-10-07,Games,Armstrong-Little,Jessamine Apark,Genevra Charrisson,PC,23-3084772,6327.0,12.559995966190643,2019,10
690,Sweden,174380.2,151518.96,2019-01-02,Appliances,Larkin-Collier,Maxie Marrow,Tarrah Castelletti,PC,33-8484080,22861.24000000002,13.109997580000494,2019,1
691,Bulgaria,81482.69,64721.7,2019-02-09,Electronics,Johns and Sons,Charil Alpe,Shermy McGready,PC,28-0362135,16760.990000000005,20.570000818578773,2019,2
692,France,108158.8,89328.35,2020-10-09,Appliances,Altenwerth-Konopelski,Othello Bowes,Crysta Halls,PC,53-4511393,18830.449999999997,17.410002699734093,2020,10
693,Portugal,76943.74,62870.73,2019-06-01,Electronics,Johns and Sons,Celine Tumasian,Smitty Culverhouse,PC,50-0521963,14073.010000000002,18.289999940216063,2019,6
694,Portugal,57345.79,45716.06,2020-11-09,Clothing,Walter LLC,Celine Tumasian,Hortense Gerring,PC,75-6127722,11629.730000000003,20.28000660554158,2020,11
695,Sweden,71049.09,58842.86,2019-08-15,Outdoors,Corwin and Sons,Maxie Marrow,Madelon Bront,PC,99-3994854,12206.229999999996,17.179994845817163,2019,8
696,France,79205.19,65423.49,2019-05-07,Games,"Christiansen, Donnelly and Bechtelar",Othello Bowes,Avrit Chanders,Tablet,45-5157875,13781.700000000004,17.39999613661681,2019,5
697,France,42290.45,34255.26,2019-11-10,Clothing,Walter LLC,Othello Bowes,Avrit Chanders,Tablet,97-8921759,8035.189999999995,19.000010640700197,2019,11
698,France,110090.36,93433.69,2019-02-01,Clothing,"Leffler, Prohaska and Streich",Othello Bowes,Maighdiln Upcraft,PC,43-6672888,16656.67,15.129998666549913,2019,2
699,France,121043.69,96750.22,2020-09-28,Books,Hessel-Stiedemann,Othello Bowes,Crysta Halls,PC,28-6152726,24293.47,20.07000117065169,2020,9
700,Finland,130251.55,105386.53,2019-08-05,Beauty,Johns and Sons,Hube Corey,Mellicent Mattys,PC,26-1201622,24865.020000000004,19.089999312868063,2019,8
701,France,156110.4,132584.56,2019-07-22,Beauty,Stehr LLC,Othello Bowes,Maighdiln Upcraft,PC,18-3315246,23525.839999999997,15.07000174235669,2019,7
702,Sweden,122273.0,104531.19,2020-01-07,Appliances,Romaguera-Haley,Maxie Marrow,Caro Morfield,PC,40-9114557,17741.809999999998,14.509998118963303,2020,1
703,Portugal,126021.1,101762.04,2020-06-13,Beauty,Johns and Sons,Celine Tumasian,Hortense Gerring,Mobile,34-8443139,24259.060000000012,19.249998611343667,2020,6
704,Sweden,69565.47,57808.91,2020-05-23,Beauty,Johns and Sons,Maxie Marrow,Anita Woakes,PC,79-0393736,11756.559999999998,16.89999363189812,2020,5
705,Bulgaria,174271.91,142083.89,2019-05-20,Clothing,Hessel-Stiedemann,Charil Alpe,Shermy McGready,PC,58-2923511,32188.01999999999,18.469998980329066,2019,5
706,Portugal,61994.02,54250.97,2019-02-19,Books,Friesen-Rath,Celine Tumasian,Corene Shirer,PC,84-1343954,7743.049999999996,12.489995002743806,2019,2
707,Sweden,207379.28,166442.61,2019-12-18,Accessories,Franecki-White,Maxie Marrow,Anita Woakes,PC,43-9259516,40936.67000000001,19.74000006172266,2019,12
708,Sweden,153823.74,129258.09,2020-11-30,Electronics,West-Cummings,Maxie Marrow,Anita Woakes,Mobile,53-0009701,24565.649999999994,15.969999169178955,2020,11
709,Portugal,251003.51,214105.99,2019-07-30,Clothing,Hilll-Vandervort,Celine Tumasian,Hortense Gerring,PC,50-2002828,36897.52000000002,14.700001605555244,2019,7
710,UK,78013.63,64509.47,2020-04-04,Clothing,"Keeling, Monahan and Pollich",Jessamine Apark,Genevra Charrisson,PC,90-6933957,13504.160000000003,17.31000082934226,2020,4
711,Finland,204138.34,165617.44,2019-06-20,Clothing,"Hartmann, Hane and Pfannerstill",Hube Corey,Wat Bowkley,Tablet,98-4201877,38520.899999999994,18.86999766922764,2019,6
712,Ireland,81358.58,68918.85,2020-08-21,Books,Tillman and Sons,Glenine Suttaby,Palm Wetherald,Mobile,86-2962836,12439.729999999996,15.290003832416932,2020,8
713,Portugal,81458.94,64434.02,2019-11-14,Books,Johns and Sons,Celine Tumasian,Aurelie Wren,PC,76-5324325,17024.920000000006,20.900001890523008,2019,11
714,Sweden,79313.86,63316.25,2020-03-01,Appliances,"Dickinson, Hyatt and Berge",Maxie Marrow,Madelon Bront,PC,36-3226083,15997.61,20.170005595491126,2020,3
715,Finland,100978.49,86568.86,2019-08-09,Appliances,Johns and Sons,Hube Corey,Wat Bowkley,PC,00-8086430,14409.630000000005,14.269999482067918,2019,8
716,Portugal,172444.09,149681.47,2019-01-05,Smartphones,Larkin-Collier,Celine Tumasian,Hortense Gerring,PC,98-0946281,22762.619999999995,13.20000006958777,2019,1
717,UK,111523.01,98017.57,2020-03-02,Outdoors,Kihn Inc,Jessamine Apark,Winny Agnolo,PC,82-4770311,13505.439999999988,12.11000312850235,2020,3
718,UK,62947.82,49967.98,2019-10-16,Accessories,"Schowalter, Lesch and Beahan",Jessamine Apark,Genevra Charrisson,PC,34-0265266,12979.839999999997,20.61999923110919,2019,10
719,France,80294.56,65295.54,2019-10-04,Books,Considine-Fisher,Othello Bowes,Avrit Chanders,PC,47-9858688,14999.019999999997,18.67999525746202,2019,10
720,France,234961.46,199388.3,2019-06-02,Accessories,"Heaney, Gulgowski and Kshlerin",Othello Bowes,Maighdiln Upcraft,Mobile,24-9178520,35573.16,15.139997853264958,2019,6
721,France,214615.79,177637.49,2019-06-30,Games,"Bashirian, Okuneva and Bechtelar",Othello Bowes,Amelina Piscopiello,PC,17-5553034,36978.30000000002,17.22999971250951,2019,6
722,France,173418.59,140746.53,2019-05-19,Electronics,Hessel-Stiedemann,Othello Bowes,Maighdiln Upcraft,PC,03-5073152,32672.059999999998,18.83999864143746,2019,5
723,France,27400.69,22832.99,2019-09-18,Electronics,Friesen and Sons,Othello Bowes,Maighdiln Upcraft,PC,19-8109416,4567.699999999997,16.670018163776156,2019,9
724,Portugal,179323.22,150739.1,2020-08-08,Smartphones,Homenick-Marvin,Celine Tumasian,Brynn Dempster,Tablet,16-5710075,28584.119999999995,15.939999292896923,2020,8
725,Portugal,135211.42,108534.21,2019-08-12,Clothing,Larkin-Collier,Celine Tumasian,Corene Shirer,PC,78-5541691,26677.210000000006,19.72999765848181,2019,8
726,France,186209.44,148818.58,2019-06-24,Clothing,Friesen-Rath,Othello Bowes,Avrit Chanders,Mobile,69-8016438,37390.860000000015,20.08000238870812,2019,6
727,Ireland,127591.73,108988.86,2020-04-30,Games,"Swaniawski, Runolfsson and Green",Glenine Suttaby,Palm Wetherald,Mobile,43-7205800,18602.869999999995,14.579996681603108,2020,4
728,Sweden,53093.47,42533.18,2020-10-25,Clothing,Romaguera-Haley,Maxie Marrow,Anita Woakes,PC,84-2496865,10560.29,19.889997771854055,2020,10
729,Netherlands,28787.17,24610.15,2019-08-06,Games,McGlynn-Prosacco,Denice Amberg,Nero Harbisher,PC,13-4700827,4177.019999999997,14.510005672665974,2019,8
730,UK,49930.87,40174.38,2020-02-21,Outdoors,Labadie and Sons,Jessamine Apark,Genevra Charrisson,PC,10-5202864,9756.490000000005,19.53999599846749,2020,2
731,Portugal,48763.58,39435.11,2020-07-14,Smartphones,Labadie and Sons,Celine Tumasian,Smitty Culverhouse,PC,29-6521179,9328.470000000001,19.129994147271386,2020,7
732,France,71079.8,56778.54,2019-11-15,Electronics,"Swaniawski, Runolfsson and Green",Othello Bowes,Avrit Chanders,PC,30-9137723,14301.260000000002,20.120005965126524,2019,11
733,Sweden,43158.94,36244.88,2019-05-13,Electronics,West-Cummings,Maxie Marrow,Anita Woakes,PC,55-4422832,6914.060000000005,16.019994930366696,2019,5
734,France,117538.82,100719.02,2019-07-03,Beauty,Wisoky Inc,Othello Bowes,Avrit Chanders,PC,12-1257338,16819.800000000003,14.309995625275123,2019,7
735,Portugal,45725.53,36571.28,2020-07-07,Other,Schoen-Keeling,Celine Tumasian,Aurelie Wren,Mobile,66-6777720,9154.25,20.019997581219943,2020,7
736,Portugal,77522.57,64227.45,2019-07-31,Outdoors,"Bashirian, Okuneva and Bechtelar",Celine Tumasian,Aurelie Wren,Mobile,53-3568171,13295.12000000001,17.14999902609009,2019,7
737,Germany,44118.5,38250.74,2020-03-04,Electronics,Romaguera-Dietrich,Rickard Doogood,Casie MacBain,Mobile,77-6124790,5867.760000000002,13.299998866688581,2020,3
738,UK,242526.0,212113.24,2019-06-03,Clothing,Hegmann Group,Jessamine Apark,Winny Agnolo,PC,09-3668672,30412.76000000001,12.539999835069235,2019,6
739,France,140635.94,115194.9,2020-12-08,Smartphones,Johns and Sons,Othello Bowes,Amelina Piscopiello,PC,00-5823706,25441.040000000008,18.089998900707748,2020,12
740,Portugal,157754.36,132166.6,2019-08-09,Books,"Bashirian, Okuneva and Bechtelar",Celine Tumasian,Aurelie Wren,Mobile,67-8646070,25587.75999999998,16.22000177998249,2019,8
741,France,88977.22,72534.23,2020-10-03,Books,Franecki-White,Othello Bowes,Ora Grennan,PC,58-1975365,16442.990000000005,18.479999712285913,2020,10
742,Portugal,74231.25,61604.51,2019-11-11,Beauty,Gislason-Stanton,Celine Tumasian,Brynn Dempster,Mobile,99-7842298,12626.739999999998,17.01000589374421,2019,11
743,Sweden,131402.37,106383.36,2019-10-03,Beauty,Johns and Sons,Maxie Marrow,Anita Woakes,PC,80-8019337,25019.009999999995,19.039999050245438,2019,10
744,Sweden,156505.37,128647.41,2019-05-04,Electronics,"Schmitt, Purdy and Johnson",Maxie Marrow,Alyosha Meah,PC,76-8416893,27857.959999999992,17.80000264527664,2019,5
745,Portugal,139200.81,120172.06,2019-08-23,Games,Johns and Sons,Celine Tumasian,Brynn Dempster,PC,19-3893110,19028.75,13.669999477732924,2019,8
746,Sweden,121292.94,104384.7,2019-03-23,Beauty,Schoen-Keeling,Maxie Marrow,Tarrah Castelletti,PC,17-3994138,16908.240000000005,13.940003433011029,2019,3
747,France,84712.13,73004.91,2020-07-11,Books,Altenwerth-Konopelski,Othello Bowes,Ora Grennan,PC,29-8090560,11707.220000000001,13.820004289822485,2020,7
748,Portugal,172202.38,149816.07,2019-04-09,Appliances,Morissette Group,Celine Tumasian,Hortense Gerring,Tablet,75-5652593,22386.309999999998,13.000000348427237,2019,4
749,Sweden,108978.79,95432.73,2019-11-28,Games,"Bashirian, Okuneva and Bechtelar",Maxie Marrow,Madelon Bront,PC,84-5276032,13546.059999999998,12.429996699357735,2019,11
750,Portugal,69871.92,58014.66,2020-09-06,Games,Johns and Sons,Celine Tumasian,Smitty Culverhouse,PC,01-4729172,11857.259999999995,16.96999309593896,2020,9
751,France,184221.2,150324.5,2019-06-15,Electronics,Hessel-Stiedemann,Othello Bowes,Amelina Piscopiello,PC,70-3373325,33896.70000000001,18.399999565739453,2019,6
752,France,57348.43,47587.73,2019-01-12,Clothing,Hessel-Stiedemann,Othello Bowes,Crysta Halls,PC,73-6329299,9760.699999999997,17.019995141976853,2019,1
753,France,197581.29,169485.23,2019-12-13,Electronics,"Christiansen, Donnelly and Bechtelar",Othello Bowes,Ora Grennan,PC,74-6221213,28096.059999999998,14.220000284439887,2019,12
754,Portugal,101321.52,86710.96,2019-02-17,Games,Dibbert Inc,Celine Tumasian,Brynn Dempster,PC,53-1326953,14610.559999999998,14.419996857528389,2019,2
755,UK,124234.91,98244.97,2020-09-19,Outdoors,Johns and Sons,Jessamine Apark,Genevra Charrisson,PC,56-7081196,25989.940000000002,20.91999744677241,2020,9
756,Portugal,254883.03,213413.56,2019-12-12,Appliances,"Dickinson, Hyatt and Berge",Celine Tumasian,Corene Shirer,PC,85-9560144,41469.47,16.27000039979123,2019,12
757,France,57333.85,46308.55,2020-10-24,Other,Goldner-Dibbert,Othello Bowes,Amelina Piscopiello,PC,35-9605742,11025.299999999996,19.230001124989855,2020,10
758,Portugal,65760.39,56672.3,2020-10-09,Smartphones,"Schowalter, Lesch and Beahan",Celine Tumasian,Aurelie Wren,PC,30-0037690,9088.089999999997,13.82000623779755,2020,10
759,Portugal,53485.0,46713.8,2020-02-18,Clothing,Johns and Sons,Celine Tumasian,Corene Shirer,PC,75-6038587,6771.199999999997,12.659998130316904,2020,2
760,France,154950.74,133195.66,2019-10-09,Smartphones,Kihn Inc,Othello Bowes,Crysta Halls,Tablet,45-8966277,21755.079999999987,14.039997485652531,2019,10
761,UK,19949.11,16364.25,2019-02-25,Beauty,Smith Group,Jessamine Apark,Winny Agnolo,Tablet,23-0941629,3584.8600000000006,17.970024727920194,2019,2
762,France,124784.67,106853.11,2020-05-22,Electronics,"Swaniawski, Runolfsson and Green",Othello Bowes,Ora Grennan,Tablet,44-2757396,17931.559999999998,14.37000234083241,2020,5
763,Luxembourg,120831.28,95746.71,2020-05-22,Outdoors,Stamm-Zulauf,Ilsa Kob,Jocelyn Laurentino,PC,21-4464304,25084.569999999992,20.759996914706186,2020,5
764,Portugal,127631.89,110963.17,2019-11-24,Clothing,"Schowalter, Lesch and Beahan",Celine Tumasian,Corene Shirer,PC,02-8721192,16668.72,13.059996212545313,2019,11
765,Luxembourg,68984.17,59560.93,2019-01-11,Beauty,"Schmitt, Purdy and Johnson",Ilsa Kob,Jocelyn Laurentino,PC,46-9710750,9423.239999999998,13.660003447167659,2019,1
766,France,56823.17,46583.63,2019-12-21,Beauty,"Rowe, Hermiston and Kessler",Othello Bowes,Ora Grennan,Mobile,26-1781486,10239.54,18.02000838742365,2019,12
767,Portugal,126974.92,101516.45,2019-01-13,Games,Larkin-Collier,Celine Tumasian,Hortense Gerring,PC,57-7927520,25458.47,20.049998850166634,2019,1
768,Portugal,121736.23,106214.86,2020-05-06,Accessories,"Zieme, Bailey and Herzog",Celine Tumasian,Smitty Culverhouse,PC,95-4271285,15521.369999999995,12.750000554477491,2020,5
769,France,150287.47,123611.44,2020-08-05,Books,"Fisher, Morar and Skiles",Othello Bowes,Avrit Chanders,PC,66-4296261,26676.03,17.750002711470223,2020,8
770,Finland,93007.22,81837.05,2020-11-09,Outdoors,McGlynn-Prosacco,Hube Corey,Wat Bowkley,PC,24-8477374,11170.169999999998,12.010003094383423,2020,11
771,Ireland,165747.2,132912.68,2020-01-21,Books,"Farrell, Swaniawski and Crist",Glenine Suttaby,Bunnie Tonbridge,PC,96-1991854,32834.52000000002,19.809999806934908,2020,1
772,Sweden,177215.51,155807.88,2019-05-07,Clothing,"Schmitt, Purdy and Johnson",Maxie Marrow,Alyosha Meah,PC,54-3353166,21407.630000000005,12.079997964060823,2019,5
773,France,99132.04,78819.89,2020-03-21,Smartphones,Kirlin and Sons,Othello Bowes,Avrit Chanders,PC,44-6408586,20312.149999999994,20.489994960257043,2020,3
774,Germany,180519.86,145968.36,2019-07-04,Games,"Jacobson, Marvin and Brown",Rickard Doogood,Casie MacBain,PC,86-6107692,34551.5,19.139999333037373,2019,7
775,France,68173.22,54040.91,2020-11-14,Smartphones,Larkin-Collier,Othello Bowes,Amelina Piscopiello,PC,89-7513050,14132.309999999998,20.730002191476355,2020,11
776,Portugal,97439.36,79773.6,2019-08-08,Games,Labadie and Sons,Celine Tumasian,Brynn Dempster,PC,54-2767741,17665.759999999995,18.13000413795821,2019,8
777,Sweden,103638.67,84030.23,2020-10-22,Electronics,"Leffler, Prohaska and Streich",Maxie Marrow,Anita Woakes,PC,24-6905998,19608.440000000002,18.92000350834298,2020,10
778,Sweden,169810.63,145952.24,2020-11-28,Smartphones,"Schowalter, Lesch and Beahan",Maxie Marrow,Caro Morfield,PC,35-0173281,23858.390000000014,14.049997930047143,2020,11
779,France,75264.84,61694.59,2020-09-16,Clothing,Tillman and Sons,Othello Bowes,Ora Grennan,Mobile,93-5465623,13570.25,18.029999133725656,2020,9
780,Spain,58933.16,51855.29,2019-09-20,Electronics,"Schowalter, Lesch and Beahan",Emalia Dinse,Bertha Walbrook,Mobile,67-2823354,7077.870000000003,12.009995730756678,2019,9
781,Portugal,168773.6,137398.59,2019-08-22,Games,Tillman and Sons,Celine Tumasian,Corene Shirer,PC,28-0622425,31375.01000000001,18.58999867277821,2019,8
782,Portugal,152676.77,122385.7,2020-07-07,Outdoors,"Spencer, Rogahn and Muller",Celine Tumasian,Smitty Culverhouse,PC,84-0679518,30291.069999999992,19.83999923498512,2020,7
783,Portugal,116556.81,95448.37,2020-05-24,Outdoors,"Hermiston, Simonis and Wisoky",Celine Tumasian,Hortense Gerring,PC,95-1195568,21108.440000000002,18.110001466237797,2020,5
784,France,310539.0,248275.93,2020-12-11,Electronics,Johns and Sons,Othello Bowes,Ora Grennan,PC,57-2495984,62263.07000000001,20.050000161010377,2020,12
785,Portugal,106325.72,92705.4,2019-09-19,Games,Goldner-Dibbert,Celine Tumasian,Aurelie Wren,Mobile,77-5229094,13620.320000000007,12.809995549524618,2019,9
786,Sweden,90602.07,71630.0,2020-03-05,Electronics,McGlynn-Bergstrom,Maxie Marrow,Tarrah Castelletti,PC,09-3747816,18972.070000000007,20.939996183310168,2020,3
787,Spain,120012.56,97762.23,2020-05-11,Games,"Schmitt, Purdy and Johnson",Emalia Dinse,Bertha Walbrook,Mobile,62-9738356,22250.33,18.540001146546665,2020,5
788,France,143658.22,123158.19,2020-10-30,Appliances,Wisoky Inc,Othello Bowes,Amelina Piscopiello,PC,22-6938537,20500.03,14.2700013963698,2020,10
789,Portugal,263571.82,216155.25,2020-06-08,Outdoors,"Dickinson, Hyatt and Berge",Celine Tumasian,Aurelie Wren,PC,11-0955383,47416.57000000001,17.98999984140945,2020,6
790,France,131097.05,109203.84,2020-06-26,Beauty,Larkin-Collier,Othello Bowes,Maighdiln Upcraft,PC,80-1374023,21893.209999999992,16.700002021403222,2020,6
791,Italy,127830.38,103874.97,2020-05-21,Games,Romaguera-Dietrich,Piggy Roscrigg,Joshua Prevost,PC,66-7112079,23955.410000000003,18.739997487295277,2020,5
792,Portugal,129353.22,111593.02,2019-01-18,Games,Kihn Inc,Celine Tumasian,Corene Shirer,Mobile,31-2600204,17760.199999999997,13.730002237284852,2019,1
793,Sweden,176473.32,139413.92,2019-06-22,Games,Wisoky Inc,Maxie Marrow,Anita Woakes,PC,00-7031798,37059.399999999994,21.0000015866421,2019,6
794,Denmark,43609.57,34634.72,2020-03-01,Appliances,Walter LLC,Modestia Byfford,Cobby Andersen,PC,20-1827241,8974.849999999999,20.58000113277888,2020,3
795,Portugal,137562.42,112140.88,2020-04-14,Clothing,Dibbert Inc,Celine Tumasian,Hortense Gerring,PC,80-5941460,25421.540000000008,18.480003477693984,2020,4
796,France,51504.5,44592.6,2019-09-22,Appliances,Dibbert Inc,Othello Bowes,Amelina Piscopiello,PC,17-3240628,6911.9000000000015,13.419992427846115,2019,9
797,France,38750.53,31298.8,2019-09-01,Outdoors,Johns and Sons,Othello Bowes,Amelina Piscopiello,PC,22-5929243,7451.73,19.230007950858994,2019,9
798,France,111676.46,92791.97,2019-06-08,Beauty,Armstrong-Little,Othello Bowes,Ora Grennan,PC,35-7483371,18884.490000000005,16.910000549802533,2019,6
799,Sweden,46849.71,39630.17,2019-08-26,Beauty,"Leffler, Prohaska and Streich",Maxie Marrow,Anita Woakes,PC,71-1921602,7219.540000000001,15.40999933617519,2019,8
800,Sweden,296844.24,244926.18,2019-06-08,Other,Walter LLC,Maxie Marrow,Tarrah Castelletti,PC,22-9949979,51918.06,17.49000081658987,2019,6
801,Portugal,163492.16,134178.02,2020-08-12,Appliances,"Shanahan, Schaden and Parker",Celine Tumasian,Corene Shirer,PC,06-8466490,29314.140000000014,17.929997377244273,2020,8
802,France,116206.87,93104.94,2019-04-15,Games,"Keeling, Monahan and Pollich",Othello Bowes,Amelina Piscopiello,PC,34-6603897,23101.929999999993,19.880003652107654,2019,4
803,France,195214.72,154649.1,2019-06-26,Books,"Keeling, Monahan and Pollich",Othello Bowes,Maighdiln Upcraft,PC,92-3462655,40565.619999999995,20.780000606511635,2019,6
804,France,168226.52,136818.63,2020-01-25,Smartphones,Altenwerth-Konopelski,Othello Bowes,Avrit Chanders,PC,26-9826298,31407.889999999985,18.6699992367434,2020,1
805,Sweden,249842.77,218737.35,2020-07-09,Books,Hessel-Stiedemann,Maxie Marrow,Alyosha Meah,PC,39-5542863,31105.419999999984,12.449998052775344,2020,7
806,Netherlands,105678.39,89720.95,2020-05-07,Games,Hegmann Group,Denice Amberg,Nero Harbisher,Mobile,18-1809309,15957.440000000002,15.100002942891164,2020,5
807,Portugal,253580.08,212449.39,2020-07-06,Games,Wyman Group,Celine Tumasian,Brynn Dempster,PC,51-0837613,41130.68999999997,16.2200004038172,2020,7
808,France,56705.66,46986.31,2019-02-01,Outdoors,Johns and Sons,Othello Bowes,Crysta Halls,PC,46-0117523,9719.350000000006,17.139999781326953,2019,2
809,Sweden,35354.22,30517.76,2019-02-27,Smartphones,"Dickinson, Hyatt and Berge",Maxie Marrow,Caro Morfield,PC,58-1079558,4836.460000000003,13.680007648309036,2019,2
810,Portugal,25834.34,22450.04,2020-03-13,Electronics,Romaguera-Dietrich,Celine Tumasian,Brynn Dempster,Mobile,49-9010863,3384.2999999999993,13.10000565139268,2020,3
811,Portugal,121928.48,98408.48,2019-09-19,Clothing,Altenwerth-Konopelski,Celine Tumasian,Brynn Dempster,Mobile,58-2028009,23520.0,19.28999688998009,2019,9
812,France,167935.31,137942.06,2019-04-18,Games,Romaguera-Haley,Othello Bowes,Amelina Piscopiello,PC,03-4045721,29993.25,17.860002163928478,2019,4
813,Portugal,151151.77,124035.14,2019-12-30,Appliances,"Rowe, Hermiston and Kessler",Celine Tumasian,Aurelie Wren,PC,80-3039005,27116.62999999999,17.940001628826437,2019,12
814,France,95966.17,75976.42,2019-08-24,Electronics,Littel-Blick,Othello Bowes,Amelina Piscopiello,PC,90-4449856,19989.75,20.82999665402923,2019,8
815,Portugal,123424.43,98171.79,2019-04-11,Clothing,"Spencer, Rogahn and Muller",Celine Tumasian,Corene Shirer,PC,82-2837449,25252.64,20.460001314164465,2019,4
816,France,128221.13,102217.88,2020-06-21,Clothing,Johns and Sons,Othello Bowes,Amelina Piscopiello,PC,21-4033151,26003.25,20.280003771609252,2020,6
817,Portugal,204133.95,167553.15,2020-06-13,Games,"Leffler, Prohaska and Streich",Celine Tumasian,Corene Shirer,PC,98-6563368,36580.80000000002,17.91999811888224,2020,6
818,Sweden,89376.84,73646.52,2019-02-17,Beauty,Johns and Sons,Maxie Marrow,Alyosha Meah,PC,21-2589548,15730.319999999992,17.59999570358495,2019,2
819,Sweden,110837.96,92106.34,2019-02-25,Electronics,"Dickinson, Hyatt and Berge",Maxie Marrow,Alyosha Meah,PC,52-7049356,18731.62000000001,16.900004294557576,2019,2
820,Netherlands,118026.37,99873.91,2020-07-04,Appliances,Hessel-Stiedemann,Denice Amberg,Nero Harbisher,PC,35-1708827,18152.459999999992,15.380003638170006,2020,7
821,Portugal,177208.76,151779.3,2019-01-02,Appliances,Romaguera-Dietrich,Celine Tumasian,Smitty Culverhouse,Mobile,22-1266257,25429.46000000002,14.350001659060208,2019,1
822,Sweden,97148.34,77806.11,2020-04-29,Books,Romaguera-Dietrich,Maxie Marrow,Tarrah Castelletti,PC,44-9978904,19342.229999999996,19.90999537408462,2020,4
823,Spain,144530.35,115407.48,2020-08-04,Other,"Swaniawski, Runolfsson and Green",Emalia Dinse,Manuel Goudie,PC,63-1220717,29122.87000000001,20.1500030962355,2020,8
824,Sweden,45261.84,37816.27,2020-11-21,Beauty,Tillman and Sons,Maxie Marrow,Madelon Bront,PC,40-0265810,7445.57,16.44999407889737,2020,11
825,Bulgaria,105277.2,90759.47,2019-11-21,Books,"Spencer, Rogahn and Muller",Charil Alpe,Shermy McGready,PC,56-6094665,14517.729999999996,13.790003913477939,2019,11
826,Denmark,65822.05,54790.27,2020-11-11,Clothing,"Keeling, Monahan and Pollich",Modestia Byfford,Case Desorts,PC,75-3776704,11031.780000000006,16.760006715074972,2020,11
827,France,78540.62,63987.04,2019-10-08,Clothing,Considine-Fisher,Othello Bowes,Crysta Halls,PC,55-1050582,14553.579999999994,18.530003964827365,2019,10
828,Italy,37636.91,30847.21,2020-03-16,Appliances,West-Cummings,Piggy Roscrigg,Joshua Prevost,Mobile,78-8602908,6789.700000000004,18.04000381540356,2020,3
829,Portugal,138127.81,115240.03,2020-05-24,Appliances,"Hamill, Kulas and Roob",Celine Tumasian,Corene Shirer,PC,30-3460885,22887.78,16.570001363230187,2020,5
830,Ireland,37892.58,30010.92,2019-01-21,Electronics,Johns and Sons,Glenine Suttaby,Palm Wetherald,PC,59-0348389,7881.6600000000035,20.800008867171364,2019,1
831,Bulgaria,65329.65,53237.13,2020-02-26,Clothing,"Christiansen, Donnelly and Bechtelar",Charil Alpe,Shermy McGready,Mobile,91-7447818,12092.520000000004,18.510002732296904,2020,2
832,France,167072.72,135044.88,2019-10-21,Clothing,O'Connell-Mitchell,Othello Bowes,Ora Grennan,PC,37-6449638,32027.839999999997,19.16999974621829,2019,10
833,France,164243.32,134121.1,2019-05-20,Smartphones,Kirlin and Sons,Othello Bowes,Amelina Piscopiello,PC,38-2806168,30122.22,18.33999702392767,2019,5
834,France,174951.18,142690.18,2019-09-18,Clothing,Tillman and Sons,Othello Bowes,Amelina Piscopiello,Mobile,09-7737652,32261.0,18.44000137638397,2019,9
835,Portugal,98521.87,84571.17,2020-01-02,Clothing,Johns and Sons,Celine Tumasian,Brynn Dempster,PC,29-1727395,13950.699999999997,14.16000325612983,2020,1
836,Portugal,69750.57,60731.82,2019-03-19,Games,Johns and Sons,Celine Tumasian,Hortense Gerring,PC,92-4695001,9018.750000000007,12.930001862350382,2019,3
837,Portugal,129022.02,104585.25,2020-06-20,Electronics,Walter LLC,Celine Tumasian,Corene Shirer,PC,51-2167412,24436.770000000004,18.93999954426384,2020,6
838,Portugal,41805.53,33352.45,2019-03-23,Appliances,"Abbott, Roberts and Torp",Celine Tumasian,Brynn Dempster,Tablet,27-7169008,8453.080000000002,20.220004386979433,2019,3
839,Finland,145809.65,123136.25,2019-07-30,Appliances,O'Connell-Mitchell,Hube Corey,Mellicent Mattys,PC,96-5231814,22673.399999999994,15.549999605650239,2019,7
840,France,29443.71,23958.35,2020-10-29,Appliances,Johns and Sons,Othello Bowes,Ora Grennan,PC,03-2027170,5485.360000000001,18.629989223504783,2020,10
841,Sweden,138443.23,115101.7,2019-06-14,Clothing,Wyman Group,Maxie Marrow,Alyosha Meah,Mobile,99-9599677,23341.530000000013,16.860001027135823,2019,6
842,UK,102000.57,87261.49,2020-03-17,Games,Franecki-White,Jessamine Apark,Genevra Charrisson,PC,22-0725785,14739.080000000002,14.449997681385508,2020,3
843,Portugal,53181.88,42316.82,2020-01-06,Smartphones,"Christiansen, Donnelly and Bechtelar",Celine Tumasian,Hortense Gerring,PC,37-6033123,10865.059999999998,20.43000360273085,2020,1
844,Portugal,99518.86,81854.26,2019-03-12,Books,"Dickinson, Hyatt and Berge",Celine Tumasian,Corene Shirer,PC,29-5158368,17664.600000000006,17.75000236136146,2019,3
845,Portugal,79288.03,68536.57,2019-07-08,Clothing,Johns and Sons,Celine Tumasian,Hortense Gerring,PC,95-4281933,10751.459999999992,13.560003950154886,2019,7
846,France,111557.68,92470.16,2020-02-15,Books,Hessel-Stiedemann,Othello Bowes,Crysta Halls,PC,61-0532585,19087.51999999999,17.110000853370195,2020,2
847,Netherlands,43008.69,34458.56,2019-07-19,Appliances,Stamm-Zulauf,Denice Amberg,Nero Harbisher,PC,99-9093075,8550.130000000005,19.880005645370748,2019,7
848,France,154936.24,135739.64,2020-06-29,Books,Friesen-Rath,Othello Bowes,Ora Grennan,PC,65-2631885,19196.599999999977,12.389999912221942,2020,6
849,Sweden,115339.49,100691.37,2019-09-03,Outdoors,"Farrell, Swaniawski and Crist",Maxie Marrow,Madelon Bront,Mobile,03-4651559,14648.12000000001,12.700004135617393,2019,9
850,France,65254.5,53919.79,2019-06-17,Games,"Rowe, Hermiston and Kessler",Othello Bowes,Maighdiln Upcraft,PC,91-6673445,11334.71,17.370005133745565,2019,6
851,Netherlands,50241.47,43443.8,2020-10-17,Books,"Schmitt, Purdy and Johnson",Denice Amberg,Nero Harbisher,Tablet,62-1501210,6797.669999999998,13.529998226564624,2020,10
852,UK,304337.49,261730.24,2019-12-04,Clothing,Wunsch LLC,Jessamine Apark,Genevra Charrisson,PC,29-0072186,42607.25,14.000000460015624,2019,12
853,Bulgaria,95960.77,76519.12,2020-10-11,Books,Hessel-Stiedemann,Charil Alpe,Bernadine Fullagar,PC,06-5115020,19441.65000000001,20.259997913730796,2020,10
854,Sweden,152522.94,122399.66,2020-04-11,Outdoors,Hane Inc,Maxie Marrow,Madelon Bront,PC,22-6046651,30123.28,19.749999573834597,2020,4
855,Sweden,63196.98,54671.71,2019-04-18,Smartphones,"Spencer, Rogahn and Muller",Maxie Marrow,Caro Morfield,PC,71-6499815,8525.270000000004,13.489995882714654,2019,4
856,Sweden,83119.87,69604.58,2019-01-29,Clothing,O'Connell-Mitchell,Maxie Marrow,Alyosha Meah,PC,81-1454737,13515.289999999994,16.259998962943513,2019,1
857,France,75483.45,60077.28,2019-12-03,Appliances,Johns and Sons,Othello Bowes,Ora Grennan,PC,26-0092767,15406.169999999998,20.409997158317484,2019,12
858,Ireland,65397.28,53920.06,2020-03-20,Outdoors,Baumbach Group,Glenine Suttaby,Bunnie Tonbridge,Mobile,74-6211038,11477.220000000001,17.549995963134858,2020,3
859,France,48890.14,41180.16,2019-05-20,Clothing,Johns and Sons,Othello Bowes,Ora Grennan,PC,85-5544928,7709.979999999996,15.770010067469627,2019,5
860,France,80839.75,63936.16,2020-05-21,Games,Goldner-Dibbert,Othello Bowes,Crysta Halls,PC,00-6227453,16903.589999999997,20.909997866148768,2020,5
861,Ireland,79375.17,64532.01,2020-02-09,Beauty,Hessel-Stiedemann,Glenine Suttaby,Bunnie Tonbridge,Mobile,70-5224180,14843.159999999996,18.700004044085823,2020,2
862,Bulgaria,158011.3,137390.83,2019-11-27,Beauty,"Jacobson, Marvin and Brown",Charil Alpe,Bernadine Fullagar,PC,40-8287610,20620.47,13.049997057172494,2019,11
863,Portugal,155766.23,131529.0,2020-05-27,Games,Romaguera-Haley,Celine Tumasian,Aurelie Wren,PC,49-7876403,24237.23000000001,15.560002960847166,2020,5
864,France,19366.75,15857.49,2020-03-28,Games,Wisoky Inc,Othello Bowes,Avrit Chanders,PC,01-6107437,3509.26,18.12002530109595,2020,3
865,France,45481.24,37317.36,2019-10-25,Smartphones,Wiza and Sons,Othello Bowes,Crysta Halls,PC,13-6163562,8163.879999999997,17.94999432733144,2019,10
866,Sweden,152747.92,130614.75,2020-05-03,Appliances,Armstrong-Little,Maxie Marrow,Anita Woakes,PC,41-0722740,22133.170000000013,14.489997637938384,2020,5
867,Sweden,255216.0,211446.46,2019-12-28,Clothing,"Jacobson, Marvin and Brown",Maxie Marrow,Tarrah Castelletti,PC,65-4008552,43769.54000000001,17.149998432700148,2019,12
868,Portugal,154858.0,135376.86,2020-07-22,Games,"Dickinson, Hyatt and Berge",Celine Tumasian,Smitty Culverhouse,PC,72-4825752,19481.140000000014,12.580002324710387,2020,7
869,France,250488.42,214142.55,2020-06-13,Appliances,Goldner-Dibbert,Othello Bowes,Amelina Piscopiello,PC,18-2580592,36345.870000000024,14.510000102998783,2020,6
870,Sweden,115151.22,91430.07,2020-10-25,Appliances,"Farrell, Swaniawski and Crist",Maxie Marrow,Madelon Bront,PC,14-1283254,23721.149999999994,20.599998853681267,2020,10
871,Sweden,57347.48,50041.41,2020-08-12,Beauty,Johns and Sons,Maxie Marrow,Madelon Bront,PC,79-4826735,7306.07,12.74000182745606,2020,8
872,Portugal,74790.02,64992.53,2020-06-19,Beauty,Corwin and Sons,Celine Tumasian,Corene Shirer,PC,82-2840501,9797.490000000005,13.099996496858813,2020,6
873,France,72749.07,59108.62,2019-01-20,Smartphones,Johns and Sons,Othello Bowes,Amelina Piscopiello,PC,19-0320558,13640.450000000004,18.749999140882494,2019,1
874,Bulgaria,128235.65,103024.52,2020-09-20,Books,"Dickinson, Hyatt and Berge",Charil Alpe,Shermy McGready,PC,57-0945292,25211.12999999999,19.660000943575355,2020,9
875,Sweden,79088.7,67415.21,2020-05-24,Beauty,McGlynn-Prosacco,Maxie Marrow,Tarrah Castelletti,PC,01-6573793,11673.48999999999,14.759997319465349,2020,5
876,UK,124537.47,105881.76,2019-09-24,Clothing,Hilll-Vandervort,Jessamine Apark,Winny Agnolo,PC,63-0694419,18655.710000000006,14.97999758626862,2019,9
877,Sweden,161192.45,135965.83,2019-07-04,Clothing,Wisoky Inc,Maxie Marrow,Tarrah Castelletti,PC,24-2442637,25226.620000000024,15.650000977092922,2019,7
878,France,109697.86,89853.52,2019-07-24,Beauty,Considine-Fisher,Othello Bowes,Crysta Halls,PC,04-8899739,19844.339999999997,18.089997380076507,2019,7
879,France,57276.26,49223.22,2020-04-04,Appliances,Johns and Sons,Othello Bowes,Amelina Piscopiello,PC,48-2932903,8053.040000000001,14.059996235787741,2020,4
880,Netherlands,149956.93,130087.64,2020-10-08,Games,"Spencer, Rogahn and Muller",Denice Amberg,Nero Harbisher,PC,66-0265458,19869.289999999994,13.249997849382483,2020,10
881,Italy,127075.41,110924.13,2019-09-24,Clothing,Labadie and Sons,Piggy Roscrigg,Joshua Prevost,PC,57-6602854,16151.279999999999,12.709996371445897,2019,9
882,Sweden,28755.32,23938.8,2019-10-10,Books,"Murray, Reichel and Nolan",Maxie Marrow,Madelon Bront,PC,47-6702070,4816.52,16.750013562707704,2019,10
883,Portugal,178027.46,144985.56,2020-01-04,Appliances,Wisoky Inc,Celine Tumasian,Corene Shirer,PC,99-9215178,33041.899999999994,18.560001923298795,2020,1
884,Bulgaria,152231.86,122303.08,2019-05-08,Smartphones,Smith Group,Charil Alpe,Shermy McGready,PC,39-5953116,29928.779999999984,19.659997585262367,2019,5
885,Sweden,53957.42,46905.19,2019-05-25,Smartphones,Johns and Sons,Maxie Marrow,Caro Morfield,PC,71-3278650,7052.229999999996,13.069991115216398,2019,5
886,Portugal,80474.78,66568.74,2019-05-22,Clothing,"Farrell, Swaniawski and Crist",Celine Tumasian,Hortense Gerring,PC,38-6891011,13906.039999999994,17.279997534631338,2019,5
887,Bulgaria,145439.65,123710.97,2020-10-03,Smartphones,Friesen and Sons,Charil Alpe,Bernadine Fullagar,PC,06-5566367,21728.679999999993,14.93999744911377,2020,10
888,France,84035.82,71329.6,2020-10-27,Books,Johns and Sons,Othello Bowes,Maighdiln Upcraft,Tablet,30-9025281,12706.220000000001,15.120004778914515,2020,10
889,Spain,68288.68,56754.72,2020-09-27,Beauty,Johns and Sons,Emalia Dinse,Bertha Walbrook,PC,80-4161102,11533.959999999992,16.890002852595764,2020,9
890,Sweden,100578.6,83208.68,2019-01-14,Electronics,Labadie and Sons,Maxie Marrow,Caro Morfield,PC,96-1388247,17369.920000000013,17.26999580427647,2019,1
891,France,94925.0,77572.71,2019-09-30,Accessories,Schoen-Keeling,Othello Bowes,Avrit Chanders,Mobile,21-2097342,17352.289999999994,18.279999999999994,2019,9
892,France,105464.41,84761.75,2019-08-27,Books,"Schmitt, Purdy and Johnson",Othello Bowes,Avrit Chanders,PC,30-4045249,20702.660000000003,19.62999650782667,2019,8
893,France,155827.3,126360.36,2019-04-30,Appliances,Hilll-Vandervort,Othello Bowes,Avrit Chanders,Tablet,31-9806848,29466.939999999988,18.90999844058133,2019,4
894,Portugal,90994.31,72540.66,2020-05-09,Electronics,"Zieme, Bailey and Herzog",Celine Tumasian,Brynn Dempster,PC,09-7835975,18453.649999999994,20.280004321149306,2020,5
895,Portugal,32779.67,26800.66,2020-03-22,Outdoors,Kihn Inc,Celine Tumasian,Aurelie Wren,PC,16-9758497,5979.009999999998,18.2399944843862,2020,3
896,Bulgaria,40187.99,32508.07,2020-05-22,Games,Friesen-Rath,Charil Alpe,Shermy McGready,PC,54-1058965,7679.919999999998,19.109987834673987,2020,5
897,UK,91842.59,73979.21,2019-03-29,Games,Marquardt-Kuvalis,Jessamine Apark,Genevra Charrisson,PC,84-0565956,17863.37999999999,19.449995911482887,2019,3
898,Portugal,38494.71,33113.15,2019-02-04,Games,Wisoky Inc,Celine Tumasian,Hortense Gerring,PC,85-6263705,5381.559999999998,13.979998810226126,2019,2
899,France,86050.61,75569.65,2020-09-03,Clothing,McClure Inc,Othello Bowes,Crysta Halls,PC,46-4560578,10480.960000000006,12.179995005264932,2020,9
900,Sweden,36749.51,30101.52,2020-10-15,Games,Hilll-Vandervort,Maxie Marrow,Madelon Bront,PC,08-5093310,6647.990000000002,18.090009907615098,2020,10
901,Finland,194531.02,158970.75,2019-07-09,Clothing,"Farrell, Swaniawski and Crist",Hube Corey,Mellicent Mattys,Tablet,21-8525376,35560.26999999999,18.27999976559008,2019,7
902,France,106730.16,89503.91,2020-07-30,Beauty,"Farrell, Swaniawski and Crist",Othello Bowes,Ora Grennan,PC,60-0406937,17226.25,16.14000203878641,2020,7
903,Germany,30177.8,23924.96,2020-10-06,Electronics,"Leffler, Prohaska and Streich",Rickard Doogood,Casie MacBain,Mobile,61-4937643,6252.84,20.719999469808933,2020,10
904,Portugal,93902.04,80793.31,2020-03-01,Clothing,Tillman and Sons,Celine Tumasian,Aurelie Wren,PC,94-3251589,13108.729999999996,13.9600055547249,2020,3
905,Germany,250483.63,217269.5,2020-07-03,Accessories,Considine-Fisher,Rickard Doogood,Casie MacBain,Mobile,48-2124998,33214.130000000005,13.26000026428873,2020,7
906,Sweden,162142.74,136037.76,2019-01-29,Clothing,Kirlin and Sons,Maxie Marrow,Alyosha Meah,PC,19-1017922,26104.97999999998,16.099999296915783,2019,1
907,Denmark,47516.54,38987.32,2020-01-09,Books,Johns and Sons,Modestia Byfford,Cobby Andersen,PC,51-1141675,8529.220000000001,17.950002251847465,2020,1
908,Germany,163546.81,133307.0,2019-05-07,Electronics,"Lueilwitz, Kerluke and Lesch",Rickard Doogood,Casie MacBain,PC,94-2134593,30239.809999999998,18.49000295389436,2019,5
909,France,35437.89,30412.8,2020-02-03,Clothing,Homenick-Marvin,Othello Bowes,Ora Grennan,PC,82-0616982,5025.09,14.17999209320871,2020,2
910,Belgium,122889.28,103042.66,2020-11-27,Smartphones,Labadie and Sons,Lambert Norheny,Collin Mackness,PC,22-5761330,19846.619999999995,16.150001041588002,2020,11
911,Luxembourg,26490.47,21168.53,2019-11-04,Appliances,Hessel-Stiedemann,Ilsa Kob,Jocelyn Laurentino,PC,62-1694462,5321.940000000002,20.09001727791165,2019,11
912,UK,173722.59,148063.76,2019-04-09,Games,"Schowalter, Lesch and Beahan",Jessamine Apark,Jay Morefield,PC,66-2612057,25658.829999999987,14.770001989954206,2019,4
913,France,76543.36,65819.64,2019-03-21,Accessories,"Hermiston, Simonis and Wisoky",Othello Bowes,Ora Grennan,PC,01-7655863,10723.720000000001,14.009993812657298,2019,3
914,Sweden,69626.39,57295.56,2019-06-15,Electronics,"Hamill, Kulas and Roob",Maxie Marrow,Madelon Bront,PC,06-2196763,12330.830000000002,17.70999473044632,2019,6
915,France,249915.21,215326.95,2020-12-15,Appliances,Armstrong-Little,Othello Bowes,Crysta Halls,PC,84-4465649,34588.25999999998,13.839997973712755,2020,12
916,Portugal,55790.71,48783.4,2020-10-08,Appliances,Johns and Sons,Celine Tumasian,Corene Shirer,PC,63-6767584,7007.309999999998,12.55999430729596,2020,10
917,Netherlands,77896.83,62714.74,2020-03-13,Clothing,Dibbert Inc,Denice Amberg,Nero Harbisher,PC,75-7443241,15182.090000000004,19.4899972181153,2020,3
918,Portugal,104391.93,86770.57,2020-01-04,Beauty,"Murray, Reichel and Nolan",Celine Tumasian,Brynn Dempster,PC,34-8182639,17621.359999999986,16.88000212276944,2020,1
919,Portugal,57115.99,48976.96,2019-03-27,Books,"Lind, Mueller and Stoltenberg",Celine Tumasian,Aurelie Wren,Mobile,53-3803984,8139.029999999999,14.25000249492305,2019,3
920,France,74685.85,59166.13,2020-05-23,Games,"Lubowitz, McLaughlin and Erdman",Othello Bowes,Avrit Chanders,PC,68-0176456,15519.720000000008,20.780000495408444,2020,5
921,France,74103.82,64811.2,2020-01-02,Appliances,Johns and Sons,Othello Bowes,Ora Grennan,PC,63-7370049,9292.62000000001,12.540001311673283,2020,1
922,France,176190.16,142273.55,2019-09-02,Appliances,Johns and Sons,Othello Bowes,Maighdiln Upcraft,PC,03-3461826,33916.610000000015,19.250002383788072,2019,9
923,Sweden,185778.3,154734.75,2020-06-25,Electronics,"Jacobson, Marvin and Brown",Maxie Marrow,Tarrah Castelletti,PC,76-5888381,31043.54999999999,16.70999788457532,2020,6
924,France,212521.26,172014.71,2019-06-20,Books,Johns and Sons,Othello Bowes,Crysta Halls,PC,43-7357498,40506.55000000002,19.059998985513268,2019,6
925,France,40148.49,31954.18,2019-02-02,Electronics,Hane Inc,Othello Bowes,Amelina Piscopiello,PC,88-8981595,8194.309999999998,20.41000794799505,2019,2
926,Portugal,157942.65,136620.39,2020-06-23,Electronics,Hessel-Stiedemann,Celine Tumasian,Brynn Dempster,PC,95-6123269,21322.25999999998,13.500001424567703,2020,6
927,Netherlands,172453.1,145688.38,2020-06-24,Outdoors,Kirlin and Sons,Denice Amberg,Nero Harbisher,PC,60-6986682,26764.72,15.51999935054806,2020,6
928,France,203604.46,175344.16,2019-06-26,Electronics,Kirlin and Sons,Othello Bowes,Crysta Halls,Mobile,29-5478106,28260.29999999999,13.88000046757325,2019,6
929,Sweden,251587.2,201848.41,2019-06-14,Smartphones,"Schowalter, Lesch and Beahan",Maxie Marrow,Alyosha Meah,Mobile,49-2256360,49738.79000000001,19.77000022258684,2019,6
930,Sweden,19930.04,16543.93,2019-03-09,Smartphones,Johns and Sons,Maxie Marrow,Anita Woakes,Tablet,59-2480731,3386.1100000000006,16.989980953374907,2019,3
931,Bulgaria,149372.32,130611.16,2020-12-20,Electronics,"Abbott, Roberts and Torp",Charil Alpe,Shermy McGready,Mobile,63-6848448,18761.160000000003,12.55999772916428,2020,12
932,Sweden,25907.52,22454.05,2019-02-19,Books,"Farrell, Swaniawski and Crist",Maxie Marrow,Alyosha Meah,PC,14-5110197,3453.470000000001,13.329990674522305,2019,2
933,Portugal,64762.89,54238.92,2019-02-06,Electronics,Schoen-Keeling,Celine Tumasian,Hortense Gerring,PC,42-2646312,10523.970000000001,16.250000579035312,2019,2
934,Finland,65211.07,56883.62,2020-10-28,Games,Hilll-Vandervort,Hube Corey,Mellicent Mattys,PC,60-8083173,8327.449999999997,12.769994419659112,2020,10
935,Spain,42475.6,35802.68,2019-02-13,Books,Johns and Sons,Emalia Dinse,Perri Aldersley,PC,76-1827989,6672.919999999998,15.710007627908725,2019,2
936,Portugal,172340.86,136562.9,2020-04-09,Beauty,Tromp LLC,Celine Tumasian,Hortense Gerring,PC,36-4321653,35777.95999999999,20.759998528497533,2020,4
937,Ireland,165709.19,138102.04,2020-10-09,Smartphones,Considine-Fisher,Glenine Suttaby,Bunnie Tonbridge,PC,18-7046062,27607.149999999994,16.659999363945953,2020,10
938,Italy,118409.59,96030.18,2020-10-06,Games,"Bashirian, Okuneva and Bechtelar",Piggy Roscrigg,Joshua Prevost,PC,73-4380400,22379.410000000003,18.899997880239265,2020,10
939,France,58416.11,48076.46,2020-05-16,Appliances,Stehr LLC,Othello Bowes,Maighdiln Upcraft,PC,47-5051773,10339.650000000001,17.699997483570886,2020,5
940,France,78629.19,63359.4,2019-02-21,Appliances,Johns and Sons,Othello Bowes,Amelina Piscopiello,Mobile,92-3687989,15269.79,19.4200016558736,2019,2
941,Sweden,64842.92,56439.28,2019-09-29,Appliances,Larkin-Collier,Maxie Marrow,Alyosha Meah,Mobile,60-9753536,8403.64,12.959996249397776,2019,9
942,Belgium,76183.74,61617.41,2019-06-03,Clothing,"Hermiston, Simonis and Wisoky",Lambert Norheny,Collin Mackness,Mobile,39-5658730,14566.330000000002,19.119998571873737,2019,6
943,Sweden,131839.16,115372.45,2020-04-27,Books,McGlynn-Prosacco,Maxie Marrow,Madelon Bront,PC,73-8632957,16466.710000000006,12.489999177786029,2020,4
944,Portugal,147092.62,117806.48,2020-10-31,Clothing,"Fisher, Morar and Skiles",Celine Tumasian,Hortense Gerring,PC,16-0987104,29286.14,19.909999563540307,2020,10
945,Finland,62011.86,49324.23,2019-01-17,Beauty,Johns and Sons,Hube Corey,Mellicent Mattys,Tablet,76-0164425,12687.629999999997,20.460005553776323,2019,1
946,Portugal,56763.04,47663.92,2019-08-11,Smartphones,Kirlin and Sons,Celine Tumasian,Aurelie Wren,Mobile,87-7908481,9099.120000000003,16.03000825889523,2019,8
947,Portugal,78057.96,67161.07,2020-11-29,Beauty,"Swaniawski, Runolfsson and Green",Celine Tumasian,Hortense Gerring,Tablet,30-7149594,10896.89,13.959998442183217,2020,11
948,UK,96358.45,80700.2,2019-06-12,Outdoors,Stamm-Zulauf,Jessamine Apark,Genevra Charrisson,PC,75-7848944,15658.25,16.250001945859445,2019,6
949,France,40535.64,35480.85,2019-01-13,Electronics,Kihn Inc,Othello Bowes,Crysta Halls,PC,72-2796883,5054.790000000001,12.469989372315329,2019,1
950,France,96795.99,81395.75,2019-06-21,Appliances,Connelly-Mohr,Othello Bowes,Avrit Chanders,PC,32-3124563,15400.240000000005,15.909997924500802,2019,6
951,Portugal,122035.93,97897.22,2020-06-21,Accessories,Larkin-Collier,Celine Tumasian,Aurelie Wren,PC,83-7592334,24138.709999999992,19.780002495986217,2020,6
952,Sweden,89502.53,72488.1,2020-10-31,Clothing,Gleichner-Green,Maxie Marrow,Tarrah Castelletti,PC,61-3721294,17014.429999999993,19.00999893522562,2020,10
953,Portugal,223233.32,179100.09,2019-06-28,Games,Romaguera-Dietrich,Celine Tumasian,Corene Shirer,PC,43-8355995,44133.23000000001,19.77000118082731,2019,6
954,Finland,33190.03,28397.39,2020-08-18,Electronics,Homenick-Marvin,Hube Corey,Wat Bowkley,Tablet,49-2458036,4792.639999999999,14.439998999699608,2020,8
955,Portugal,82357.57,65474.27,2019-02-19,Books,Kihn Inc,Celine Tumasian,Aurelie Wren,PC,13-9607758,16883.30000000001,20.499997753697695,2019,2
956,Ireland,46857.77,39116.87,2020-06-19,Games,Johns and Sons,Glenine Suttaby,Palm Wetherald,Mobile,61-0888460,7740.899999999994,16.519992308639516,2020,6
957,UK,178560.1,150383.32,2020-07-02,Books,O'Connell-Mitchell,Jessamine Apark,Winny Agnolo,Mobile,25-2616039,28176.78,15.7799978830657,2020,7
958,Sweden,173944.47,139729.59,2020-09-11,Books,Johns and Sons,Maxie Marrow,Madelon Bront,PC,46-2962443,34214.880000000005,19.670001581539214,2020,9
959,UK,176662.26,146859.34,2020-06-28,Electronics,Friesen-Rath,Jessamine Apark,Genevra Charrisson,PC,44-9908550,29802.920000000013,16.869998153538855,2020,6
960,France,133754.65,106147.69,2020-09-18,Games,Armstrong-Little,Othello Bowes,Ora Grennan,PC,52-3150154,27606.959999999992,20.64000017943301,2020,9
961,Bulgaria,159294.28,130605.38,2020-08-09,Clothing,"Hamill, Kulas and Roob",Charil Alpe,Shermy McGready,PC,37-9761957,28688.899999999994,18.010000107976254,2020,8
962,France,123562.02,102927.16,2020-04-22,Clothing,McGlynn-Bergstrom,Othello Bowes,Amelina Piscopiello,PC,67-6072579,20634.86,16.700002152765066,2020,4
963,France,33013.08,26743.9,2020-11-28,Electronics,Romaguera-Dietrich,Othello Bowes,Amelina Piscopiello,PC,89-0300778,6269.18,18.98998821073344,2020,11
964,Portugal,105340.85,87285.43,2020-08-18,Books,"Farrell, Swaniawski and Crist",Celine Tumasian,Brynn Dempster,PC,80-1894360,18055.420000000013,17.139998395684117,2020,8
965,Spain,127143.54,105033.28,2019-10-03,Electronics,"Murray, Reichel and Nolan",Emalia Dinse,Bertha Walbrook,PC,58-2235320,22110.259999999995,17.38999873686071,2019,10
966,Portugal,56570.64,46993.23,2020-10-05,Books,Stamm Inc,Celine Tumasian,Smitty Culverhouse,PC,68-9875936,9577.409999999996,16.930001145470506,2020,10
967,France,75522.66,60448.34,2019-03-13,Smartphones,Corwin and Sons,Othello Bowes,Crysta Halls,PC,75-8968627,15074.320000000007,19.959996112425074,2019,3
968,Portugal,87085.71,76548.34,2020-08-27,Outdoors,West-Cummings,Celine Tumasian,Smitty Culverhouse,PC,86-9456489,10537.37000000001,12.099998955052452,2020,8
969,UK,290010.79,234444.72,2019-12-25,Smartphones,Smith Group,Jessamine Apark,Genevra Charrisson,PC,02-1124101,55566.06999999998,19.160000908931693,2019,12
970,Luxembourg,256603.66,209799.15,2019-07-27,Smartphones,O'Connell-Mitchell,Ilsa Kob,Jocelyn Laurentino,Tablet,85-9787047,46804.51000000001,18.240000941529832,2019,7
971,UK,126074.62,100027.6,2020-11-07,Books,Gislason-Stanton,Jessamine Apark,Winny Agnolo,PC,60-7663173,26047.01999999999,20.660002782479133,2020,11
972,Sweden,94085.5,77498.23,2020-01-19,Electronics,"Zieme, Bailey and Herzog",Maxie Marrow,Caro Morfield,PC,34-1570975,16587.270000000004,17.62999612054993,2020,1
973,Portugal,159216.47,137419.74,2020-06-26,Games,Johns and Sons,Celine Tumasian,Smitty Culverhouse,PC,57-9765345,21796.73000000001,13.689997021036838,2020,6
974,Portugal,74958.46,65806.03,2020-08-05,Electronics,Hessel-Stiedemann,Celine Tumasian,Smitty Culverhouse,PC,31-8846200,9152.430000000008,12.210002713502927,2020,8
975,Sweden,83897.88,69559.73,2019-03-18,Appliances,Franecki-White,Maxie Marrow,Anita Woakes,Mobile,48-6452102,14338.150000000009,17.090002750963443,2019,3
976,Sweden,133055.04,105366.29,2019-11-10,Books,Hegmann Group,Maxie Marrow,Tarrah Castelletti,PC,85-9541179,27688.750000000015,20.8099971260014,2019,11
977,Sweden,94115.99,75669.26,2019-09-16,Appliances,"Swaniawski, Runolfsson and Green",Maxie Marrow,Tarrah Castelletti,PC,93-2085046,18446.73000000001,19.599995707424434,2019,9
978,Finland,125851.79,103777.39,2020-11-15,Games,Wunsch LLC,Hube Corey,Mellicent Mattys,PC,03-6962760,22074.399999999994,17.53999684867414,2020,11
979,Netherlands,60917.85,52736.58,2019-02-17,Smartphones,Smith Group,Denice Amberg,Nero Harbisher,PC,15-3241183,8181.269999999997,13.430004506068412,2019,2
980,France,101318.72,86657.9,2019-04-13,Games,Hilll-Vandervort,Othello Bowes,Maighdiln Upcraft,PC,54-5705354,14660.820000000007,14.470001200173085,2019,4
981,Portugal,131610.37,106406.98,2020-04-30,Beauty,O'Connell-Mitchell,Celine Tumasian,Corene Shirer,PC,29-1888759,25203.39,19.150003149447876,2020,4
982,France,235042.75,187446.59,2019-12-25,Books,"Christiansen, Donnelly and Bechtelar",Othello Bowes,Maighdiln Upcraft,PC,12-3815754,47596.16,20.250001329545373,2019,12
983,Ireland,58921.31,51715.23,2020-12-13,Games,Johns and Sons,Glenine Suttaby,Bunnie Tonbridge,PC,30-4823900,7206.0799999999945,12.230006427216223,2020,12
984,Portugal,101846.87,88066.99,2019-01-07,Clothing,Corwin and Sons,Celine Tumasian,Aurelie Wren,PC,72-9074281,13779.87999999999,13.529998516400152,2019,1
985,France,95307.21,78533.14,2020-03-26,Books,Armstrong-Little,Othello Bowes,Amelina Piscopiello,PC,52-0213558,16774.070000000007,17.60000109120811,2020,3
986,France,232217.05,191439.74,2019-06-20,Beauty,Hessel-Stiedemann,Othello Bowes,Maighdiln Upcraft,Mobile,19-6334792,40777.31,17.559998286086227,2019,6
987,Portugal,75912.59,60145.55,2019-10-14,Outdoors,Wisoky Inc,Celine Tumasian,Corene Shirer,Mobile,35-4712641,15767.039999999994,20.769993488563614,2019,10
988,Portugal,57367.93,46255.76,2019-10-28,Clothing,Friesen-Rath,Celine Tumasian,Aurelie Wren,Mobile,03-3542738,11112.169999999998,19.370003414799868,2019,10
989,Portugal,158240.24,136561.33,2020-11-23,Books,Hessel-Stiedemann,Celine Tumasian,Brynn Dempster,PC,81-9457605,21678.910000000003,13.699998179982542,2020,11
990,Portugal,97291.62,76899.3,2020-01-02,Clothing,Johns and Sons,Celine Tumasian,Hortense Gerring,PC,63-0813030,20392.319999999992,20.959996349120296,2020,1
991,Portugal,83904.32,69011.3,2020-06-07,Games,"Hartmann, Hane and Pfannerstill",Celine Tumasian,Corene Shirer,PC,00-7326184,14893.020000000004,17.75000381386799,2020,6
992,UK,133696.86,109310.55,2020-01-27,Books,Hilll-Vandervort,Jessamine Apark,Winny Agnolo,PC,22-0156233,24386.309999999983,18.240002046420525,2020,1
993,UK,146076.81,123230.4,2019-07-27,Appliances,Johns and Sons,Jessamine Apark,Genevra Charrisson,PC,94-0623186,22846.410000000003,15.63999788878194,2019,7
994,France,56118.05,47711.57,2020-03-02,Beauty,Altenwerth-Konopelski,Othello Bowes,Amelina Piscopiello,PC,08-0446109,8406.480000000003,14.97999306818395,2020,3
995,France,46296.26,40319.41,2020-05-15,Games,Wisoky Inc,Othello Bowes,Amelina Piscopiello,Tablet,77-3489084,5976.8499999999985,12.910006121444795,2020,5
996,Belgium,118061.05,101131.1,2020-07-02,Appliances,Johns and Sons,Lambert Norheny,Collin Mackness,Mobile,59-2117058,16929.949999999997,14.33999612912133,2020,7
997,Finland,74480.56,60023.88,2020-03-06,Clothing,Homenick-Marvin,Hube Corey,Wat Bowkley,PC,31-1849120,14456.68,19.410004436056873,2020,3
998,Spain,87205.01,69171.01,2020-06-18,Games,Johns and Sons,Emalia Dinse,Manuel Goudie,Tablet,45-3085595,18034.0,20.680004508915257,2020,6
999,Portugal,107716.72,86679.64,2020-01-18,Accessories,"Jacobson, Marvin and Brown",Celine Tumasian,Brynn Dempster,Mobile,61-3294149,21037.08,19.530004255606745,2020,1
